#pragma once

const unsigned char AgencyFB_Bold_data[] = {
0x00, 0x01, 0x00, 0x00, 0x00, 0x0F, 0x00, 0x80, 0x00, 0x03, 0x00, 0x70, 
0x44, 0x53, 0x49, 0x47, 0xBB, 0xF5, 0xB7, 0xFB, 0x00, 0x00, 0xA7, 0x48, 
0x00, 0x00, 0x1A, 0x90, 0x4F, 0x53, 0x2F, 0x32, 0x6B, 0xB4, 0x88, 0x1D, 
0x00, 0x00, 0x01, 0x78, 0x00, 0x00, 0x00, 0x56, 0x63, 0x6D, 0x61, 0x70, 
0x3F, 0x67, 0xEE, 0x87, 0x00, 0x00, 0x06, 0x8C, 0x00, 0x00, 0x03, 0x84, 
0x63, 0x76, 0x74, 0x20, 0x4A, 0xAF, 0x29, 0x7C, 0x00, 0x00, 0x13, 0xF0, 
0x00, 0x00, 0x01, 0xAA, 0x66, 0x70, 0x67, 0x6D, 0xD2, 0x7E, 0xA5, 0xAA, 
0x00, 0x00, 0x0A, 0x10, 0x00, 0x00, 0x05, 0x75, 0x67, 0x61, 0x73, 0x70, 
0x00, 0x17, 0x00, 0x09, 0x00, 0x00, 0xA7, 0x38, 0x00, 0x00, 0x00, 0x10, 
0x67, 0x6C, 0x79, 0x66, 0x74, 0xA1, 0x8C, 0x5A, 0x00, 0x00, 0x17, 0xFC, 
0x00, 0x00, 0x81, 0xD8, 0x68, 0x65, 0x61, 0x64, 0xDE, 0x02, 0xD3, 0x38, 
0x00, 0x00, 0x00, 0xFC, 0x00, 0x00, 0x00, 0x36, 0x68, 0x68, 0x65, 0x61, 
0x0E, 0x22, 0x05, 0xF2, 0x00, 0x00, 0x01, 0x34, 0x00, 0x00, 0x00, 0x24, 
0x68, 0x6D, 0x74, 0x78, 0xD3, 0x73, 0x53, 0x41, 0x00, 0x00, 0x01, 0xD0, 
0x00, 0x00, 0x04, 0xBC, 0x6C, 0x6F, 0x63, 0x61, 0xDA, 0xA0, 0xFC, 0x18, 
0x00, 0x00, 0x15, 0x9C, 0x00, 0x00, 0x02, 0x60, 0x6D, 0x61, 0x78, 0x70, 
0x04, 0xA2, 0x06, 0x26, 0x00, 0x00, 0x01, 0x58, 0x00, 0x00, 0x00, 0x20, 
0x6E, 0x61, 0x6D, 0x65, 0x41, 0x3C, 0x5C, 0xFD, 0x00, 0x00, 0x99, 0xD4, 
0x00, 0x00, 0x0A, 0xD1, 0x70, 0x6F, 0x73, 0x74, 0x84, 0x64, 0xCD, 0xAE, 
0x00, 0x00, 0xA4, 0xA8, 0x00, 0x00, 0x02, 0x90, 0x70, 0x72, 0x65, 0x70, 
0x72, 0x75, 0x40, 0xC3, 0x00, 0x00, 0x0F, 0x88, 0x00, 0x00, 0x04, 0x68, 
0x00, 0x01, 0x00, 0x00, 0x00, 0x01, 0x00, 0x00, 0x1F, 0xAD, 0xB0, 0x61, 
0x5F, 0x0F, 0x3C, 0xF5, 0x00, 0x1A, 0x08, 0x00, 0x00, 0x00, 0x00, 0x00, 
0xB0, 0xB5, 0x7A, 0x2E, 0x00, 0x00, 0x00, 0x00, 0xC7, 0xF9, 0x0D, 0xAC, 
0xFE, 0xBA, 0xFE, 0x66, 0x07, 0x6B, 0x07, 0xFA, 0x00, 0x01, 0x00, 0x09, 
0x00, 0x02, 0x00, 0x00, 0x00, 0x00, 0x00, 0x00, 0x00, 0x01, 0x00, 0x00, 
0x07, 0xFA, 0xFE, 0x66, 0x00, 0x00, 0x07, 0xA0, 0xFE, 0xBA, 0xFE, 0xBC, 
0x07, 0x6B, 0x00, 0x01, 0x00, 0x00, 0x00, 0x00, 0x00, 0x00, 0x00, 0x00, 
0x00, 0x00, 0x00, 0x00, 0x00, 0x00, 0x01, 0x2F, 0x00, 0x01, 0x00, 0x00, 
0x01, 0x2F, 0x00, 0x36, 0x00, 0x07, 0x00, 0x37, 0x00, 0x04, 0x00, 0x02, 
0x00, 0x10, 0x00, 0x40, 0x00, 0x52, 0x00, 0x00, 0x03, 0x02, 0x05, 0x75, 
0x00, 0x03, 0x00, 0x02, 0x00, 0x01, 0x02, 0xBC, 0x02, 0xBC, 0x00, 0x03, 
0x00, 0x08, 0x05, 0x9A, 0x05, 0x33, 0x00, 0x00, 0x01, 0x25, 0x05, 0x9A, 
0x05, 0x33, 0x00, 0x00, 0x03, 0xA0, 0x00, 0x78, 0x02, 0x12, 0x08, 0x00, 
0x02, 0x0B, 0x08, 0x04, 0x02, 0x02, 0x02, 0x02, 0x02, 0x04, 0x00, 0x00, 
0x00, 0x03, 0x00, 0x00, 0x00, 0x00, 0x00, 0x00, 0x00, 0x00, 0x00, 0x00, 
0x00, 0x00, 0x46, 0x42, 0x49, 0x20, 0x00, 0x20, 0x00, 0x20, 0xFB, 0x02, 
0x06, 0x1D, 0xFE, 0x8F, 0x00, 0xA4, 0x07, 0xB9, 0x01, 0x9A, 0x20, 0x00, 
0x00, 0x01, 0x00, 0x00, 0x00, 0x00, 0x00, 0x00, 0x04, 0x00, 0x00, 0x80, 
0x00, 0x00, 0x00, 0x00, 0x01, 0xA6, 0x00, 0x00, 0x01, 0xA6, 0x00, 0x00, 
0x01, 0xB6, 0x00, 0x5E, 0x02, 0xC3, 0x00, 0x4A, 0x04, 0x56, 0x00, 0x2F, 
0x03, 0xA8, 0x00, 0x5A, 0x05, 0x3F, 0x00, 0x2B, 0x03, 0xE7, 0x00, 0x5A, 
0x01, 0x79, 0x00, 0x4A, 0x02, 0x6F, 0x00, 0x54, 0x02, 0x6F, 0x00, 0x35, 
0x03, 0xAA, 0x00, 0x4E, 0x03, 0xCB, 0x00, 0x4A, 0x01, 0x79, 0x00, 0x37, 
0x02, 0x77, 0x00, 0x4C, 0x01, 0x79, 0x00, 0x4C, 0x03, 0x8D, 0x00, 0x27, 
0x03, 0xBC, 0x00, 0x5E, 0x01, 0xE1, 0x00, 0x39, 0x03, 0x87, 0x00, 0x44, 
0x03, 0xAE, 0x00, 0x5E, 0x03, 0xA4, 0x00, 0x23, 0x03, 0xA2, 0x00, 0x5C, 
0x03, 0xB0, 0x00, 0x5E, 0x03, 0x73, 0x00, 0x3B, 0x03, 0xC1, 0x00, 0x5C, 
0x03, 0xB0, 0x00, 0x5A, 0x01, 0x79, 0x00, 0x4C, 0x01, 0x79, 0x00, 0x2F, 
0x02, 0xE9, 0x00, 0x42, 0x03, 0xBC, 0x00, 0x50, 0x02, 0xE9, 0x00, 0x56, 
0x03, 0x64, 0x00, 0x4A, 0x04, 0xAA, 0x00, 0x5C, 0x03, 0x9C, 0x00, 0x25, 
0x03, 0xB8, 0x00, 0x5E, 0x03, 0xBA, 0x00, 0x5E, 0x03, 0xC1, 0x00, 0x5E, 
0x03, 0x29, 0x00, 0x5E, 0x03, 0x04, 0x00, 0x5E, 0x03, 0xC1, 0x00, 0x5E, 
0x03, 0xCD, 0x00, 0x5E, 0x01, 0xAE, 0x00, 0x62, 0x03, 0x79, 0x00, 0x44, 
0x03, 0x73, 0x00, 0x5E, 0x02, 0xF2, 0x00, 0x5E, 0x04, 0x6D, 0x00, 0x5E, 
0x03, 0xD5, 0x00, 0x5E, 0x03, 0xD1, 0x00, 0x5E, 0x03, 0x9A, 0x00, 0x5E, 
0x03, 0xF0, 0x00, 0x5E, 0x03, 0xB0, 0x00, 0x5E, 0x03, 0xA8, 0x00, 0x5A, 
0x03, 0x1F, 0x00, 0x19, 0x03, 0xCB, 0x00, 0x5E, 0x03, 0x8F, 0x00, 0x29, 
0x05, 0x06, 0x00, 0x25, 0x03, 0x85, 0x00, 0x1B, 0x03, 0x8B, 0x00, 0x1A, 
0x03, 0x1F, 0x00, 0x27, 0x02, 0x5A, 0x00, 0x5E, 0x03, 0x8D, 0x00, 0x27, 
0x02, 0x5A, 0x00, 0x48, 0x03, 0x56, 0x00, 0x4E, 0x03, 0x29, 0x00, 0x00, 
0x03, 0x44, 0x00, 0xE7, 0x03, 0x2F, 0x00, 0x4E, 0x03, 0x46, 0x00, 0x52, 
0x03, 0x31, 0x00, 0x52, 0x03, 0x44, 0x00, 0x50, 0x03, 0x33, 0x00, 0x52, 
0x02, 0x10, 0x00, 0x1B, 0x03, 0x44, 0x00, 0x50, 0x03, 0x46, 0x00, 0x52, 
0x01, 0x91, 0x00, 0x56, 0x01, 0x91, 0xFF, 0xC7, 0x03, 0x04, 0x00, 0x52, 
0x01, 0x91, 0x00, 0x58, 0x04, 0xFE, 0x00, 0x52, 0x03, 0x46, 0x00, 0x52, 
0x03, 0x3F, 0x00, 0x52, 0x03, 0x44, 0x00, 0x52, 0x03, 0x44, 0x00, 0x50, 
0x02, 0xFE, 0x00, 0x52, 0x03, 0x1B, 0x00, 0x4E, 0x02, 0x33, 0x00, 0x1D, 
0x03, 0x46, 0x00, 0x52, 0x03, 0x1D, 0x00, 0x1F, 0x04, 0x58, 0x00, 0x1F, 
0x03, 0x0A, 0x00, 0x14, 0x03, 0x1D, 0x00, 0x1F, 0x02, 0xC7, 0x00, 0x2D, 
0x02, 0xF8, 0x00, 0x35, 0x01, 0xAE, 0x00, 0x66, 0x02, 0xF8, 0x00, 0x48, 
0x04, 0x0C, 0x00, 0x81, 0x03, 0x9C, 0x00, 0x25, 0x03, 0x9C, 0x00, 0x25, 
0x03, 0xBA, 0x00, 0x5E, 0x03, 0x29, 0x00, 0x5E, 0x03, 0xD5, 0x00, 0x5E, 
0x03, 0xD1, 0x00, 0x5E, 0x03, 0xCB, 0x00, 0x5E, 0x03, 0x2F, 0x00, 0x4E, 
0x03, 0x2F, 0x00, 0x4E, 0x03, 0x2F, 0x00, 0x4E, 0x03, 0x2F, 0x00, 0x4E, 
0x03, 0x2F, 0x00, 0x4E, 0x03, 0x2F, 0x00, 0x4E, 0x03, 0x31, 0x00, 0x52, 
0x03, 0x33, 0x00, 0x52, 0x03, 0x33, 0x00, 0x52, 0x03, 0x33, 0x00, 0x52, 
0x03, 0x33, 0x00, 0x52, 0x01, 0x91, 0x00, 0x27, 0x01, 0x91, 0xFF, 0x9C, 
0x01, 0x91, 0xFF, 0xAC, 0x01, 0x91, 0xFF, 0xC4, 0x03, 0x46, 0x00, 0x52, 
0x03, 0x3F, 0x00, 0x52, 0x03, 0x3F, 0x00, 0x52, 0x03, 0x3F, 0x00, 0x52, 
0x03, 0x3F, 0x00, 0x52, 0x03, 0x3F, 0x00, 0x52, 0x03, 0x46, 0x00, 0x52, 
0x03, 0x46, 0x00, 0x52, 0x03, 0x46, 0x00, 0x52, 0x03, 0x46, 0x00, 0x52, 
0x03, 0x91, 0x00, 0x46, 0x02, 0x91, 0x00, 0x4C, 0x03, 0x31, 0x00, 0x52, 
0x03, 0xAE, 0x00, 0x31, 0x03, 0x91, 0x00, 0x58, 0x03, 0xB0, 0x00, 0x5E, 
0x04, 0x10, 0x00, 0x4E, 0x03, 0x4C, 0x00, 0x52, 0x04, 0xAA, 0x00, 0x5C, 
0x04, 0xAA, 0x00, 0x5C, 0x04, 0xCD, 0x00, 0x33, 0x03, 0x44, 0x00, 0x91, 
0x03, 0x44, 0x00, 0x9C, 0x03, 0x87, 0x00, 0x66, 0x04, 0xFC, 0x00, 0x1B, 
0x03, 0xD1, 0x00, 0x5E, 0x04, 0xF6, 0x00, 0x24, 0x03, 0x46, 0x00, 0x44, 
0x02, 0xBA, 0x00, 0x4C, 0x02, 0xBA, 0x00, 0x60, 0x03, 0x8B, 0x00, 0x19, 
0x03, 0x10, 0x00, 0x6D, 0x03, 0x64, 0x00, 0x7C, 0x02, 0xDB, 0x00, 0x55, 
0x03, 0x24, 0x00, 0x27, 0x03, 0x24, 0x00, 0x27, 0x01, 0xE7, 0xFF, 0xE0, 
0x02, 0xC3, 0x00, 0x56, 0x02, 0xCB, 0x00, 0x56, 0x04, 0x20, 0x00, 0x3B, 
0x04, 0xC3, 0x00, 0x4E, 0x03, 0x3F, 0x00, 0x52, 0x03, 0x64, 0x00, 0x4A, 
0x01, 0xB6, 0x00, 0x5E, 0x03, 0xAE, 0x00, 0x77, 0x03, 0xCD, 0x00, 0x12, 
0x02, 0xD5, 0xFF, 0x8F, 0x04, 0x0A, 0x00, 0xAA, 0x03, 0x33, 0x00, 0x2D, 
0x04, 0x0C, 0x00, 0x42, 0x04, 0x0C, 0x00, 0x50, 0x04, 0x6D, 0x00, 0x4C, 
0x00, 0xD3, 0x00, 0x00, 0x03, 0x9C, 0x00, 0x25, 0x03, 0x9C, 0x00, 0x25, 
0x03, 0xD1, 0x00, 0x5E, 0x05, 0x2B, 0x00, 0x5E, 0x04, 0xD3, 0x00, 0x52, 
0x03, 0x71, 0x00, 0x4C, 0x05, 0x37, 0x00, 0x4C, 0x02, 0xDF, 0x00, 0x31, 
0x02, 0xDF, 0x00, 0x3F, 0x01, 0x91, 0x00, 0x33, 0x01, 0x91, 0x00, 0x3F, 
0x03, 0x46, 0x00, 0x46, 0x03, 0x3A, 0x00, 0x1E, 0x03, 0x1D, 0x00, 0x1F, 
0x03, 0x8B, 0x00, 0x1A, 0x01, 0x45, 0xFE, 0xBA, 0x04, 0xC5, 0x00, 0x8E, 
0x02, 0x8B, 0x00, 0x42, 0x02, 0x8B, 0x00, 0x50, 0x03, 0x9C, 0x00, 0x1B, 
0x03, 0x9C, 0x00, 0x1B, 0x03, 0x91, 0x00, 0x46, 0x01, 0x8F, 0x00, 0x4C, 
0x01, 0x91, 0x00, 0x35, 0x02, 0xDF, 0x00, 0x3F, 0x07, 0xA0, 0x00, 0x33, 
0x03, 0x9C, 0x00, 0x25, 0x03, 0x29, 0x00, 0x5E, 0x03, 0x9C, 0x00, 0x25, 
0x03, 0x29, 0x00, 0x5E, 0x03, 0x29, 0x00, 0x5E, 0x01, 0xAE, 0x00, 0x37, 
0x01, 0xAE, 0xFF, 0xBA, 0x01, 0xAE, 0xFF, 0xD1, 0x01, 0xAE, 0xFF, 0xAA, 
0x03, 0xD1, 0x00, 0x5E, 0x03, 0xD1, 0x00, 0x5E, 0x04, 0x00, 0x00, 0x80, 
0x03, 0xD1, 0x00, 0x5E, 0x03, 0xCB, 0x00, 0x5E, 0x03, 0xCB, 0x00, 0x5E, 
0x03, 0xCB, 0x00, 0x5E, 0x01, 0x91, 0x00, 0x58, 0x03, 0x44, 0x00, 0x85, 
0x03, 0x44, 0x00, 0x9A, 0x03, 0x44, 0x00, 0x9C, 0x03, 0x44, 0x00, 0xAE, 
0x03, 0x44, 0x01, 0x33, 0x03, 0x44, 0x00, 0xBE, 0x03, 0x44, 0x00, 0xC3, 
0x03, 0x44, 0x00, 0x3B, 0x03, 0x44, 0x00, 0xBE, 0x03, 0x44, 0x00, 0x85, 
0x02, 0xF2, 0x00, 0x06, 0x01, 0x91, 0x00, 0x17, 0x03, 0xA8, 0x00, 0x5A, 
0x03, 0x1B, 0x00, 0x4E, 0x03, 0x1F, 0x00, 0x27, 0x02, 0xC7, 0x00, 0x2D, 
0x01, 0x8D, 0x00, 0x81, 0x03, 0xC1, 0x00, 0x1A, 0x03, 0x23, 0x00, 0x56, 
0x03, 0x8B, 0x00, 0x1A, 0x03, 0x1D, 0x00, 0x1F, 0x03, 0x35, 0x00, 0x6D, 
0x02, 0xDF, 0x00, 0x5A, 0x03, 0xAE, 0x00, 0x77, 0x03, 0xAE, 0x00, 0x86, 
0x01, 0x8D, 0x00, 0x48, 0x02, 0x73, 0x00, 0x3C, 0x02, 0x7C, 0x00, 0x41, 
0x04, 0x9C, 0x00, 0x29, 0x04, 0x92, 0x00, 0x1D, 0x05, 0x14, 0x00, 0x16, 
0x03, 0x46, 0x00, 0x2C, 0x02, 0x9A, 0x00, 0x06, 0x01, 0x77, 0x00, 0x04, 
0x03, 0x7D, 0x00, 0x08, 0x02, 0xD9, 0x00, 0x12, 0x02, 0x5F, 0x00, 0x19, 
0x03, 0xEE, 0x00, 0x1B, 0x05, 0x77, 0x00, 0x1B, 0x05, 0x77, 0x00, 0x1B, 
0x04, 0xAA, 0x00, 0x5C, 0x04, 0x33, 0x00, 0x5A, 0x03, 0xB8, 0x00, 0x5E, 
0x03, 0x73, 0x00, 0x5E, 0x05, 0x10, 0x00, 0x5E, 0x03, 0xB8, 0x00, 0x5E, 
0x03, 0xBD, 0x00, 0x5E, 0x03, 0x81, 0x00, 0x5E, 0x05, 0x10, 0x00, 0x5F, 
0x03, 0x66, 0x00, 0x4F, 0x03, 0xC3, 0x00, 0x5E, 0x03, 0xB8, 0x00, 0x5E, 
0x03, 0xB8, 0x00, 0x5E, 0x03, 0xB8, 0x00, 0x5E, 0x03, 0xB8, 0x00, 0x5E, 
0x03, 0xB8, 0x00, 0x5E, 0x03, 0xB8, 0x00, 0x5E, 0x03, 0xBD, 0x00, 0x5E, 
0x03, 0xBD, 0x00, 0x5E, 0x03, 0xBD, 0x00, 0x5E, 0x03, 0xBD, 0x00, 0x5E, 
0x03, 0xC3, 0x00, 0x5E, 0x03, 0xC3, 0x00, 0x5E, 0x03, 0xBD, 0x00, 0x5E, 
0x03, 0xBD, 0x00, 0x5E, 0x02, 0x96, 0x00, 0x4B, 0x02, 0x60, 0x00, 0x40, 
0x02, 0x82, 0x00, 0x4B, 0x02, 0x46, 0x00, 0x2C, 0x02, 0x82, 0x00, 0x46, 
0x02, 0x82, 0x00, 0x41, 0x02, 0x96, 0x00, 0x4B, 0x01, 0x8D, 0x00, 0x48, 
0x02, 0x73, 0x00, 0x3C, 0x02, 0x7C, 0x00, 0x41, 0x02, 0x5F, 0x00, 0x19, 
0x02, 0x60, 0x00, 0x40, 0x02, 0x82, 0x00, 0x4B, 0x02, 0x46, 0x00, 0x2C, 
0x02, 0x82, 0x00, 0x46, 0x02, 0x82, 0x00, 0x41, 0x03, 0xBA, 0x00, 0x50, 
0x01, 0xAE, 0x00, 0x62, 0x03, 0xA8, 0x00, 0x5A, 0x03, 0x1B, 0x00, 0x4E, 
0x03, 0x44, 0x00, 0x50, 0x03, 0xC1, 0x00, 0x5E, 0x00, 0x00, 0x00, 0x02, 
0x00, 0x01, 0x00, 0x00, 0x00, 0x00, 0x00, 0x14, 0x00, 0x03, 0x00, 0x01, 
0x00, 0x00, 0x01, 0x1A, 0x00, 0x00, 0x01, 0x06, 0x00, 0x00, 0x01, 0x00, 
0x00, 0x00, 0x00, 0x00, 0x00, 0x00, 0x01, 0x03, 0x00, 0x00, 0x00, 0x02, 
0x00, 0x00, 0x00, 0x00, 0x00, 0x00, 0x00, 0x00, 0x00, 0x00, 0x00, 0x00, 
0x00, 0x00, 0x00, 0x01, 0x00, 0x00, 0x03, 0x04, 0x05, 0x06, 0x07, 0x08, 
0x09, 0x0A, 0x0B, 0x0C, 0x0D, 0x0E, 0x0F, 0x10, 0x11, 0x12, 0x13, 0x14, 
0x15, 0x16, 0x17, 0x18, 0x19, 0x1A, 0x1B, 0x1C, 0x1D, 0x1E, 0x1F, 0x20, 
0x21, 0x22, 0x23, 0x24, 0x25, 0x26, 0x27, 0x28, 0x29, 0x2A, 0x2B, 0x2C, 
0x2D, 0x2E, 0x2F, 0x30, 0x31, 0x32, 0x33, 0x34, 0x35, 0x36, 0x37, 0x38, 
0x39, 0x3A, 0x3B, 0x3C, 0x3D, 0x3E, 0x3F, 0x40, 0x41, 0x42, 0x43, 0x44, 
0x45, 0x46, 0x47, 0x48, 0x49, 0x4A, 0x4B, 0x4C, 0x4D, 0x4E, 0x4F, 0x50, 
0x51, 0x52, 0x53, 0x54, 0x55, 0x56, 0x57, 0x58, 0x59, 0x5A, 0x5B, 0x5C, 
0x5D, 0x5E, 0x5F, 0x60, 0x61, 0x00, 0x62, 0x63, 0x64, 0x65, 0x66, 0x67, 
0x68, 0x69, 0x6A, 0x6B, 0x6C, 0x6D, 0x6E, 0x6F, 0x70, 0x71, 0x72, 0x73, 
0x74, 0x75, 0x76, 0x77, 0x78, 0x79, 0x7A, 0x7B, 0x7C, 0x7D, 0x7E, 0x7F, 
0x80, 0x81, 0x82, 0x83, 0x84, 0x85, 0x86, 0x87, 0x88, 0x89, 0x8A, 0x8B, 
0x8C, 0x8D, 0x8E, 0x8F, 0x90, 0x91, 0x92, 0x93, 0x94, 0x95, 0x96, 0x97, 
0x98, 0x99, 0x9A, 0x9B, 0x9C, 0x9D, 0x9E, 0x9F, 0xA0, 0xA1, 0xA2, 0xA3, 
0xA4, 0xA5, 0xA6, 0xA7, 0xA8, 0xA9, 0xAA, 0xAB, 0xAC, 0xAD, 0xAE, 0xAF, 
0xB0, 0xB1, 0xB2, 0xB3, 0xB4, 0xB5, 0xB6, 0xB7, 0xB8, 0xB9, 0xBA, 0xBB, 
0xBC, 0xBD, 0xBE, 0xBF, 0xC0, 0xC1, 0xC2, 0xC3, 0xC4, 0xC5, 0xC6, 0xC7, 
0xC8, 0xC9, 0xCA, 0xCB, 0xCC, 0xCD, 0xCE, 0xCF, 0xD0, 0xD1, 0xD2, 0xD3, 
0xD4, 0xD5, 0xD6, 0xD7, 0xD8, 0xD9, 0xDA, 0xDB, 0xDC, 0xDD, 0xDE, 0xDF, 
0xE0, 0xE1, 0x00, 0x04, 0x02, 0x6A, 0x00, 0x00, 0x00, 0x58, 0x00, 0x40, 
0x00, 0x05, 0x00, 0x18, 0x00, 0x7E, 0x00, 0xFF, 0x01, 0x1F, 0x01, 0x31, 
0x01, 0x42, 0x01, 0x53, 0x01, 0x61, 0x01, 0x78, 0x01, 0x7E, 0x01, 0x92, 
0x02, 0xC7, 0x02, 0xC9, 0x02, 0xDD, 0x03, 0x94, 0x03, 0xA9, 0x03, 0xBC, 
0x03, 0xC0, 0x20, 0x10, 0x20, 0x14, 0x20, 0x1A, 0x20, 0x1E, 0x20, 0x22, 
0x20, 0x26, 0x20, 0x30, 0x20, 0x3A, 0x20, 0x44, 0x20, 0xAC, 0x21, 0x22, 
0x21, 0x26, 0x22, 0x02, 0x22, 0x06, 0x22, 0x0F, 0x22, 0x12, 0x22, 0x15, 
0x22, 0x1A, 0x22, 0x1E, 0x22, 0x2B, 0x22, 0x48, 0x22, 0x60, 0x22, 0x65, 
0x25, 0xCA, 0xF0, 0x02, 0xFB, 0x02, 0xFF, 0xFF, 0x00, 0x00, 0x00, 0x20, 
0x00, 0xA0, 0x01, 0x1E, 0x01, 0x30, 0x01, 0x41, 0x01, 0x52, 0x01, 0x5E, 
0x01, 0x78, 0x01, 0x7D, 0x01, 0x92, 0x02, 0xC6, 0x02, 0xC9, 0x02, 0xD8, 
0x03, 0x94, 0x03, 0xA9, 0x03, 0xBC, 0x03, 0xC0, 0x20, 0x10, 0x20, 0x13, 
0x20, 0x18, 0x20, 0x1C, 0x20, 0x20, 0x20, 0x26, 0x20, 0x30, 0x20, 0x39, 
0x20, 0x44, 0x20, 0xAC, 0x21, 0x22, 0x21, 0x26, 0x22, 0x02, 0x22, 0x06, 
0x22, 0x0F, 0x22, 0x11, 0x22, 0x15, 0x22, 0x19, 0x22, 0x1E, 0x22, 0x2B, 
0x22, 0x48, 0x22, 0x60, 0x22, 0x64, 0x25, 0xCA, 0xF0, 0x01, 0xFB, 0x01, 
0xFF, 0xFF, 0xFF, 0xE3, 0x00, 0x00, 0x00, 0x00, 0x00, 0x00, 0xFF, 0xA1, 
0xFF, 0x5E, 0x00, 0x00, 0xFF, 0x43, 0xFF, 0x69, 0xFF, 0x14, 0x00, 0x00, 
0xFE, 0x11, 0x00, 0x00, 0xFD, 0x14, 0xFC, 0xF6, 0xFC, 0xDB, 0xFC, 0xDB, 
0xE0, 0x00, 0xE0, 0x9F, 0x00, 0x00, 0x00, 0x00, 0x00, 0x00, 0xE0, 0x85, 
0xE0, 0x96, 0xE0, 0x85, 0xE0, 0x78, 0xE0, 0x7D, 0xDF, 0x6A, 0xDF, 0x79, 
0xDE, 0x96, 0xDE, 0xA2, 0xDE, 0x8B, 0x00, 0x00, 0xDE, 0xA7, 0x00, 0x00, 
0xDE, 0x74, 0xDE, 0x71, 0xDE, 0x5F, 0xDE, 0x2F, 0xDE, 0x30, 0xDA, 0xEF, 
0x10, 0xBF, 0x05, 0xBF, 0x00, 0x01, 0x00, 0x00, 0x00, 0x56, 0x01, 0x14, 
0x01, 0x16, 0x00, 0x00, 0x00, 0x00, 0x01, 0x14, 0x00, 0x00, 0x00, 0x00, 
0x00, 0x00, 0x01, 0x14, 0x00, 0x00, 0x01, 0x14, 0x00, 0x00, 0x00, 0x00, 
0x00, 0x00, 0x00, 0x00, 0x00, 0x00, 0x00, 0x00, 0x01, 0x12, 0x01, 0x16, 
0x01, 0x1A, 0x00, 0x00, 0x00, 0x00, 0x00, 0x00, 0x00, 0x00, 0x00, 0x00, 
0x00, 0x00, 0x00, 0x00, 0x00, 0x00, 0x00, 0x00, 0x00, 0x00, 0x01, 0x0A, 
0x00, 0x00, 0x01, 0x0A, 0x00, 0x00, 0x00, 0x00, 0x00, 0x00, 0x00, 0x00, 
0x00, 0x00, 0x00, 0x00, 0x00, 0x00, 0x00, 0x00, 0x00, 0x00, 0x00, 0xAC, 
0x00, 0xA3, 0x00, 0x84, 0x00, 0x85, 0x00, 0xBD, 0x00, 0x96, 0x00, 0xE8, 
0x00, 0x86, 0x00, 0x8E, 0x00, 0x8B, 0x00, 0x9D, 0x00, 0xA9, 0x00, 0xA4, 
0x00, 0xEF, 0x00, 0x8A, 0x00, 0xDA, 0x00, 0x83, 0x00, 0x93, 0x00, 0xF2, 
0x00, 0xF3, 0x00, 0x8D, 0x00, 0x97, 0x00, 0x88, 0x00, 0xC3, 0x00, 0xDE, 
0x00, 0xF1, 0x00, 0x9E, 0x00, 0xAA, 0x00, 0xF5, 0x00, 0xF4, 0x00, 0xF6, 
0x00, 0xA2, 0x00, 0xAD, 0x00, 0xC9, 0x00, 0xC7, 0x00, 0xAE, 0x00, 0x62, 
0x00, 0x63, 0x00, 0x90, 0x00, 0x64, 0x00, 0xCB, 0x00, 0x65, 0x00, 0xC8, 
0x00, 0xCA, 0x00, 0xCF, 0x00, 0xCC, 0x00, 0xCD, 0x00, 0xCE, 0x00, 0xE9, 
0x00, 0x66, 0x00, 0xD3, 0x00, 0xD0, 0x00, 0xD1, 0x00, 0xAF, 0x00, 0x67, 
0x00, 0xF0, 0x00, 0x91, 0x00, 0xD6, 0x00, 0xD4, 0x00, 0xD5, 0x00, 0x68, 
0x00, 0xEB, 0x00, 0xED, 0x00, 0x89, 0x00, 0x6A, 0x00, 0x69, 0x00, 0x6B, 
0x00, 0x6D, 0x00, 0x6C, 0x00, 0x6E, 0x00, 0xA0, 0x00, 0x6F, 0x00, 0x71, 
0x00, 0x70, 0x00, 0x72, 0x00, 0x73, 0x00, 0x75, 0x00, 0x74, 0x00, 0x76, 
0x00, 0x77, 0x00, 0xEA, 0x00, 0x78, 0x00, 0x7A, 0x00, 0x79, 0x00, 0x7B, 
0x00, 0x7D, 0x00, 0x7C, 0x00, 0xB8, 0x00, 0xA1, 0x00, 0x7F, 0x00, 0x7E, 
0x00, 0x80, 0x00, 0x81, 0x00, 0xEC, 0x00, 0xEE, 0x00, 0xBA, 0x01, 0x2E, 
0x01, 0x2D, 0x01, 0x2A, 0x00, 0xD7, 0x01, 0x2B, 0x01, 0x2C, 0x00, 0xE4, 
0x00, 0xE5, 0x00, 0xD8, 0x00, 0xE1, 0x00, 0xDB, 0x00, 0xDC, 0x00, 0xDD, 
0x00, 0xE0, 0x00, 0xD9, 0x00, 0xDF, 0x00, 0xB6, 0x00, 0xB7, 0x00, 0xC4, 
0x00, 0xB4, 0x00, 0xB5, 0x00, 0xC5, 0x00, 0x82, 0x00, 0xC2, 0x00, 0x87, 
0x00, 0x99, 0x00, 0xEF, 0x00, 0xC3, 0x00, 0xA5, 0x40, 0x3A, 0x51, 0x50, 
0x4F, 0x4E, 0x4D, 0x4C, 0x4B, 0x4A, 0x49, 0x48, 0x47, 0x46, 0x45, 0x44, 
0x43, 0x42, 0x41, 0x40, 0x3F, 0x3E, 0x3D, 0x3C, 0x3B, 0x3A, 0x39, 0x38, 
0x37, 0x36, 0x35, 0x2F, 0x2E, 0x2D, 0x2C, 0x28, 0x26, 0x25, 0x24, 0x23, 
0x22, 0x1F, 0x18, 0x14, 0x11, 0x10, 0x0F, 0x0D, 0x0B, 0x0A, 0x09, 0x08, 
0x07, 0x06, 0x05, 0x04, 0x03, 0x02, 0x01, 0x00, 0x2C, 0x45, 0x23, 0x46, 
0x60, 0x20, 0xB0, 0x26, 0x60, 0xB0, 0x04, 0x26, 0x23, 0x48, 0x48, 0x2D, 
0x2C, 0x45, 0x23, 0x46, 0x23, 0x61, 0x20, 0xB0, 0x26, 0x61, 0xB0, 0x04, 
0x26, 0x23, 0x48, 0x48, 0x2D, 0x2C, 0x45, 0x23, 0x46, 0x60, 0xB0, 0x20, 
0x61, 0x20, 0xB0, 0x46, 0x60, 0xB0, 0x04, 0x26, 0x23, 0x48, 0x48, 0x2D, 
0x2C, 0x45, 0x23, 0x46, 0x23, 0x61, 0xB0, 0x20, 0x60, 0x20, 0xB0, 0x26, 
0x61, 0xB0, 0x20, 0x61, 0xB0, 0x04, 0x26, 0x23, 0x48, 0x48, 0x2D, 0x2C, 
0x45, 0x23, 0x46, 0x60, 0xB0, 0x40, 0x61, 0x20, 0xB0, 0x66, 0x60, 0xB0, 
0x04, 0x26, 0x23, 0x48, 0x48, 0x2D, 0x2C, 0x45, 0x23, 0x46, 0x23, 0x61, 
0xB0, 0x40, 0x60, 0x20, 0xB0, 0x26, 0x61, 0xB0, 0x40, 0x61, 0xB0, 0x04, 
0x26, 0x23, 0x48, 0x48, 0x2D, 0x2C, 0x01, 0x10, 0x20, 0x3C, 0x00, 0x3C, 
0x2D, 0x2C, 0x20, 0x45, 0x23, 0x20, 0xB0, 0xCD, 0x44, 0x23, 0x20, 0xB8, 
0x01, 0x5A, 0x51, 0x58, 0x23, 0x20, 0xB0, 0x8D, 0x44, 0x23, 0x59, 0x20, 
0xB0, 0xED, 0x51, 0x58, 0x23, 0x20, 0xB0, 0x4D, 0x44, 0x23, 0x59, 0x20, 
0xB0, 0x04, 0x26, 0x51, 0x58, 0x23, 0x20, 0xB0, 0x0D, 0x44, 0x23, 0x59, 
0x21, 0x21, 0x2D, 0x2C, 0x20, 0x20, 0x45, 0x18, 0x68, 0x44, 0x20, 0xB0, 
0x01, 0x60, 0x20, 0x45, 0xB0, 0x46, 0x76, 0x68, 0x8A, 0x45, 0x60, 0x44, 
0x2D, 0x2C, 0x01, 0xB1, 0x0B, 0x0A, 0x43, 0x23, 0x43, 0x65, 0x0A, 0x2D, 
0x2C, 0x00, 0xB1, 0x0A, 0x0B, 0x43, 0x23, 0x43, 0x0B, 0x2D, 0x2C, 0x00, 
0xB0, 0x28, 0x23, 0x70, 0xB1, 0x01, 0x28, 0x3E, 0x01, 0xB0, 0x28, 0x23, 
0x70, 0xB1, 0x02, 0x28, 0x45, 0x3A, 0xB1, 0x02, 0x00, 0x08, 0x0D, 0x2D, 
0x2C, 0x20, 0x45, 0xB0, 0x03, 0x25, 0x45, 0x61, 0x64, 0xB0, 0x50, 0x51, 
0x58, 0x45, 0x44, 0x1B, 0x21, 0x21, 0x59, 0x2D, 0x2C, 0x20, 0x45, 0xB0, 
0x00, 0x43, 0x60, 0x44, 0x2D, 0x2C, 0x01, 0xB0, 0x06, 0x43, 0xB0, 0x07, 
0x43, 0x65, 0x0A, 0x2D, 0x2C, 0x20, 0x69, 0xB0, 0x40, 0x61, 0xB0, 0x00, 
0x8B, 0x20, 0xB1, 0x2C, 0xC0, 0x8A, 0x8C, 0xB8, 0x10, 0x00, 0x62, 0x60, 
0x2B, 0x0C, 0x64, 0x23, 0x64, 0x61, 0x5C, 0x58, 0xB0, 0x03, 0x61, 0x59, 
0x2D, 0x2C, 0x8A, 0x03, 0x45, 0x8A, 0x8A, 0x87, 0xB0, 0x11, 0x2B, 0xB0, 
0x29, 0x23, 0x44, 0xB0, 0x29, 0x7A, 0xE4, 0x18, 0x2D, 0x2C, 0x45, 0x65, 
0xB0, 0x2C, 0x23, 0x44, 0x45, 0xB0, 0x2B, 0x23, 0x44, 0x2D, 0x2C, 0x4B, 
0x52, 0x58, 0x45, 0x44, 0x1B, 0x21, 0x21, 0x59, 0x2D, 0x2C, 0x01, 0xB0, 
0x05, 0x25, 0x10, 0x23, 0x20, 0x8A, 0xF5, 0x00, 0xB0, 0x01, 0x60, 0x23, 
0xED, 0xEC, 0x2D, 0x2C, 0x01, 0xB0, 0x05, 0x25, 0x10, 0x23, 0x20, 0x8A, 
0xF5, 0x00, 0xB0, 0x01, 0x61, 0x23, 0xED, 0xEC, 0x2D, 0x2C, 0x01, 0xB0, 
0x06, 0x25, 0x10, 0xF5, 0x00, 0xED, 0xEC, 0x2D, 0x2C, 0x20, 0xB0, 0x01, 
0x60, 0x01, 0x10, 0x20, 0x3C, 0x00, 0x3C, 0x2D, 0x2C, 0x20, 0xB0, 0x01, 
0x61, 0x01, 0x10, 0x20, 0x3C, 0x00, 0x3C, 0x2D, 0x2C, 0x00, 0xB0, 0x07, 
0x43, 0xB0, 0x06, 0x43, 0x0B, 0x2D, 0x2C, 0x21, 0x21, 0x0C, 0x64, 0x23, 
0x64, 0x8B, 0xB8, 0x40, 0x00, 0x62, 0x2D, 0x2C, 0x21, 0xB0, 0x80, 0x51, 
0x58, 0x0C, 0x64, 0x23, 0x64, 0x8B, 0xB8, 0x20, 0x00, 0x62, 0x1B, 0xB2, 
0x00, 0x40, 0x2F, 0x2B, 0x59, 0xB0, 0x02, 0x60, 0x2D, 0x2C, 0x21, 0xB0, 
0xC0, 0x51, 0x58, 0x0C, 0x64, 0x23, 0x64, 0x8B, 0xB8, 0x15, 0x55, 0x62, 
0x1B, 0xB2, 0x00, 0x80, 0x2F, 0x2B, 0x59, 0xB0, 0x02, 0x60, 0x2D, 0x2C, 
0x0C, 0x64, 0x23, 0x64, 0x8B, 0xB8, 0x40, 0x00, 0x62, 0x60, 0x23, 0x21, 
0x2D, 0x2C, 0x45, 0x23, 0x45, 0x60, 0x23, 0x45, 0x60, 0x23, 0x45, 0x60, 
0x23, 0x76, 0x68, 0x18, 0xB0, 0x80, 0x62, 0x20, 0x2D, 0x2C, 0xB0, 0x04, 
0x26, 0xB0, 0x04, 0x26, 0xB0, 0x04, 0x25, 0xB0, 0x04, 0x25, 0x45, 0x23, 
0x45, 0x20, 0xB0, 0x03, 0x26, 0x60, 0x62, 0x63, 0x68, 0x20, 0xB0, 0x03, 
0x26, 0x61, 0x65, 0x8A, 0x23, 0x44, 0x44, 0x2D, 0x2C, 0x20, 0x45, 0xB0, 
0x00, 0x54, 0x58, 0xB0, 0x40, 0x44, 0x20, 0x45, 0xB0, 0x40, 0x61, 0x44, 
0x1B, 0x21, 0x21, 0x59, 0x2D, 0x2C, 0x45, 0xB1, 0x30, 0x2F, 0x45, 0x23, 
0x45, 0x61, 0x60, 0xB0, 0x01, 0x60, 0x69, 0x44, 0x2D, 0x2C, 0x4B, 0x51, 
0x58, 0xB0, 0x2F, 0x23, 0x70, 0xB0, 0x14, 0x23, 0x42, 0x1B, 0x21, 0x21, 
0x59, 0x2D, 0x2C, 0x4B, 0x51, 0x58, 0x20, 0xB0, 0x03, 0x25, 0x45, 0x69, 
0x53, 0x58, 0x44, 0x1B, 0x21, 0x21, 0x59, 0x1B, 0x21, 0x21, 0x59, 0x2D, 
0x2C, 0x45, 0xB0, 0x14, 0x43, 0xB0, 0x00, 0x60, 0x63, 0xB0, 0x01, 0x60, 
0x69, 0x44, 0x2D, 0x2C, 0xB0, 0x2F, 0x45, 0x44, 0x2D, 0x2C, 0x45, 0x23, 
0x20, 0x45, 0x8A, 0x60, 0x44, 0x2D, 0x2C, 0x45, 0x23, 0x45, 0x60, 0x44, 
0x2D, 0x2C, 0x4B, 0x23, 0x51, 0x58, 0xB9, 0x00, 0x33, 0xFF, 0xE0, 0xB1, 
0x34, 0x20, 0x1B, 0xB3, 0x33, 0x00, 0x34, 0x00, 0x59, 0x44, 0x44, 0x2D, 
0x2C, 0xB0, 0x16, 0x43, 0x58, 0xB0, 0x03, 0x26, 0x45, 0x8A, 0x58, 0x64, 
0x66, 0xB0, 0x1F, 0x60, 0x1B, 0x64, 0xB0, 0x20, 0x60, 0x66, 0x20, 0x58, 
0x1B, 0x21, 0xB0, 0x40, 0x59, 0xB0, 0x01, 0x61, 0x59, 0x23, 0x58, 0x65, 
0x59, 0xB0, 0x29, 0x23, 0x44, 0x23, 0x10, 0xB0, 0x29, 0xE0, 0x1B, 0x21, 
0x21, 0x21, 0x21, 0x21, 0x59, 0x2D, 0x2C, 0xB0, 0x16, 0x43, 0x58, 0xB0, 
0x04, 0x25, 0x45, 0x64, 0xB0, 0x20, 0x60, 0x66, 0x20, 0x58, 0x1B, 0x21, 
0xB0, 0x40, 0x59, 0xB0, 0x01, 0x61, 0x23, 0x58, 0x65, 0x59, 0xB0, 0x29, 
0x23, 0x44, 0xB0, 0x04, 0x25, 0xB0, 0x07, 0x25, 0x08, 0x20, 0x58, 0x02, 
0x1B, 0x03, 0x59, 0xB0, 0x05, 0x25, 0x10, 0xB0, 0x04, 0x25, 0x20, 0x46, 
0xB0, 0x04, 0x25, 0x23, 0x42, 0x3C, 0xB0, 0x07, 0x25, 0x10, 0xB0, 0x06, 
0x25, 0x20, 0x46, 0xB0, 0x04, 0x25, 0xB0, 0x01, 0x60, 0x23, 0x42, 0x3C, 
0x20, 0x58, 0x01, 0x1B, 0x00, 0x59, 0xB0, 0x05, 0x25, 0x10, 0xB0, 0x04, 
0x25, 0xB0, 0x29, 0xE0, 0xB0, 0x07, 0x25, 0x10, 0xB0, 0x06, 0x25, 0xB0, 
0x29, 0xE0, 0xB0, 0x04, 0x25, 0xB0, 0x07, 0x25, 0x08, 0x20, 0x58, 0x02, 
0x1B, 0x03, 0x59, 0xB0, 0x04, 0x25, 0xB0, 0x03, 0x25, 0x43, 0x48, 0xB0, 
0x06, 0x25, 0xB0, 0x03, 0x25, 0xB0, 0x01, 0x60, 0x43, 0x48, 0x1B, 0x21, 
0x59, 0x21, 0x21, 0x21, 0x21, 0x21, 0x21, 0x21, 0x2D, 0x2C, 0xB0, 0x16, 
0x43, 0x58, 0xB0, 0x04, 0x25, 0x45, 0x64, 0xB0, 0x20, 0x60, 0x66, 0x20, 
0x58, 0x1B, 0x21, 0xB0, 0x40, 0x59, 0xB0, 0x01, 0x61, 0x23, 0x58, 0x1B, 
0x65, 0x59, 0xB0, 0x29, 0x23, 0x44, 0xB0, 0x05, 0x25, 0xB0, 0x08, 0x25, 
0x08, 0x20, 0x58, 0x02, 0x1B, 0x03, 0x59, 0xB0, 0x04, 0x25, 0x10, 0xB0, 
0x05, 0x25, 0x20, 0x46, 0xB0, 0x04, 0x25, 0x23, 0x42, 0x3C, 0xB0, 0x04, 
0x25, 0xB0, 0x07, 0x25, 0x08, 0xB0, 0x07, 0x25, 0x10, 0xB0, 0x06, 0x25, 
0x20, 0x46, 0xB0, 0x04, 0x25, 0xB0, 0x01, 0x60, 0x23, 0x42, 0x3C, 0x20, 
0x58, 0x01, 0x1B, 0x00, 0x59, 0xB0, 0x04, 0x25, 0x10, 0xB0, 0x05, 0x25, 
0xB0, 0x29, 0xE0, 0xB0, 0x29, 0x20, 0x45, 0x65, 0x44, 0xB0, 0x07, 0x25, 
0x10, 0xB0, 0x06, 0x25, 0xB0, 0x29, 0xE0, 0xB0, 0x05, 0x25, 0xB0, 0x08, 
0x25, 0x08, 0x20, 0x58, 0x02, 0x1B, 0x03, 0x59, 0xB0, 0x05, 0x25, 0xB0, 
0x03, 0x25, 0x43, 0x48, 0xB0, 0x04, 0x25, 0xB0, 0x07, 0x25, 0x08, 0xB0, 
0x06, 0x25, 0xB0, 0x03, 0x25, 0xB0, 0x01, 0x60, 0x43, 0x48, 0x1B, 0x21, 
0x59, 0x21, 0x21, 0x21, 0x21, 0x21, 0x21, 0x21, 0x2D, 0x2C, 0x02, 0xB0, 
0x04, 0x25, 0x20, 0x20, 0x46, 0xB0, 0x04, 0x25, 0x23, 0x42, 0xB0, 0x05, 
0x25, 0x08, 0xB0, 0x03, 0x25, 0x45, 0x48, 0x21, 0x21, 0x21, 0x21, 0x2D, 
0x2C, 0x02, 0xB0, 0x03, 0x25, 0x20, 0xB0, 0x04, 0x25, 0x08, 0xB0, 0x02, 
0x25, 0x43, 0x48, 0x21, 0x21, 0x21, 0x2D, 0x2C, 0x45, 0x23, 0x20, 0x45, 
0x18, 0x20, 0xB0, 0x00, 0x50, 0x20, 0x58, 0x23, 0x65, 0x23, 0x59, 0x23, 
0x68, 0x20, 0xB0, 0x40, 0x50, 0x58, 0x21, 0xB0, 0x40, 0x59, 0x23, 0x58, 
0x65, 0x59, 0x8A, 0x60, 0x44, 0x2D, 0x2C, 0x4B, 0x53, 0x23, 0x4B, 0x51, 
0x5A, 0x58, 0x20, 0x45, 0x8A, 0x60, 0x44, 0x1B, 0x21, 0x21, 0x59, 0x2D, 
0x2C, 0x4B, 0x54, 0x58, 0x20, 0x45, 0x8A, 0x60, 0x44, 0x1B, 0x21, 0x21, 
0x59, 0x2D, 0x2C, 0x4B, 0x53, 0x23, 0x4B, 0x51, 0x5A, 0x58, 0x38, 0x1B, 
0x21, 0x21, 0x59, 0x2D, 0x2C, 0x4B, 0x54, 0x58, 0x38, 0x1B, 0x21, 0x21, 
0x59, 0x2D, 0x2C, 0x2D, 0x2C, 0x2D, 0x2C, 0x2D, 0x2C, 0x2D, 0x2C, 0x20, 
0x8A, 0x08, 0x23, 0x4B, 0x53, 0x8A, 0x4B, 0x51, 0x5A, 0x58, 0x23, 0x38, 
0x1B, 0x21, 0x21, 0x59, 0x2D, 0x2C, 0x00, 0x20, 0x8A, 0x49, 0xB0, 0x00, 
0x51, 0x58, 0xB0, 0x40, 0x23, 0x20, 0x8A, 0x38, 0x12, 0x34, 0x1B, 0x21, 
0x21, 0x59, 0x2D, 0x2C, 0x46, 0x23, 0x46, 0x60, 0x8A, 0x8A, 0x46, 0x23, 
0x20, 0x46, 0x8A, 0x60, 0x8A, 0x61, 0xB8, 0xFF, 0x80, 0x62, 0x23, 0x20, 
0x10, 0x23, 0x8A, 0xB1, 0x40, 0x40, 0x8A, 0x70, 0x45, 0x60, 0x20, 0xB0, 
0x00, 0x50, 0x58, 0xB0, 0x01, 0x61, 0xB8, 0xFF, 0xBA, 0x8B, 0x1B, 0xB0, 
0x46, 0x8C, 0x59, 0xB0, 0x10, 0x60, 0x68, 0x01, 0x3A, 0x2D, 0x2C, 0x20, 
0x8A, 0x23, 0x49, 0x64, 0x8A, 0x23, 0x53, 0x58, 0x3C, 0x1B, 0x21, 0x59, 
0x2D, 0x00, 0x00, 0x00, 0x40, 0xFF, 0x30, 0xAA, 0x01, 0x20, 0xAA, 0x01, 
0xB0, 0xA9, 0x01, 0xA0, 0xA9, 0x01, 0x90, 0xA9, 0x01, 0x20, 0xA9, 0x01, 
0x10, 0xA9, 0x01, 0x00, 0xA9, 0x01, 0xEF, 0xA1, 0x01, 0xDF, 0xA1, 0x01, 
0xCF, 0xA1, 0x01, 0x8F, 0xA1, 0x01, 0x7F, 0xA1, 0x01, 0xEF, 0xA0, 0x01, 
0x5F, 0xA0, 0x01, 0xCF, 0xA0, 0x01, 0x4F, 0xA0, 0x01, 0x3F, 0xA0, 0x01, 
0x7F, 0xC4, 0x01, 0x6F, 0xC4, 0x01, 0x5F, 0xC4, 0x01, 0x4F, 0xC4, 0x01, 
0x3F, 0xC4, 0x01, 0x2F, 0xC4, 0x01, 0x1F, 0xC4, 0x01, 0x0F, 0xC4, 0x01, 
0xFF, 0xC4, 0x01, 0xEF, 0xC4, 0x01, 0xDF, 0xC4, 0x01, 0xCF, 0xC4, 0x01, 
0xBF, 0xC4, 0x01, 0xAF, 0xC4, 0x01, 0x9F, 0xC4, 0x01, 0x8F, 0xC4, 0x01, 
0x7F, 0xC4, 0x01, 0x6F, 0xC4, 0x01, 0x5F, 0xC4, 0x01, 0x4F, 0xC4, 0x01, 
0xBF, 0xC0, 0x01, 0xAF, 0xC0, 0x01, 0x9F, 0xC0, 0x01, 0x8F, 0xC0, 0x01, 
0x7F, 0xC0, 0x01, 0x6F, 0xC0, 0x01, 0x5F, 0xC0, 0x01, 0x4F, 0xC0, 0x01, 
0x3F, 0xC0, 0x01, 0x2F, 0xC0, 0x01, 0x1F, 0xC0, 0x01, 0x0F, 0xC0, 0x01, 
0xFF, 0xC0, 0x01, 0xEF, 0xC0, 0x01, 0xDF, 0xC0, 0x01, 0xCF, 0xC0, 0x01, 
0xBF, 0xC0, 0x01, 0xAF, 0xC0, 0x01, 0x9F, 0xC0, 0x01, 0x8F, 0xC0, 0x01, 
0x7F, 0xC0, 0x01, 0x6F, 0xC0, 0x01, 0x5F, 0xC0, 0x01, 0x4F, 0xC0, 0x01, 
0x3F, 0xC0, 0x01, 0x0F, 0x98, 0x01, 0x1F, 0x98, 0x01, 0x2F, 0x98, 0x01, 
0x6F, 0xB5, 0x01, 0x2F, 0xB5, 0x01, 0x1F, 0xB5, 0x01, 0xEF, 0xB5, 0x01, 
0xDF, 0xB5, 0x01, 0xBF, 0xB5, 0x01, 0xAF, 0xB5, 0x01, 0x9F, 0xB5, 0x01, 
0x5F, 0xB5, 0x01, 0x3F, 0xB5, 0x01, 0x1F, 0xB5, 0x01, 0x30, 0xB6, 0x01, 
0xAF, 0xB6, 0x01, 0x60, 0xB6, 0x01, 0x5F, 0xB6, 0x01, 0x4F, 0x06, 0x01, 
0x0F, 0x48, 0x01, 0xFF, 0x48, 0x01, 0xEF, 0x48, 0x01, 0x40, 0xFF, 0xDF, 
0x48, 0x01, 0xDF, 0x51, 0x01, 0xDF, 0x44, 0x01, 0x6F, 0x57, 0x01, 0x6F, 
0x51, 0x01, 0x6F, 0x48, 0x01, 0x6F, 0x44, 0x01, 0x5F, 0x51, 0x01, 0x5F, 
0x48, 0x01, 0x5F, 0x44, 0x01, 0x4F, 0x51, 0x01, 0x4F, 0x48, 0x01, 0x4F, 
0x44, 0x01, 0x3F, 0x44, 0x01, 0x3F, 0x57, 0x01, 0x3F, 0x48, 0x01, 0x2F, 
0x48, 0x01, 0x1F, 0x48, 0x01, 0xC0, 0xAB, 0x01, 0xC0, 0xAA, 0x01, 0x10, 
0xC7, 0x01, 0x00, 0xC7, 0x01, 0xF0, 0xC7, 0x01, 0xE0, 0xC7, 0x01, 0x80, 
0xC7, 0x01, 0x50, 0xC7, 0x01, 0x40, 0xC7, 0x01, 0x30, 0xC7, 0x01, 0x20, 
0xC7, 0x01, 0x10, 0xC7, 0x01, 0x40, 0xC8, 0x01, 0x30, 0xC8, 0x01, 0x20, 
0xC8, 0x01, 0x00, 0xC8, 0x01, 0x90, 0xC8, 0x01, 0x70, 0xC8, 0x01, 0x20, 
0xC8, 0x01, 0x10, 0xC8, 0x01, 0x00, 0xC8, 0x01, 0xF0, 0xC8, 0x01, 0xD0, 
0xC8, 0x01, 0x80, 0xC8, 0x01, 0x70, 0xC8, 0x01, 0x60, 0xC8, 0x01, 0x20, 
0x25, 0x01, 0x10, 0x25, 0x01, 0x00, 0x25, 0x01, 0xD0, 0x24, 0x01, 0xC0, 
0x24, 0x01, 0xB0, 0x24, 0x01, 0xA0, 0x24, 0x01, 0x90, 0x24, 0x01, 0xE0, 
0x24, 0xEF, 0xD4, 0x02, 0xD0, 0x24, 0xDF, 0xD4, 0x02, 0xA0, 0x24, 0xAF, 
0xD4, 0x02, 0x90, 0x24, 0x9F, 0xD4, 0x02, 0x80, 0x24, 0x8F, 0xD4, 0x02, 
0x70, 0x24, 0x7F, 0xD4, 0x02, 0x60, 0x24, 0x6F, 0xD4, 0x02, 0x50, 0x24, 
0x5F, 0xD4, 0x02, 0x43, 0x24, 0x4F, 0xD4, 0x02, 0x33, 0x24, 0x3F, 0xD4, 
0x02, 0x23, 0x24, 0x2F, 0xD4, 0x02, 0x1F, 0x25, 0x1F, 0xD4, 0x02, 0x0F, 
0x25, 0x0F, 0xD4, 0x02, 0x30, 0x26, 0x01, 0x20, 0x26, 0x01, 0x10, 0x26, 
0x01, 0x00, 0x26, 0x01, 0xE0, 0x26, 0x01, 0xD0, 0x26, 0x01, 0x00, 0x26, 
0x01, 0xF0, 0x26, 0x01, 0xE0, 0x26, 0x01, 0xD0, 0x26, 0x01, 0xC0, 0x26, 
0x01, 0xB0, 0x40, 0xDE, 0x26, 0x01, 0xA0, 0x26, 0x01, 0x90, 0x26, 0x01, 
0x80, 0x26, 0x01, 0x70, 0x26, 0x01, 0x60, 0x26, 0x01, 0x50, 0x26, 0x01, 
0x40, 0x26, 0x01, 0x3F, 0x27, 0x01, 0x2F, 0x27, 0x01, 0x1F, 0x27, 0x01, 
0x0F, 0x27, 0x01, 0x40, 0xCA, 0x09, 0x19, 0x46, 0x77, 0x42, 0x08, 0x1F, 
0x76, 0x42, 0x08, 0x1F, 0x75, 0x43, 0x08, 0x1F, 0x74, 0x43, 0x08, 0x1F, 
0x73, 0x43, 0x08, 0x1F, 0x72, 0x43, 0x08, 0x1F, 0x71, 0x42, 0x08, 0x1F, 
0x70, 0x42, 0x08, 0x1F, 0x6F, 0x42, 0x08, 0x1F, 0x6E, 0x42, 0x08, 0x1F, 
0x6A, 0x42, 0x17, 0x1F, 0x69, 0x42, 0x17, 0x1F, 0x68, 0x43, 0x1C, 0x1F, 
0x67, 0x43, 0x1C, 0x1F, 0x66, 0x43, 0x1C, 0x1F, 0x65, 0x43, 0x1C, 0x1F, 
0x64, 0x42, 0x17, 0x1F, 0x63, 0x42, 0x17, 0x1F, 0x62, 0x42, 0x17, 0x1F, 
0x61, 0x42, 0x17, 0x1F, 0x5A, 0x42, 0x17, 0x1F, 0x59, 0x42, 0x17, 0x1F, 
0x58, 0x43, 0x1C, 0x1F, 0x57, 0x43, 0x1C, 0x1F, 0x56, 0x43, 0x1C, 0x1F, 
0x55, 0x43, 0x1C, 0x1F, 0x54, 0x42, 0x17, 0x1F, 0x53, 0x42, 0x17, 0x1F, 
0x52, 0x42, 0x17, 0x1F, 0x51, 0x42, 0x17, 0x1F, 0x4D, 0x42, 0x17, 0x1F, 
0x4C, 0x42, 0x17, 0x1F, 0x4B, 0x43, 0x1C, 0x1F, 0x4A, 0x43, 0x1C, 0x1F, 
0x49, 0x43, 0x1C, 0x1F, 0x48, 0x43, 0x1C, 0x1F, 0x47, 0x42, 0x17, 0x1F, 
0x46, 0x42, 0x17, 0x1F, 0x45, 0x42, 0x17, 0x1F, 0x44, 0x42, 0x17, 0x1F, 
0x43, 0x41, 0x1B, 0x1F, 0x42, 0x41, 0x17, 0x1F, 0x00, 0x28, 0x28, 0x00, 
0x00, 0x00, 0x12, 0x11, 0x08, 0x02, 0x40, 0x37, 0x0F, 0x3F, 0xB8, 0x01, 
0x00, 0x40, 0x1E, 0x16, 0x01, 0x1A, 0x08, 0x18, 0x08, 0x16, 0x08, 0x14, 
0x08, 0x12, 0x08, 0x10, 0x08, 0x0E, 0x08, 0x0C, 0x08, 0x0A, 0x08, 0x08, 
0x08, 0x06, 0x08, 0x04, 0x08, 0x02, 0x08, 0x00, 0x08, 0x4B, 0xB8, 0x07, 
0xFF, 0x52, 0x4B, 0xB0, 0x08, 0x50, 0x5B, 0x58, 0xB1, 0x01, 0x01, 0x8E, 
0x59, 0xB0, 0x12, 0x4B, 0x00, 0x4B, 0x54, 0x42, 0xB9, 0x00, 0x01, 0x01, 
0xFF, 0x85, 0x8D, 0x2B, 0x2B, 0x2B, 0x2B, 0x2B, 0x2B, 0x2B, 0x2B, 0x2B, 
0x2B, 0x2B, 0x2B, 0x2B, 0x2B, 0x42, 0x01, 0x1D, 0x4B, 0xB0, 0x1D, 0x53, 
0x58, 0xB0, 0x60, 0x1D, 0x59, 0x4B, 0xB0, 0x80, 0x53, 0x58, 0xB0, 0x00, 
0x1D, 0xB1, 0x16, 0x00, 0x42, 0x59, 0x2B, 0xB1, 0x02, 0x00, 0x42, 0xB2, 
0x17, 0x11, 0x01, 0x88, 0x20, 0xB0, 0x22, 0x51, 0x8A, 0x23, 0x78, 0xB0, 
0x40, 0x52, 0x78, 0xB1, 0x0A, 0x20, 0x88, 0xB8, 0x10, 0x00, 0x55, 0x78, 
0xB1, 0x02, 0x01, 0x42, 0xB0, 0x03, 0x1C, 0x21, 0x21, 0x01, 0x45, 0x69, 
0x53, 0x23, 0x43, 0x5C, 0x5A, 0x42, 0x01, 0x4B, 0x50, 0x58, 0xB1, 0x08, 
0x00, 0x42, 0x59, 0x43, 0x5C, 0x58, 0xB1, 0x08, 0x00, 0x42, 0x59, 0x16, 
0x10, 0x70, 0x3E, 0x18, 0x2B, 0x2B, 0x2B, 0x2B, 0x2B, 0x2B, 0x2B, 0x2B, 
0x2B, 0x2B, 0x2B, 0x2B, 0x2B, 0x2B, 0x2B, 0x2B, 0x2B, 0x2B, 0x2B, 0x2B, 
0x2B, 0x2B, 0x2B, 0x2B, 0x2B, 0x2B, 0x2B, 0x2B, 0x2B, 0x2B, 0x2B, 0x2B, 
0x2B, 0x2B, 0x2B, 0x2B, 0x2B, 0x2B, 0x2B, 0x2B, 0x2B, 0x2B, 0x2B, 0x73, 
0x73, 0x73, 0x73, 0x73, 0x73, 0x73, 0x73, 0x73, 0x73, 0x73, 0x73, 0x73, 
0x73, 0x73, 0x73, 0x74, 0x74, 0x74, 0x75, 0x75, 0x75, 0x75, 0x73, 0x73, 
0x73, 0x73, 0x73, 0x73, 0x73, 0x73, 0x73, 0x73, 0x73, 0x73, 0x73, 0x74, 
0x74, 0x74, 0x74, 0x74, 0x75, 0x75, 0x75, 0x73, 0x73, 0x73, 0x73, 0x73, 
0x74, 0x74, 0x74, 0x74, 0x74, 0x75, 0x75, 0x75, 0x75, 0x73, 0x73, 0x73, 
0x73, 0x73, 0x73, 0x73, 0x73, 0x74, 0x75, 0x73, 0x73, 0x73, 0x73, 0x73, 
0x73, 0x73, 0x73, 0x73, 0x73, 0x73, 0x73, 0x73, 0x73, 0x73, 0x73, 0x73, 
0x73, 0x73, 0x73, 0x73, 0x73, 0x74, 0x73, 0x73, 0x73, 0x73, 0x74, 0x73, 
0x73, 0x73, 0x73, 0x73, 0x73, 0x73, 0x73, 0x74, 0x74, 0x74, 0x73, 0x73, 
0x73, 0x73, 0x73, 0x73, 0x73, 0x73, 0x73, 0x73, 0x73, 0x73, 0x73, 0x73, 
0x73, 0x73, 0x74, 0x74, 0x74, 0x74, 0x74, 0x74, 0x74, 0x74, 0x74, 0x74, 
0x74, 0x74, 0x73, 0x73, 0x73, 0x73, 0x73, 0x73, 0x73, 0x73, 0x73, 0x73, 
0x73, 0x73, 0x74, 0x74, 0x74, 0x74, 0x74, 0x74, 0x74, 0x74, 0x73, 0x73, 
0x73, 0x74, 0x74, 0x73, 0x73, 0x73, 0x73, 0x73, 0x73, 0x73, 0x73, 0x73, 
0x73, 0x73, 0x73, 0x73, 0x06, 0x1D, 0x00, 0x00, 0x06, 0x1D, 0x00, 0x00, 
0x06, 0x1D, 0x00, 0x00, 0x03, 0xF2, 0x00, 0x04, 0x00, 0x00, 0x00, 0x00, 
0x00, 0x00, 0x00, 0x00, 0x00, 0x00, 0x00, 0x00, 0xFE, 0x8F, 0x00, 0x00, 
0x06, 0x1D, 0x00, 0x00, 0xFF, 0x37, 0xFF, 0x08, 0x02, 0xFE, 0x00, 0x00, 
0x06, 0x1D, 0x00, 0x00, 0x03, 0x01, 0x00, 0x00, 0x06, 0x1D, 0x00, 0x00, 
0x00, 0x00, 0x00, 0x00, 0x00, 0x00, 0x00, 0x00, 0x00, 0x00, 0x00, 0x00, 
0x00, 0x00, 0x00, 0x00, 0x00, 0x5C, 0x00, 0x5C, 0x00, 0x52, 0x00, 0x52, 
0x00, 0x00, 0x00, 0x00, 0x00, 0x00, 0x00, 0x00, 0x00, 0x00, 0x00, 0x00, 
0x00, 0x00, 0x00, 0x00, 0x00, 0x00, 0x00, 0x00, 0x00, 0x00, 0x00, 0x00, 
0x00, 0x00, 0x00, 0x00, 0x00, 0x00, 0x00, 0x00, 0x00, 0x00, 0x00, 0x00, 
0x00, 0x00, 0x00, 0x00, 0x00, 0x00, 0x00, 0x00, 0x00, 0x00, 0x00, 0x00, 
0x00, 0x00, 0x00, 0xC9, 0x00, 0xE5, 0x00, 0xCF, 0x00, 0xEA, 0x00, 0x00, 
0x00, 0xEA, 0x00, 0x00, 0x00, 0xDA, 0x00, 0xCF, 0x00, 0xC9, 0x00, 0x00, 
0x00, 0xBE, 0x00, 0x00, 0x00, 0x00, 0x00, 0x00, 0x00, 0x00, 0x00, 0xE5, 
0x00, 0x00, 0x00, 0xE0, 0x00, 0x00, 0x00, 0xBB, 0x00, 0x95, 0x00, 0xBE, 
0x00, 0x00, 0x00, 0xA9, 0x00, 0x00, 0x00, 0x00, 0x00, 0x00, 0x00, 0x00, 
0x00, 0xE5, 0x00, 0xEC, 0x00, 0x91, 0x00, 0xE6, 0x00, 0x00, 0x00, 0xE6, 
0x00, 0x00, 0x00, 0xCD, 0x00, 0x00, 0x00, 0xC9, 0x00, 0x00, 0x00, 0xB5, 
0x00, 0xF5, 0x00, 0x00, 0x00, 0x00, 0x00, 0x00, 0x00, 0x00, 0x00, 0x00, 
0x00, 0x00, 0x00, 0x00, 0x00, 0x00, 0x00, 0x00, 0x00, 0x00, 0x00, 0x00, 
0x00, 0x00, 0x00, 0x00, 0x00, 0x00, 0x00, 0x00, 0x00, 0x00, 0x00, 0xE1, 
0x00, 0xFA, 0x00, 0xE6, 0x00, 0x00, 0x00, 0xF2, 0x00, 0x00, 0x00, 0xD1, 
0x00, 0xCF, 0x00, 0xD5, 0x00, 0xDB, 0x01, 0x14, 0x00, 0xCB, 0x00, 0xAD, 
0x00, 0xA0, 0x00, 0x93, 0x00, 0x00, 0x00, 0xA6, 0x00, 0x92, 0x00, 0xD5, 
0x01, 0x31, 0x03, 0x0E, 0x01, 0x2B, 0x00, 0x00, 0x00, 0xC2, 0x04, 0x35, 
0x00, 0xA6, 0x00, 0x9C, 0x00, 0x9D, 0x00, 0x8E, 0x01, 0x11, 0x00, 0xDB, 
0x00, 0x9A, 0x00, 0x81, 0x00, 0x00, 0x00, 0x00, 0x01, 0x31, 0x01, 0x0E, 
0x00, 0xE9, 0x01, 0x5E, 0x00, 0x00, 0x00, 0x00, 0x00, 0x00, 0x00, 0x00, 
0x00, 0x00, 0x00, 0x00, 0x00, 0x00, 0x00, 0xE6, 0x00, 0xC8, 0x01, 0x71, 
0x01, 0x36, 0x00, 0x00, 0x00, 0x00, 0x00, 0x00, 0x00, 0x00, 0x00, 0x00, 
0x00, 0x00, 0x00, 0x00, 0x00, 0x4C, 0x04, 0x2C, 0x03, 0x1C, 0x00, 0x00, 
0x00, 0x00, 0x00, 0x00, 0x00, 0x00, 0x00, 0x00, 0x00, 0x00, 0x00, 0x00, 
0x00, 0x00, 0x00, 0x00, 0x00, 0x7C, 0x00, 0x74, 0x00, 0x9A, 0x00, 0x9A, 
0x00, 0x7C, 0x01, 0x2C, 0x00, 0xD7, 0x01, 0x3D, 0x00, 0xD7, 0x00, 0x0A, 
0x00, 0x0A, 0x00, 0x00, 0x00, 0x00, 0x00, 0x00, 0x00, 0x00, 0x00, 0x00, 
0x00, 0x00, 0x00, 0x00, 0x00, 0x00, 0x00, 0x0A, 0x00, 0x0A, 0x00, 0x00, 
0x00, 0x00, 0x00, 0x22, 0x00, 0x22, 0x00, 0x22, 0x00, 0x22, 0x00, 0x46, 
0x00, 0x6E, 0x00, 0xDE, 0x01, 0x80, 0x02, 0x00, 0x02, 0x78, 0x02, 0x94, 
0x02, 0xBE, 0x02, 0xE8, 0x03, 0x38, 0x03, 0x6E, 0x03, 0x8A, 0x03, 0xA4, 
0x03, 0xBC, 0x03, 0xDA, 0x04, 0x26, 0x04, 0x4A, 0x04, 0xB6, 0x05, 0x3C, 
0x05, 0x7A, 0x05, 0xDC, 0x06, 0x4A, 0x06, 0x78, 0x07, 0x14, 0x07, 0x82, 
0x07, 0xA4, 0x07, 0xCE, 0x07, 0xFC, 0x08, 0x20, 0x08, 0x4E, 0x08, 0xAA, 
0x09, 0x4E, 0x09, 0x94, 0x09, 0xFE, 0x0A, 0x58, 0x0A, 0xA0, 0x0A, 0xD6, 
0x0B, 0x04, 0x0B, 0x64, 0x0B, 0x96, 0x0B, 0xAE, 0x0B, 0xE6, 0x0C, 0x3A, 
0x0C, 0x58, 0x0C, 0xA4, 0x0C, 0xD8, 0x0D, 0x24, 0x0D, 0x68, 0x0D, 0xCE, 
0x0E, 0x34, 0x0E, 0xB0, 0x0E, 0xD4, 0x0F, 0x0A, 0x0F, 0x5A, 0x10, 0x0C, 
0x10, 0x68, 0x10, 0xA6, 0x10, 0xD6, 0x11, 0x04, 0x11, 0x1E, 0x11, 0x4A, 
0x11, 0x76, 0x11, 0x8E, 0x11, 0xB2, 0x12, 0x20, 0x12, 0x6A, 0x12, 0xC0, 
0x13, 0x12, 0x13, 0x7A, 0x13, 0xB8, 0x14, 0x2A, 0x14, 0x70, 0x14, 0x9A, 
0x14, 0xD4, 0x15, 0x22, 0x15, 0x3A, 0x15, 0xB2, 0x15, 0xF8, 0x16, 0x46, 
0x16, 0x98, 0x16, 0xE2, 0x17, 0x2E, 0x17, 0xAE, 0x17, 0xFE, 0x18, 0x36, 
0x18, 0x84, 0x19, 0x32, 0x19, 0xB2, 0x1A, 0x06, 0x1A, 0x3C, 0x1A, 0x90, 
0x1A, 0xA6, 0x1A, 0xFE, 0x1B, 0x30, 0x1B, 0x4A, 0x1B, 0x5E, 0x1B, 0x70, 
0x1B, 0x86, 0x1B, 0x9C, 0x1B, 0xB6, 0x1B, 0xD0, 0x1B, 0xE4, 0x1B, 0xF8, 
0x1C, 0x0C, 0x1C, 0x24, 0x1C, 0x38, 0x1C, 0x4E, 0x1C, 0x60, 0x1C, 0x74, 
0x1C, 0x88, 0x1C, 0x9C, 0x1C, 0xB4, 0x1C, 0xC8, 0x1C, 0xDE, 0x1C, 0xF4, 
0x1D, 0x0E, 0x1D, 0x22, 0x1D, 0x36, 0x1D, 0x4A, 0x1D, 0x5E, 0x1D, 0x76, 
0x1D, 0x8A, 0x1D, 0x9E, 0x1D, 0xB2, 0x1D, 0xC6, 0x1D, 0xDE, 0x1E, 0x10, 
0x1E, 0x58, 0x1E, 0xBC, 0x1F, 0x1C, 0x1F, 0xB2, 0x1F, 0xDE, 0x20, 0x20, 
0x20, 0x7C, 0x21, 0x00, 0x21, 0x9A, 0x21, 0xEE, 0x22, 0x16, 0x22, 0x52, 
0x22, 0xA0, 0x22, 0xF2, 0x23, 0x4A, 0x23, 0xA2, 0x23, 0xD8, 0x24, 0x12, 
0x24, 0x4C, 0x24, 0xB6, 0x24, 0xEA, 0x25, 0x28, 0x25, 0x6A, 0x25, 0x96, 
0x25, 0xC2, 0x25, 0xF4, 0x26, 0x58, 0x26, 0xB0, 0x27, 0x02, 0x27, 0x9A, 
0x27, 0xF6, 0x28, 0x4E, 0x28, 0x70, 0x28, 0x8E, 0x28, 0xBC, 0x29, 0x06, 
0x29, 0x5A, 0x29, 0x8A, 0x29, 0xCA, 0x2A, 0x0C, 0x2A, 0x3A, 0x2A, 0x3A, 
0x2A, 0x50, 0x2A, 0x66, 0x2A, 0x7C, 0x2A, 0xD4, 0x2B, 0x40, 0x2B, 0x58, 
0x2B, 0x70, 0x2B, 0x9E, 0x2B, 0xCC, 0x2B, 0xEA, 0x2C, 0x08, 0x2C, 0x4C, 
0x2C, 0x88, 0x2C, 0xA0, 0x2C, 0xBA, 0x2C, 0xCC, 0x2D, 0x20, 0x2D, 0x44, 
0x2D, 0x6C, 0x2D, 0xBC, 0x2D, 0xFC, 0x2E, 0x3C, 0x2E, 0x54, 0x2E, 0x70, 
0x2E, 0x9C, 0x2F, 0x4A, 0x2F, 0x60, 0x2F, 0x76, 0x2F, 0x8C, 0x2F, 0xA6, 
0x2F, 0xBC, 0x2F, 0xD2, 0x2F, 0xE8, 0x30, 0x02, 0x30, 0x18, 0x30, 0x2E, 
0x30, 0x44, 0x30, 0x66, 0x30, 0x7C, 0x30, 0x92, 0x30, 0xA8, 0x30, 0xBE, 
0x30, 0xD6, 0x31, 0x08, 0x31, 0x48, 0x31, 0x60, 0x31, 0x88, 0x31, 0xA0, 
0x31, 0xE4, 0x32, 0x22, 0x32, 0x54, 0x32, 0x80, 0x32, 0xB0, 0x32, 0xC2, 
0x32, 0xD4, 0x32, 0xEA, 0x32, 0xFE, 0x33, 0x14, 0x33, 0x28, 0x33, 0x4E, 
0x33, 0x60, 0x33, 0xE4, 0x33, 0xFA, 0x34, 0x0E, 0x34, 0x56, 0x34, 0xA2, 
0x34, 0xBA, 0x34, 0xF4, 0x35, 0x14, 0x35, 0x66, 0x35, 0xE4, 0x35, 0xF4, 
0x36, 0x04, 0x36, 0x14, 0x36, 0x32, 0x36, 0x48, 0x36, 0x5E, 0x36, 0x76, 
0x36, 0x8E, 0x36, 0xCE, 0x37, 0x2E, 0x37, 0x90, 0x37, 0xE8, 0x38, 0x62, 
0x38, 0xE8, 0x39, 0x30, 0x39, 0x72, 0x39, 0xBC, 0x3A, 0x26, 0x3A, 0x5E, 
0x3A, 0x8E, 0x3A, 0xEA, 0x3B, 0x5E, 0x3B, 0xAA, 0x3B, 0xC0, 0x3B, 0xD6, 
0x3B, 0xEC, 0x3C, 0x02, 0x3C, 0x1C, 0x3C, 0x34, 0x3C, 0x4A, 0x3C, 0x60, 
0x3C, 0x76, 0x3C, 0x8A, 0x3C, 0xA0, 0x3C, 0xBA, 0x3C, 0xF4, 0x3D, 0x0A, 
0x3D, 0x58, 0x3D, 0xA8, 0x3D, 0xF6, 0x3E, 0x24, 0x3E, 0xA8, 0x3F, 0x0E, 
0x3F, 0x18, 0x3F, 0x22, 0x3F, 0x2C, 0x3F, 0x36, 0x3F, 0x40, 0x3F, 0x4A, 
0x3F, 0x54, 0x3F, 0x5E, 0x3F, 0x68, 0x3F, 0x72, 0x3F, 0xFC, 0x40, 0x0E, 
0x40, 0x44, 0x40, 0x74, 0x40, 0xB6, 0x40, 0xEC, 0x00, 0x02, 0x00, 0x80, 
0x00, 0x00, 0x03, 0x80, 0x06, 0x61, 0x00, 0x03, 0x00, 0x07, 0x00, 0x1A, 
0x40, 0x0A, 0x05, 0x03, 0x09, 0x04, 0x00, 0x08, 0x06, 0x02, 0x04, 0x00, 
0x00, 0x2F, 0xCD, 0x2F, 0xCD, 0x01, 0x10, 0xD6, 0xCD, 0x10, 0xD6, 0xCD, 
0x31, 0x30, 0x33, 0x11, 0x21, 0x11, 0x25, 0x21, 0x11, 0x21, 0x80, 0x03, 
0x00, 0xFD, 0x80, 0x02, 0x00, 0xFE, 0x00, 0x06, 0x61, 0xF9, 0x9F, 0x80, 
0x05, 0x61, 0x00, 0x00, 0x00, 0x02, 0x00, 0x5E, 0x00, 0x00, 0x01, 0x58, 
0x06, 0x1D, 0x00, 0x03, 0x00, 0x07, 0x00, 0x1F, 0x40, 0x0F, 0x09, 0x25, 
0x00, 0x07, 0x44, 0x03, 0x06, 0x24, 0x03, 0x02, 0x08, 0x02, 0x06, 0x7F, 
0x05, 0x00, 0x2F, 0xF5, 0xCE, 0x10, 0xE6, 0x01, 0xF6, 0x32, 0xFD, 0x32, 
0xE6, 0x31, 0x30, 0x01, 0x03, 0x23, 0x03, 0x13, 0x23, 0x35, 0x33, 0x01, 
0x58, 0x21, 0xB8, 0x21, 0xF0, 0xE8, 0xE8, 0x06, 0x1D, 0xFB, 0x50, 0x04, 
0xB0, 0xF9, 0xE3, 0xF0, 0x00, 0x02, 0x00, 0x4A, 0x04, 0x33, 0x02, 0x77, 
0x06, 0x1D, 0x00, 0x03, 0x00, 0x07, 0x00, 0x23, 0x40, 0x0F, 0x09, 0x00, 
0x51, 0x03, 0x07, 0x51, 0x04, 0x08, 0x01, 0x05, 0x05, 0x03, 0x07, 0x02, 
0x08, 0x00, 0x10, 0xEE, 0x32, 0x32, 0x2F, 0x33, 0x01, 0x7D, 0x10, 0xDC, 
0x18, 0xED, 0xDE, 0xFD, 0xC6, 0x31, 0x30, 0x01, 0x03, 0x23, 0x03, 0x23, 
0x03, 0x23, 0x03, 0x02, 0x77, 0x2B, 0x8E, 0x2B, 0x64, 0x2D, 0x8B, 0x2D, 
0x06, 0x1D, 0xFE, 0x16, 0x01, 0xEA, 0xFE, 0x16, 0x01, 0xEA, 0x00, 0x00, 
0x00, 0x02, 0x00, 0x2F, 0x00, 0x00, 0x04, 0x29, 0x06, 0x1D, 0x00, 0x1B, 
0x00, 0x1F, 0x00, 0x75, 0x40, 0x3E, 0x08, 0x1F, 0x1C, 0x17, 0x04, 0x07, 
0x18, 0x19, 0x0C, 0x0F, 0x10, 0x13, 0x04, 0x0B, 0x11, 0x11, 0x0D, 0x14, 
0x09, 0x1E, 0x1D, 0x16, 0x04, 0x0A, 0x15, 0x05, 0x02, 0x01, 0x1A, 0x04, 
0x06, 0x19, 0x21, 0x0A, 0x0B, 0x03, 0x03, 0x1B, 0x06, 0x07, 0x0B, 0x20, 
0x1B, 0x0D, 0x1A, 0x16, 0x13, 0x1D, 0x01, 0x11, 0x18, 0x14, 0x02, 0x20, 
0x09, 0x05, 0x0C, 0x1E, 0x02, 0x0E, 0x07, 0x0B, 0x00, 0x2F, 0x33, 0xDC, 
0x32, 0x32, 0xCD, 0x32, 0x32, 0x10, 0xFC, 0x32, 0xDC, 0x32, 0x32, 0xCD, 
0x32, 0x32, 0x01, 0x2F, 0x2F, 0x10, 0xDE, 0xDC, 0xCD, 0x11, 0x39, 0x2F, 
0x10, 0xCD, 0x10, 0xDC, 0x11, 0x17, 0x39, 0xDC, 0x11, 0x17, 0x39, 0xCD, 
0x11, 0x39, 0x2F, 0x11, 0x17, 0x39, 0x10, 0xCD, 0x11, 0x17, 0x39, 0x31, 
0x30, 0x01, 0x23, 0x03, 0x33, 0x15, 0x23, 0x03, 0x23, 0x13, 0x23, 0x03, 
0x23, 0x13, 0x23, 0x35, 0x33, 0x13, 0x23, 0x35, 0x33, 0x13, 0x33, 0x03, 
0x33, 0x13, 0x33, 0x03, 0x33, 0x05, 0x23, 0x03, 0x33, 0x04, 0x29, 0xBC, 
0x40, 0xB4, 0xD3, 0x3F, 0xCF, 0x3F, 0xA5, 0x3E, 0xD1, 0x40, 0x9C, 0xBA, 
0x40, 0xB2, 0xD1, 0x3F, 0xCF, 0x3F, 0xA5, 0x40, 0xD1, 0x42, 0x9E, 0xFE, 
0x75, 0xA6, 0x40, 0xA6, 0x03, 0xD3, 0xFE, 0x73, 0xBF, 0xFE, 0x79, 0x01, 
0x87, 0xFE, 0x79, 0x01, 0x87, 0xBF, 0x01, 0x8D, 0xBE, 0x01, 0x8C, 0xFE, 
0x74, 0x01, 0x8C, 0xFE, 0x74, 0xBE, 0xFE, 0x73, 0x00, 0x01, 0x00, 0x5A, 
0xFF, 0x83, 0x03, 0x48, 0x06, 0x9A, 0x00, 0x35, 0x00, 0xA8, 0xB4, 0xC7, 
0x33, 0x01, 0x02, 0x2B, 0xB8, 0xFF, 0xF0, 0x40, 0x21, 0xA8, 0x25, 0xB8, 
0x25, 0x02, 0x03, 0xB7, 0x24, 0x01, 0x02, 0xA7, 0x24, 0x01, 0x03, 0x1E, 
0x10, 0xC8, 0x19, 0x01, 0x02, 0x11, 0x10, 0xA7, 0x0A, 0xB7, 0x0A, 0x02, 
0xA8, 0x09, 0xB8, 0x09, 0x02, 0x02, 0xB8, 0xFF, 0xF0, 0x40, 0x36, 0x29, 
0x04, 0xC4, 0x37, 0x25, 0x00, 0x2E, 0x2E, 0x00, 0x44, 0x17, 0x2F, 0x2F, 
0x17, 0x16, 0x32, 0x32, 0x16, 0x44, 0x20, 0x0F, 0xC4, 0x13, 0x1B, 0x1B, 
0x13, 0x24, 0x36, 0x2D, 0x1C, 0xC4, 0x23, 0x18, 0x15, 0x2E, 0x15, 0x2E, 
0x15, 0x0B, 0x31, 0x48, 0x26, 0x24, 0x23, 0x02, 0x36, 0x00, 0x13, 0xC4, 
0x17, 0x48, 0x0A, 0x08, 0x0B, 0x00, 0x2F, 0x33, 0xCD, 0xED, 0xE9, 0x32, 
0x10, 0xFC, 0xCD, 0x33, 0xED, 0x12, 0x39, 0x39, 0x2F, 0x2F, 0x11, 0x39, 
0x10, 0xE9, 0x32, 0x01, 0x10, 0xE6, 0x32, 0x2F, 0x10, 0xE9, 0x32, 0xED, 
0x32, 0x2F, 0x7D, 0x10, 0xCE, 0x32, 0x18, 0x2F, 0x10, 0xED, 0x32, 0x2F, 
0x10, 0xE6, 0xE9, 0x32, 0x31, 0x30, 0x38, 0x5D, 0x5D, 0x38, 0x5F, 0x5D, 
0x38, 0x5F, 0x5D, 0x5F, 0x5D, 0x5F, 0x5D, 0x38, 0x5F, 0x5D, 0x25, 0x14, 
0x07, 0x06, 0x23, 0x22, 0x27, 0x22, 0x23, 0x15, 0x23, 0x35, 0x22, 0x23, 
0x06, 0x23, 0x22, 0x27, 0x26, 0x35, 0x11, 0x33, 0x11, 0x21, 0x11, 0x01, 
0x26, 0x35, 0x11, 0x34, 0x37, 0x36, 0x33, 0x32, 0x16, 0x33, 0x35, 0x33, 
0x15, 0x32, 0x36, 0x33, 0x32, 0x17, 0x16, 0x15, 0x11, 0x23, 0x11, 0x21, 
0x11, 0x01, 0x16, 0x15, 0x03, 0x48, 0x36, 0x27, 0x55, 0x0E, 0x1E, 0x1E, 
0x0F, 0xDB, 0x0F, 0x1E, 0x1D, 0x0F, 0x54, 0x27, 0x34, 0xEA, 0x01, 0x1A, 
0xFE, 0x2F, 0x33, 0x34, 0x27, 0x54, 0x0F, 0x3B, 0x0F, 0xDB, 0x0F, 0x3D, 
0x0F, 0x54, 0x27, 0x35, 0xEA, 0xFE, 0xE6, 0x01, 0xCE, 0x36, 0x9E, 0x58, 
0x21, 0x18, 0x01, 0x8B, 0x8B, 0x01, 0x18, 0x20, 0x59, 0x01, 0x66, 0xFE, 
0xC7, 0x01, 0x31, 0x01, 0xB8, 0x31, 0x4E, 0x01, 0x4C, 0x58, 0x21, 0x18, 
0x02, 0x8C, 0x8C, 0x02, 0x18, 0x20, 0x57, 0xFE, 0xAE, 0x01, 0x1F, 0xFE, 
0xED, 0xFE, 0x4C, 0x32, 0x4D, 0x00, 0x00, 0x00, 0x00, 0x05, 0x00, 0x2B, 
0x00, 0x00, 0x05, 0x0E, 0x06, 0x1D, 0x00, 0x05, 0x00, 0x11, 0x00, 0x15, 
0x00, 0x21, 0x00, 0x25, 0x00, 0x7F, 0x40, 0x48, 0x18, 0x1F, 0xC4, 0x21, 
0x0F, 0x08, 0xC4, 0x06, 0x01, 0x03, 0x04, 0x00, 0x03, 0x00, 0x03, 0x00, 
0x1C, 0x27, 0xAF, 0x06, 0x01, 0x06, 0x94, 0x12, 0x15, 0x94, 0x0E, 0x09, 
0xC4, 0x0B, 0x21, 0x94, 0x23, 0x24, 0x94, 0x19, 0x1E, 0xC4, 0x1C, 0x26, 
0x26, 0x21, 0x1C, 0xC4, 0x1E, 0x16, 0x1B, 0xC4, 0x25, 0x9B, 0x19, 0xB6, 
0x24, 0x9B, 0x04, 0x1E, 0x02, 0x11, 0x0C, 0xC4, 0x14, 0x9B, 0x0E, 0xB6, 
0x06, 0x0B, 0xC4, 0x15, 0x9B, 0x01, 0x09, 0x08, 0x00, 0x3F, 0x33, 0xED, 
0xE9, 0x32, 0xFD, 0xED, 0xE9, 0x32, 0x3F, 0x33, 0xED, 0xFD, 0xED, 0xE9, 
0x32, 0x10, 0xE9, 0x32, 0x01, 0x10, 0xF6, 0xE9, 0x32, 0xFD, 0xDE, 0xFD, 
0xDC, 0xE9, 0x32, 0xFD, 0xDE, 0xFD, 0x5D, 0xC6, 0x12, 0x39, 0x39, 0x2F, 
0x2F, 0x10, 0xCD, 0x10, 0xCD, 0x10, 0xE9, 0x32, 0x10, 0xE9, 0x32, 0x31, 
0x30, 0x09, 0x01, 0x23, 0x35, 0x01, 0x33, 0x13, 0x14, 0x23, 0x21, 0x22, 
0x35, 0x11, 0x34, 0x33, 0x21, 0x32, 0x15, 0x03, 0x11, 0x23, 0x11, 0x01, 
0x14, 0x23, 0x21, 0x22, 0x35, 0x11, 0x34, 0x33, 0x21, 0x32, 0x15, 0x03, 
0x11, 0x23, 0x11, 0x04, 0x85, 0xFC, 0xB8, 0x87, 0x03, 0x49, 0x86, 0x89, 
0x79, 0xFE, 0xF2, 0x79, 0x79, 0x01, 0x0E, 0x79, 0xA8, 0xB2, 0xFE, 0x77, 
0x79, 0xFE, 0xF2, 0x79, 0x79, 0x01, 0x0E, 0x79, 0xA8, 0xB2, 0x06, 0x00, 
0xFA, 0x00, 0x1C, 0x06, 0x01, 0xFA, 0x5C, 0x79, 0x79, 0x02, 0x2A, 0x79, 
0x79, 0xFD, 0xEF, 0x01, 0xF8, 0xFE, 0x08, 0x02, 0xE8, 0x79, 0x79, 0x02, 
0x2A, 0x79, 0x79, 0xFD, 0xEF, 0x01, 0xF8, 0xFE, 0x08, 0x00, 0x00, 0x00, 
0x00, 0x02, 0x00, 0x5A, 0x00, 0x00, 0x03, 0xBA, 0x06, 0x1D, 0x00, 0x1B, 
0x00, 0x20, 0x00, 0x84, 0xB9, 0x00, 0x13, 0xFF, 0xF0, 0xB4, 0x10, 0x10, 
0x04, 0x10, 0x13, 0xBA, 0xFF, 0xF0, 0x00, 0x10, 0xFF, 0xF0, 0x40, 0x36, 
0x04, 0x10, 0x15, 0x15, 0x12, 0xC0, 0x02, 0x00, 0x00, 0x02, 0x44, 0x1C, 
0x16, 0x16, 0x1C, 0xC7, 0x19, 0x20, 0x44, 0x11, 0x0A, 0x03, 0xC0, 0x0E, 
0x05, 0x24, 0x21, 0x0E, 0x0E, 0x0A, 0x06, 0x06, 0x0A, 0x0A, 0x01, 0x1E, 
0x48, 0x16, 0x1A, 0x1A, 0x03, 0x14, 0x0F, 0xC0, 0x18, 0x48, 0x11, 0x02, 
0x21, 0x20, 0x48, 0x05, 0xC0, 0x03, 0x00, 0x2F, 0xE9, 0xED, 0x10, 0xF4, 
0xED, 0xE9, 0x32, 0x12, 0x39, 0x2F, 0x7D, 0xCE, 0x18, 0xED, 0x32, 0x39, 
0x3D, 0x2F, 0x33, 0x7D, 0x2F, 0x11, 0x33, 0x7C, 0x2F, 0x01, 0x18, 0x10, 
0xF6, 0x32, 0xE9, 0x32, 0x32, 0xF5, 0x32, 0xEE, 0x32, 0x2F, 0x10, 0xE5, 
0x32, 0x2F, 0x10, 0xE8, 0x33, 0x2F, 0x31, 0x30, 0x00, 0x38, 0x38, 0x38, 
0x01, 0x38, 0x38, 0x38, 0x01, 0x23, 0x11, 0x21, 0x22, 0x35, 0x11, 0x34, 
0x37, 0x36, 0x37, 0x26, 0x27, 0x26, 0x35, 0x11, 0x34, 0x33, 0x21, 0x32, 
0x15, 0x11, 0x23, 0x11, 0x21, 0x11, 0x17, 0x21, 0x01, 0x11, 0x23, 0x07, 
0x11, 0x03, 0xBA, 0x6E, 0xFD, 0x9B, 0x8D, 0x32, 0x3B, 0x3B, 0x39, 0x39, 
0x32, 0x8E, 0x01, 0xDB, 0x8D, 0xE5, 0xFE, 0xD7, 0x6A, 0x02, 0x0A, 0xFE, 
0xAE, 0xBE, 0x6B, 0x02, 0xCB, 0xFD, 0x35, 0x8D, 0x01, 0xDD, 0x4C, 0x2C, 
0x28, 0x27, 0x26, 0x27, 0x2B, 0x49, 0x01, 0x9D, 0x8E, 0x8E, 0xFE, 0xBB, 
0x01, 0x0E, 0xFE, 0x85, 0x4A, 0xFD, 0x32, 0x02, 0x06, 0x4C, 0xFE, 0x46, 
0x00, 0x01, 0x00, 0x4A, 0x04, 0x33, 0x01, 0x2F, 0x06, 0x1D, 0x00, 0x03, 
0x00, 0x18, 0x40, 0x0A, 0x05, 0x00, 0x44, 0x03, 0x04, 0x02, 0x02, 0x03, 
0x02, 0x04, 0x00, 0x10, 0xEE, 0x32, 0x2F, 0x01, 0x10, 0xDE, 0xFD, 0xCE, 
0x31, 0x30, 0x01, 0x03, 0x23, 0x03, 0x01, 0x2F, 0x2D, 0x8B, 0x2D, 0x06, 
0x1D, 0xFE, 0x16, 0x01, 0xEA, 0x00, 0x00, 0x00, 0x00, 0x01, 0x00, 0x54, 
0xFF, 0x37, 0x02, 0x3B, 0x06, 0x1D, 0x00, 0x0B, 0x00, 0x1D, 0x40, 0x0D, 
0x01, 0x05, 0x44, 0x0D, 0x00, 0x06, 0x09, 0x44, 0x03, 0x05, 0x02, 0x01, 
0x0C, 0x00, 0x10, 0xCE, 0xEC, 0x01, 0xD6, 0xFD, 0xDC, 0x32, 0xCE, 0xED, 
0x32, 0x31, 0x30, 0x05, 0x23, 0x00, 0x11, 0x10, 0x01, 0x33, 0x15, 0x02, 
0x11, 0x10, 0x13, 0x02, 0x3B, 0xE7, 0xFF, 0x00, 0x01, 0x00, 0xE7, 0xED, 
0xED, 0xC9, 0x01, 0x96, 0x01, 0xDD, 0x01, 0xDD, 0x01, 0x96, 0x0B, 0xFE, 
0x64, 0xFE, 0x34, 0xFE, 0x34, 0xFE, 0x64, 0x00, 0x00, 0x01, 0x00, 0x35, 
0xFF, 0x37, 0x02, 0x1D, 0x06, 0x1D, 0x00, 0x0B, 0x00, 0x1D, 0x40, 0x0D, 
0x06, 0x44, 0x00, 0x0D, 0x02, 0x0A, 0x44, 0x03, 0x09, 0x0A, 0x02, 0x03, 
0x0C, 0x00, 0x10, 0xCE, 0xEC, 0x01, 0xD6, 0x32, 0xED, 0x32, 0x10, 0xD6, 
0xED, 0x31, 0x30, 0x01, 0x10, 0x01, 0x23, 0x35, 0x12, 0x11, 0x10, 0x03, 
0x35, 0x33, 0x00, 0x02, 0x1D, 0xFF, 0x00, 0xE8, 0xEE, 0xEE, 0xE8, 0x01, 
0x00, 0x02, 0xAA, 0xFE, 0x23, 0xFE, 0x6A, 0x0B, 0x01, 0x9C, 0x01, 0xCC, 
0x01, 0xCC, 0x01, 0x9C, 0x0B, 0xFE, 0x6A, 0x00, 0x00, 0x01, 0x00, 0x4E, 
0x03, 0x21, 0x03, 0x5E, 0x06, 0x2D, 0x00, 0x11, 0x00, 0x57, 0x40, 0x27, 
0x0F, 0x10, 0x10, 0x00, 0x01, 0x13, 0x03, 0x03, 0x11, 0x0D, 0x44, 0x0C, 
0x06, 0x07, 0x07, 0x09, 0x27, 0x0A, 0x01, 0x00, 0x0A, 0x0C, 0x08, 0x04, 
0x04, 0x0C, 0x12, 0x04, 0x01, 0x06, 0x00, 0x07, 0x10, 0x09, 0x0F, 0x0A, 
0x0C, 0x02, 0x12, 0x00, 0x10, 0xFC, 0xDE, 0x32, 0x19, 0xDD, 0x32, 0x18, 
0xDE, 0x32, 0x19, 0xDD, 0x32, 0x18, 0xCE, 0x01, 0x10, 0xC4, 0x32, 0x2F, 
0x32, 0x19, 0x10, 0xD6, 0x5F, 0x5D, 0xD5, 0x3C, 0x10, 0xC5, 0x18, 0x10, 
0xED, 0x32, 0x32, 0x2F, 0xC6, 0x19, 0xD6, 0xD5, 0x3C, 0x10, 0xC5, 0x31, 
0x30, 0x01, 0x07, 0x27, 0x13, 0x23, 0x13, 0x07, 0x27, 0x37, 0x27, 0x37, 
0x17, 0x03, 0x33, 0x03, 0x37, 0x17, 0x07, 0x03, 0x5E, 0x6C, 0xCB, 0x12, 
0xCA, 0x16, 0xCD, 0x6A, 0xF1, 0xF1, 0x6A, 0xCD, 0x16, 0xCA, 0x12, 0xCB, 
0x6C, 0xF1, 0x04, 0x3D, 0xAE, 0x96, 0xFE, 0xFC, 0x01, 0x04, 0x96, 0xAE, 
0x69, 0x6A, 0xAE, 0x93, 0x01, 0x02, 0xFE, 0xFE, 0x93, 0xAE, 0x6A, 0x00, 
0x00, 0x01, 0x00, 0x4A, 0x01, 0x21, 0x03, 0x81, 0x04, 0x39, 0x00, 0x0B, 
0x00, 0x3A, 0x40, 0x1B, 0x0D, 0x0A, 0x0B, 0x0B, 0x01, 0x01, 0x0A, 0x44, 
0x07, 0x06, 0x06, 0x04, 0x04, 0x07, 0x0C, 0x09, 0x09, 0x0A, 0x0A, 0x07, 
0x04, 0x02, 0x02, 0x01, 0x48, 0x07, 0x0C, 0x00, 0x10, 0xDC, 0xED, 0x32, 
0x2F, 0x32, 0x11, 0x33, 0x11, 0x33, 0x2F, 0x01, 0x10, 0xC4, 0x32, 0x2F, 
0x32, 0x2F, 0x10, 0xED, 0x32, 0x2F, 0x32, 0x2F, 0x10, 0xC4, 0x31, 0x30, 
0x01, 0x21, 0x11, 0x23, 0x11, 0x21, 0x35, 0x21, 0x11, 0x33, 0x11, 0x21, 
0x03, 0x81, 0xFE, 0xCF, 0xD5, 0xFE, 0xCF, 0x01, 0x31, 0xD5, 0x01, 0x31, 
0x02, 0x4C, 0xFE, 0xD5, 0x01, 0x2B, 0xC2, 0x01, 0x2B, 0xFE, 0xD5, 0x00, 
0x00, 0x01, 0x00, 0x37, 0xFF, 0x5E, 0x01, 0x44, 0x00, 0xF0, 0x00, 0x03, 
0x00, 0x1A, 0x40, 0x0A, 0x01, 0x02, 0x00, 0x44, 0x05, 0x03, 0x03, 0x7F, 
0x02, 0x04, 0x00, 0x10, 0xCE, 0x7C, 0xEE, 0x01, 0x18, 0xD6, 0xC4, 0xFD, 
0xDD, 0xCD, 0x31, 0x30, 0x25, 0x03, 0x23, 0x13, 0x01, 0x44, 0x75, 0x98, 
0x1D, 0xF0, 0xFE, 0x6E, 0x01, 0x92, 0x00, 0x00, 0x00, 0x01, 0x00, 0x4C, 
0x01, 0xF2, 0x02, 0x29, 0x02, 0xC3, 0x00, 0x03, 0x00, 0x17, 0x40, 0x0A, 
0x05, 0x27, 0x00, 0x02, 0x26, 0x04, 0x00, 0x48, 0x02, 0x04, 0x00, 0x10, 
0xDE, 0xED, 0x01, 0x10, 0xF6, 0xD5, 0xE6, 0x31, 0x30, 0x01, 0x21, 0x35, 
0x21, 0x02, 0x29, 0xFE, 0x23, 0x01, 0xDD, 0x01, 0xF2, 0xD1, 0x00, 0x00, 
0x00, 0x01, 0x00, 0x4C, 0x00, 0x00, 0x01, 0x2D, 0x00, 0xF2, 0x00, 0x03, 
0x00, 0x18, 0x40, 0x0A, 0x05, 0x25, 0x03, 0x44, 0x02, 0x24, 0x04, 0x02, 
0x7F, 0x01, 0x00, 0x2F, 0x7C, 0xED, 0x01, 0x18, 0x10, 0xF6, 0xFD, 0xE6, 
0x31, 0x30, 0x21, 0x23, 0x35, 0x33, 0x01, 0x2D, 0xE1, 0xE1, 0xF2, 0x00, 
0x00, 0x01, 0x00, 0x27, 0x00, 0x00, 0x03, 0x66, 0x06, 0x1D, 0x00, 0x05, 
0x00, 0x17, 0x40, 0x0A, 0x04, 0x44, 0x05, 0x01, 0x44, 0x02, 0x04, 0x02, 
0x06, 0x01, 0x00, 0x2F, 0x10, 0xEE, 0x01, 0x2F, 0xED, 0x2F, 0xED, 0x31, 
0x30, 0x09, 0x01, 0x23, 0x35, 0x01, 0x33, 0x03, 0x66, 0xFD, 0x96, 0xD5, 
0x02, 0x6A, 0xD5, 0x06, 0x0E, 0xF9, 0xF2, 0x0E, 0x06, 0x0F, 0x00, 0x00, 
0x00, 0x02, 0x00, 0x5E, 0x00, 0x00, 0x03, 0x5E, 0x06, 0x1D, 0x00, 0x0B, 
0x00, 0x0F, 0x00, 0x5D, 0xB9, 0x00, 0x0A, 0xFF, 0xF0, 0xB4, 0x07, 0x10, 
0x04, 0x10, 0x01, 0xBC, 0xFF, 0xF0, 0x00, 0x0A, 0xFF, 0xF0, 0x00, 0x07, 
0xFF, 0xF0, 0x40, 0x22, 0x04, 0x10, 0x01, 0x10, 0x09, 0x02, 0xC0, 0x11, 
0x25, 0x00, 0x44, 0x0C, 0x0F, 0x44, 0x08, 0x03, 0xC0, 0x05, 0x24, 0x10, 
0x0B, 0x06, 0xC0, 0x0E, 0x48, 0x08, 0x02, 0x10, 0x00, 0x05, 0xC0, 0x0C, 
0x48, 0x03, 0x00, 0x2F, 0xED, 0xE9, 0x32, 0x10, 0xFC, 0xED, 0xE9, 0x32, 
0x01, 0x10, 0xF6, 0xE9, 0x32, 0xFD, 0x7D, 0xDE, 0x18, 0xFD, 0xE6, 0xE9, 
0x32, 0x31, 0x30, 0x00, 0x38, 0x38, 0x38, 0x38, 0x01, 0x38, 0x38, 0x38, 
0x38, 0x25, 0x14, 0x23, 0x21, 0x22, 0x35, 0x11, 0x34, 0x33, 0x21, 0x32, 
0x15, 0x03, 0x11, 0x21, 0x11, 0x03, 0x5E, 0x8D, 0xFE, 0x18, 0x8B, 0x8E, 
0x01, 0xE5, 0x8D, 0xE5, 0xFE, 0xCB, 0x8F, 0x8F, 0x8F, 0x04, 0xFE, 0x90, 
0x90, 0xFB, 0x3C, 0x04, 0x8B, 0xFB, 0x75, 0x00, 0x00, 0x01, 0x00, 0x39, 
0x00, 0x00, 0x01, 0x79, 0x06, 0x1D, 0x00, 0x06, 0x00, 0x27, 0x40, 0x11, 
0x08, 0x25, 0x00, 0x44, 0x05, 0x03, 0x01, 0x24, 0x07, 0x04, 0x02, 0x02, 
0x01, 0x06, 0x02, 0x07, 0x01, 0x00, 0x2F, 0x10, 0xEC, 0x11, 0x39, 0x7C, 
0x2F, 0x3D, 0xC5, 0x01, 0x18, 0x10, 0xFE, 0xCE, 0x33, 0xFD, 0xE6, 0x31, 
0x30, 0x21, 0x23, 0x11, 0x23, 0x35, 0x13, 0x33, 0x01, 0x79, 0xE6, 0x5A, 
0x79, 0xC7, 0x04, 0x50, 0x1F, 0x01, 0xAE, 0x00, 0x00, 0x01, 0x00, 0x44, 
0x00, 0x00, 0x03, 0x3D, 0x06, 0x1D, 0x00, 0x12, 0x00, 0x92, 0xB9, 0x00, 
0x11, 0xFF, 0xF0, 0x40, 0x1F, 0x0E, 0x10, 0x38, 0x08, 0x01, 0x45, 0x03, 
0x01, 0x07, 0x03, 0x01, 0xD9, 0x03, 0xE9, 0x03, 0x02, 0xCA, 0x03, 0x01, 
0x78, 0x03, 0x01, 0x59, 0x03, 0x69, 0x03, 0x02, 0x3A, 0x03, 0x01, 0x11, 
0xBA, 0xFF, 0xF0, 0x00, 0x0E, 0xFF, 0xF0, 0x40, 0x30, 0x79, 0x08, 0x01, 
0xA6, 0x07, 0x01, 0x1F, 0x07, 0x01, 0x14, 0x25, 0x10, 0xC0, 0x00, 0x04, 
0x04, 0x00, 0x44, 0x08, 0xC7, 0x0B, 0x44, 0x0F, 0xC0, 0x0C, 0x0C, 0x03, 
0x07, 0x24, 0x13, 0x12, 0x0D, 0xC0, 0x0F, 0x0C, 0x0C, 0x0A, 0x48, 0x0F, 
0x02, 0x13, 0x08, 0x07, 0x07, 0x00, 0x03, 0x48, 0x06, 0x00, 0x2F, 0xE5, 
0x32, 0x33, 0x3D, 0x2F, 0x33, 0x18, 0x10, 0xF4, 0xE5, 0x33, 0x2F, 0x10, 
0xE9, 0x32, 0x01, 0x10, 0xF6, 0xC9, 0x33, 0x2F, 0xE9, 0xF5, 0xFE, 0xED, 
0x32, 0x2F, 0x10, 0xE9, 0xE6, 0x00, 0x5D, 0x31, 0x30, 0x5D, 0x5D, 0x38, 
0x38, 0x01, 0x5D, 0x5D, 0x5D, 0x5D, 0x5D, 0x71, 0x71, 0x5D, 0x38, 0x38, 
0x01, 0x14, 0x07, 0x01, 0x21, 0x15, 0x21, 0x35, 0x01, 0x11, 0x21, 0x11, 
0x23, 0x11, 0x34, 0x33, 0x21, 0x32, 0x15, 0x03, 0x3D, 0x33, 0xFE, 0x52, 
0x01, 0xDF, 0xFD, 0x09, 0x02, 0x12, 0xFE, 0xE3, 0xE5, 0x8F, 0x01, 0xCB, 
0x8F, 0x04, 0x60, 0x4A, 0x5A, 0xFD, 0x11, 0xCD, 0x91, 0x03, 0xA4, 0x01, 
0x21, 0xFE, 0xDD, 0x01, 0x5C, 0x8E, 0x8E, 0x00, 0x00, 0x01, 0x00, 0x5E, 
0x00, 0x00, 0x03, 0x56, 0x06, 0x1D, 0x00, 0x1E, 0x00, 0xAA, 0xB9, 0x00, 
0x16, 0xFF, 0xF0, 0xB4, 0x13, 0x10, 0x04, 0x10, 0x01, 0xB8, 0xFF, 0xF0, 
0xB3, 0x76, 0x16, 0x01, 0x16, 0xB8, 0xFF, 0xF0, 0xB3, 0x76, 0x13, 0x01, 
0x13, 0xB8, 0xFF, 0xF0, 0x40, 0x2B, 0x79, 0x04, 0x01, 0x04, 0x10, 0x79, 
0x01, 0x01, 0x01, 0x10, 0x1B, 0xC0, 0x0B, 0x01, 0x0B, 0x0B, 0x18, 0x18, 
0x15, 0x02, 0xC0, 0x20, 0x25, 0x00, 0x44, 0x0D, 0x09, 0xC7, 0x10, 0x08, 
0x44, 0x14, 0x03, 0xC0, 0x11, 0x05, 0x24, 0x1F, 0x17, 0x12, 0xC0, 0x14, 
0x1E, 0xB8, 0xFF, 0xD0, 0x40, 0x1A, 0x1E, 0x18, 0x30, 0x18, 0x0C, 0x0B, 
0x1B, 0x10, 0x07, 0x1B, 0x07, 0x1B, 0x10, 0x03, 0x03, 0x0F, 0x48, 0x14, 
0x02, 0x1F, 0x00, 0x05, 0xC0, 0x08, 0x48, 0x03, 0x00, 0x2F, 0xE5, 0xE9, 
0x32, 0x10, 0xF4, 0xE5, 0x12, 0x17, 0x39, 0x19, 0x2F, 0x18, 0x2F, 0x2F, 
0x11, 0x33, 0x33, 0x33, 0x38, 0x33, 0x38, 0x10, 0xE9, 0x32, 0x01, 0x10, 
0xF6, 0x32, 0xE9, 0x32, 0xFD, 0x32, 0x7D, 0xFE, 0x32, 0x18, 0xFD, 0xE6, 
0xE9, 0x32, 0x33, 0x11, 0x33, 0x2F, 0x5D, 0xC1, 0x31, 0x30, 0x00, 0x38, 
0x5D, 0x38, 0x5D, 0x38, 0x5D, 0x38, 0x5D, 0x01, 0x38, 0x38, 0x38, 0x38, 
0x25, 0x14, 0x23, 0x21, 0x22, 0x35, 0x11, 0x33, 0x11, 0x21, 0x11, 0x25, 
0x35, 0x25, 0x11, 0x21, 0x11, 0x23, 0x11, 0x34, 0x33, 0x21, 0x32, 0x15, 
0x11, 0x14, 0x0F, 0x01, 0x17, 0x16, 0x15, 0x03, 0x56, 0x8D, 0xFE, 0x20, 
0x8B, 0xE6, 0x01, 0x2D, 0xFE, 0xE1, 0x01, 0x1F, 0xFE, 0xD3, 0xE6, 0x8E, 
0x01, 0xDD, 0x8D, 0x4E, 0x91, 0x93, 0x4C, 0x8F, 0x8F, 0x8F, 0x01, 0x69, 
0xFE, 0xD1, 0x01, 0x89, 0xC5, 0x31, 0xC2, 0x01, 0x4A, 0xFE, 0xE3, 0x01, 
0x56, 0x90, 0x90, 0xFE, 0x90, 0x5D, 0x33, 0x5E, 0x5C, 0x2F, 0x5E, 0x00, 
0x00, 0x01, 0x00, 0x23, 0x00, 0x00, 0x03, 0x7B, 0x06, 0x1D, 0x00, 0x10, 
0x00, 0x3E, 0x40, 0x1E, 0x0B, 0x08, 0x44, 0x07, 0x07, 0x06, 0x06, 0x04, 
0x11, 0x12, 0x0F, 0x00, 0x01, 0x44, 0x0C, 0x04, 0x11, 0x0F, 0x0C, 0x48, 
0x01, 0x04, 0x04, 0x03, 0x0D, 0x0D, 0x07, 0x02, 0x11, 0x03, 0x00, 0x2F, 
0x10, 0xE4, 0x32, 0x2F, 0x11, 0x39, 0x2F, 0x33, 0xED, 0x32, 0x01, 0x10, 
0xD6, 0x32, 0xFD, 0xCD, 0x33, 0xCE, 0x11, 0x12, 0x39, 0x2F, 0x33, 0x10, 
0xED, 0x32, 0x31, 0x30, 0x01, 0x23, 0x11, 0x23, 0x11, 0x21, 0x35, 0x01, 
0x33, 0x14, 0x15, 0x01, 0x33, 0x11, 0x33, 0x11, 0x33, 0x03, 0x7B, 0x77, 
0xDF, 0xFD, 0xFE, 0x01, 0x85, 0xEE, 0xFE, 0x93, 0xFC, 0xDF, 0x77, 0x01, 
0x27, 0xFE, 0xD9, 0x01, 0x27, 0x8B, 0x04, 0x6B, 0x07, 0x02, 0xFB, 0xDA, 
0x01, 0xD7, 0xFE, 0x29, 0x00, 0x01, 0x00, 0x5C, 0x00, 0x00, 0x03, 0x4A, 
0x06, 0x1D, 0x00, 0x13, 0x00, 0x7D, 0xB9, 0x00, 0x12, 0xFF, 0xF0, 0xB2, 
0x04, 0x10, 0x01, 0xBA, 0xFF, 0xF0, 0x00, 0x12, 0xFF, 0xF0, 0x40, 0x39, 
0x10, 0x07, 0x01, 0x10, 0x06, 0x01, 0x04, 0x10, 0x01, 0x10, 0x0F, 0x44, 
0x0C, 0x0C, 0x10, 0x44, 0x0B, 0x0B, 0x05, 0x11, 0x02, 0xC0, 0x15, 0x25, 
0x00, 0x0E, 0x0E, 0x00, 0x44, 0x09, 0xC7, 0x08, 0x44, 0x03, 0xC0, 0x05, 
0x24, 0x14, 0x13, 0xC0, 0x0A, 0x48, 0x06, 0x10, 0x10, 0x03, 0x0F, 0x48, 
0x0C, 0x02, 0x14, 0x00, 0x05, 0xC0, 0x09, 0x48, 0x03, 0x00, 0x2F, 0xED, 
0xE9, 0x32, 0x10, 0xF6, 0xED, 0x12, 0x39, 0x2F, 0xCC, 0xED, 0xE9, 0x01, 
0x10, 0xF6, 0xE9, 0xFD, 0x7D, 0xFE, 0x18, 0xED, 0x32, 0x2F, 0x10, 0xE6, 
0xE9, 0x32, 0x11, 0x33, 0x2F, 0xE5, 0x33, 0x7D, 0x2F, 0x18, 0xED, 0x31, 
0x30, 0x00, 0x38, 0x38, 0x5D, 0x5D, 0x38, 0x01, 0x38, 0x38, 0x38, 0x25, 
0x14, 0x23, 0x21, 0x22, 0x35, 0x11, 0x33, 0x11, 0x21, 0x11, 0x21, 0x13, 
0x21, 0x15, 0x21, 0x03, 0x21, 0x32, 0x15, 0x03, 0x4A, 0x8E, 0xFE, 0x2B, 
0x8B, 0xE6, 0x01, 0x22, 0xFD, 0xF8, 0x19, 0x02, 0xCA, 0xFE, 0x0F, 0x0F, 
0x01, 0x7D, 0x8E, 0x8F, 0x8F, 0x8F, 0x01, 0x69, 0xFE, 0xD1, 0x02, 0x5A, 
0x02, 0xFA, 0xCD, 0xFE, 0x9C, 0x8E, 0x00, 0x00, 0x00, 0x02, 0x00, 0x5E, 
0x00, 0x00, 0x03, 0x54, 0x06, 0x1D, 0x00, 0x13, 0x00, 0x17, 0x00, 0x8C, 
0xBB, 0x00, 0x12, 0xFF, 0xF0, 0x00, 0x0A, 0xFF, 0xF0, 0xB4, 0x07, 0x10, 
0x04, 0x10, 0x01, 0xBE, 0xFF, 0xF0, 0x00, 0x12, 0xFF, 0xF0, 0x00, 0x0A, 
0xFF, 0xF0, 0x00, 0x07, 0xFF, 0xF0, 0x40, 0x35, 0x04, 0x18, 0x01, 0x10, 
0x11, 0x09, 0x02, 0xC0, 0x19, 0x25, 0x00, 0x0C, 0x0C, 0x00, 0x44, 0x14, 
0x0D, 0x0D, 0x14, 0xC7, 0x10, 0x17, 0x44, 0x08, 0x03, 0xC0, 0x05, 0x24, 
0x18, 0x16, 0x48, 0x13, 0xC0, 0x10, 0x0D, 0x0D, 0x10, 0x10, 0x03, 0x0B, 
0x06, 0xC0, 0x0F, 0x48, 0x08, 0x02, 0x18, 0x00, 0x05, 0xC0, 0x17, 0x48, 
0x03, 0x00, 0x2F, 0xED, 0xE1, 0x32, 0x10, 0xF4, 0xED, 0xE1, 0x32, 0x12, 
0x39, 0x7C, 0x2F, 0x33, 0x18, 0x2F, 0x10, 0xE1, 0xED, 0x01, 0x10, 0xF6, 
0xE1, 0x32, 0xFD, 0x32, 0x7D, 0xEE, 0x32, 0x18, 0x2F, 0x10, 0xED, 0x32, 
0x2F, 0x10, 0xE6, 0xE1, 0x32, 0x32, 0x31, 0x30, 0x00, 0x38, 0x38, 0x38, 
0x38, 0x38, 0x01, 0x38, 0x38, 0x38, 0x38, 0x38, 0x25, 0x14, 0x23, 0x21, 
0x22, 0x35, 0x11, 0x34, 0x33, 0x21, 0x32, 0x15, 0x11, 0x23, 0x11, 0x21, 
0x11, 0x21, 0x32, 0x15, 0x03, 0x11, 0x21, 0x11, 0x03, 0x54, 0x8D, 0xFE, 
0x25, 0x8E, 0x8B, 0x01, 0xDA, 0x8D, 0xE6, 0xFE, 0xDA, 0x01, 0x83, 0x8D, 
0xE5, 0xFE, 0xD5, 0x8F, 0x8F, 0x8F, 0x04, 0xFE, 0x90, 0x90, 0xFE, 0xB5, 
0x01, 0x12, 0xFE, 0x29, 0x8D, 0xFD, 0xD9, 0x01, 0xED, 0xFE, 0x13, 0x00, 
0x00, 0x01, 0x00, 0x3B, 0x00, 0x00, 0x03, 0x42, 0x06, 0x1D, 0x00, 0x08, 
0x00, 0x30, 0x40, 0x19, 0x01, 0x44, 0x02, 0x02, 0x07, 0x0A, 0x01, 0x00, 
0x44, 0x03, 0xC7, 0x04, 0x44, 0x07, 0x01, 0x09, 0x05, 0x05, 0x04, 0x48, 
0x00, 0x07, 0x02, 0x09, 0x02, 0x00, 0x2F, 0x10, 0xF6, 0x32, 0xED, 0x33, 
0x2F, 0x01, 0x10, 0xF6, 0xFD, 0xFE, 0xF5, 0xE6, 0x12, 0x39, 0x2F, 0xED, 
0x31, 0x30, 0x09, 0x01, 0x23, 0x01, 0x21, 0x15, 0x23, 0x11, 0x21, 0x03, 
0x42, 0xFE, 0x97, 0xF0, 0x01, 0x5F, 0xFE, 0xD5, 0xE2, 0x03, 0x07, 0x05, 
0x87, 0xFA, 0x79, 0x05, 0x54, 0xE5, 0x01, 0xAE, 0x00, 0x03, 0x00, 0x5C, 
0x00, 0x00, 0x03, 0x62, 0x06, 0x1D, 0x00, 0x1D, 0x00, 0x22, 0x00, 0x27, 
0x00, 0xB7, 0xB9, 0x00, 0x13, 0xFF, 0xF0, 0xB4, 0x10, 0x10, 0x04, 0x10, 
0x01, 0xBC, 0xFF, 0xF0, 0x00, 0x13, 0xFF, 0xF0, 0x00, 0x10, 0xFF, 0xF0, 
0x40, 0x1C, 0x04, 0x10, 0x01, 0x10, 0x22, 0x22, 0x25, 0x25, 0x05, 0x12, 
0x02, 0xC0, 0x29, 0x25, 0x00, 0x19, 0x10, 0x19, 0x23, 0x15, 0x15, 0x00, 
0x44, 0x1E, 0x23, 0xC7, 0x21, 0x0A, 0xB8, 0xFF, 0xF0, 0x40, 0x1B, 0x0A, 
0x27, 0x44, 0x11, 0x03, 0xC0, 0x05, 0x0E, 0x0E, 0x05, 0x24, 0x28, 0x22, 
0x0A, 0x20, 0x48, 0x14, 0x0F, 0xC0, 0x11, 0x15, 0x0E, 0x20, 0x0E, 0xC0, 
0x1D, 0x06, 0xB8, 0xFF, 0xE0, 0x40, 0x14, 0x06, 0xC0, 0x0A, 0x25, 0x27, 
0x0A, 0x19, 0x19, 0x0A, 0x0A, 0x03, 0x11, 0x02, 0x28, 0x27, 0x48, 0x00, 
0x05, 0xC0, 0x03, 0x00, 0x2F, 0xE9, 0x32, 0xED, 0x10, 0xE4, 0x11, 0x39, 
0x19, 0x2F, 0x33, 0x2F, 0x11, 0x12, 0x39, 0x10, 0xED, 0x38, 0x32, 0xED, 
0x38, 0x32, 0x10, 0xE9, 0x32, 0x18, 0xED, 0x11, 0x39, 0x01, 0x10, 0xE6, 
0x32, 0x2F, 0x10, 0xE9, 0x32, 0xFD, 0x39, 0x38, 0x32, 0x7D, 0xFE, 0x32, 
0x18, 0xED, 0x32, 0x2F, 0x11, 0x39, 0x38, 0x10, 0xE6, 0xE9, 0x32, 0x12, 
0x39, 0x3D, 0x2F, 0x33, 0x2F, 0x31, 0x30, 0x00, 0x38, 0x38, 0x38, 0x38, 
0x01, 0x38, 0x38, 0x38, 0x38, 0x25, 0x14, 0x23, 0x21, 0x22, 0x35, 0x11, 
0x34, 0x37, 0x36, 0x37, 0x26, 0x27, 0x26, 0x35, 0x11, 0x34, 0x33, 0x21, 
0x32, 0x15, 0x11, 0x14, 0x07, 0x06, 0x07, 0x16, 0x17, 0x16, 0x15, 0x03, 
0x11, 0x21, 0x11, 0x17, 0x13, 0x11, 0x27, 0x07, 0x11, 0x03, 0x62, 0x8D, 
0xFE, 0x12, 0x8B, 0x3A, 0x45, 0x46, 0x43, 0x43, 0x3D, 0x8E, 0x01, 0xE7, 
0x8B, 0x3C, 0x43, 0x43, 0x45, 0x46, 0x3B, 0xEB, 0xFE, 0xD1, 0x97, 0x9A, 
0x9A, 0x9B, 0x8F, 0x8F, 0x8F, 0x01, 0xC7, 0x57, 0x2E, 0x28, 0x28, 0x27, 
0x27, 0x30, 0x51, 0x01, 0x93, 0x90, 0x90, 0xFE, 0x6D, 0x52, 0x2F, 0x27, 
0x27, 0x28, 0x28, 0x2E, 0x57, 0x01, 0x8B, 0x01, 0x77, 0xFE, 0x89, 0x5A, 
0xFD, 0x3E, 0x01, 0xB2, 0x58, 0x58, 0xFE, 0x4E, 0x00, 0x02, 0x00, 0x5A, 
0x00, 0x00, 0x03, 0x52, 0x06, 0x1D, 0x00, 0x13, 0x00, 0x17, 0x00, 0x8A, 
0xB9, 0x00, 0x12, 0xFF, 0xF0, 0xB6, 0x0F, 0x10, 0x0C, 0x10, 0x04, 0x10, 
0x01, 0xBC, 0xFF, 0xF0, 0x00, 0x12, 0xFF, 0xF0, 0x00, 0x0F, 0xFF, 0xF0, 
0x40, 0x38, 0x0C, 0x10, 0x04, 0x10, 0x01, 0x10, 0x11, 0x02, 0xC0, 0x19, 
0x25, 0x00, 0x44, 0x0A, 0x14, 0xC7, 0x17, 0x07, 0x07, 0x17, 0x44, 0x10, 
0x0B, 0x03, 0xC0, 0x0D, 0x06, 0x06, 0x0D, 0x24, 0x18, 0x13, 0x0E, 0xC0, 
0x10, 0x14, 0x48, 0x0D, 0xC0, 0x0A, 0x06, 0x06, 0x0A, 0x0A, 0x03, 0x16, 
0x48, 0x10, 0x02, 0x18, 0x00, 0x05, 0xC0, 0x08, 0x48, 0x03, 0x00, 0x2F, 
0xED, 0xE9, 0x32, 0x10, 0xFC, 0xED, 0x12, 0x39, 0x7D, 0x2F, 0x33, 0x18, 
0x2F, 0x10, 0xE9, 0xED, 0x10, 0xE9, 0x32, 0x01, 0x10, 0xE6, 0x32, 0x2F, 
0x10, 0xE8, 0x32, 0x32, 0xED, 0x32, 0x2F, 0x7D, 0x10, 0xFE, 0x32, 0x18, 
0xFD, 0xE6, 0xE9, 0x32, 0x31, 0x30, 0x00, 0x38, 0x38, 0x38, 0x38, 0x38, 
0x01, 0x38, 0x38, 0x38, 0x38, 0x38, 0x25, 0x14, 0x23, 0x21, 0x22, 0x35, 
0x11, 0x33, 0x11, 0x21, 0x11, 0x21, 0x22, 0x35, 0x11, 0x34, 0x33, 0x21, 
0x32, 0x15, 0x03, 0x11, 0x21, 0x11, 0x03, 0x52, 0x8D, 0xFE, 0x29, 0x8E, 
0xE6, 0x01, 0x24, 0xFE, 0x7B, 0x8B, 0x8B, 0x01, 0xDE, 0x8F, 0xE8, 0xFE, 
0xD5, 0x8F, 0x8F, 0x8F, 0x01, 0x4C, 0xFE, 0xEE, 0x01, 0xD7, 0x8D, 0x02, 
0x60, 0x90, 0x90, 0xFD, 0xD9, 0x01, 0xEE, 0xFE, 0x12, 0x00, 0x00, 0x00, 
0x00, 0x02, 0x00, 0x4C, 0x00, 0x00, 0x01, 0x2D, 0x03, 0x6F, 0x00, 0x03, 
0x00, 0x07, 0x00, 0x1F, 0x40, 0x0E, 0x09, 0x00, 0x04, 0x44, 0x01, 0x05, 
0x08, 0x00, 0x44, 0x02, 0x08, 0x07, 0x44, 0x05, 0x00, 0x2F, 0xED, 0x10, 
0xDE, 0xED, 0x01, 0x10, 0xDE, 0x32, 0xFD, 0x32, 0xCE, 0x31, 0x30, 0x01, 
0x23, 0x35, 0x33, 0x11, 0x23, 0x35, 0x33, 0x01, 0x2D, 0xE1, 0xE1, 0xE1, 
0xE1, 0x02, 0x7B, 0xF4, 0xFC, 0x91, 0xF2, 0x00, 0x00, 0x02, 0x00, 0x2F, 
0xFF, 0x5E, 0x01, 0x3B, 0x03, 0x6F, 0x00, 0x03, 0x00, 0x07, 0x00, 0x28, 
0x40, 0x13, 0x05, 0x06, 0x04, 0x44, 0x07, 0x09, 0x00, 0x44, 0x01, 0x01, 
0x07, 0x08, 0x00, 0x44, 0x02, 0x07, 0x44, 0x06, 0x08, 0x00, 0x10, 0xCE, 
0xEE, 0xDE, 0xED, 0x01, 0x10, 0xCE, 0x32, 0x2F, 0xFD, 0xC6, 0x10, 0xFD, 
0xDD, 0xCD, 0x31, 0x30, 0x01, 0x23, 0x35, 0x33, 0x13, 0x03, 0x23, 0x13, 
0x01, 0x2D, 0xE1, 0xE1, 0x0E, 0x74, 0x98, 0x1D, 0x02, 0x7B, 0xF4, 0xFD, 
0x81, 0xFE, 0x6E, 0x01, 0x92, 0x00, 0x00, 0x00, 0x00, 0x01, 0x00, 0x42, 
0x00, 0xCB, 0x02, 0x93, 0x04, 0x7D, 0x00, 0x07, 0x00, 0x2F, 0x40, 0x15, 
0x05, 0x07, 0x06, 0x44, 0x03, 0x08, 0x05, 0x44, 0x04, 0x04, 0x06, 0x07, 
0x44, 0x00, 0x00, 0x03, 0x03, 0x02, 0x02, 0x06, 0x08, 0x00, 0x19, 0x10, 
0xCC, 0x32, 0x18, 0x2F, 0x32, 0x2F, 0x32, 0x2F, 0xED, 0x11, 0x33, 0x2F, 
0xED, 0x01, 0x10, 0xD6, 0xED, 0xCD, 0x32, 0x31, 0x30, 0x25, 0x23, 0x01, 
0x35, 0x01, 0x15, 0x0D, 0x01, 0x02, 0x93, 0x0C, 0xFD, 0xBB, 0x02, 0x51, 
0xFE, 0xA8, 0x01, 0x58, 0xCB, 0x01, 0x9D, 0x77, 0x01, 0x9E, 0xF2, 0xE7, 
0xE8, 0x00, 0x00, 0x00, 0x00, 0x02, 0x00, 0x50, 0x01, 0x75, 0x03, 0x6D, 
0x03, 0xC1, 0x00, 0x03, 0x00, 0x07, 0x00, 0x1E, 0x40, 0x0D, 0x04, 0x00, 
0x09, 0x01, 0x05, 0x08, 0x04, 0x48, 0x07, 0x00, 0x48, 0x02, 0x08, 0x00, 
0x10, 0xD6, 0xFD, 0xDE, 0xED, 0x01, 0x10, 0xC6, 0x32, 0x10, 0xC6, 0x32, 
0x31, 0x30, 0x01, 0x21, 0x35, 0x21, 0x11, 0x21, 0x35, 0x21, 0x03, 0x6D, 
0xFC, 0xE3, 0x03, 0x1D, 0xFC, 0xE3, 0x03, 0x1D, 0x03, 0x00, 0xC1, 0xFD, 
0xB4, 0xBE, 0x00, 0x00, 0x00, 0x01, 0x00, 0x56, 0x00, 0xCB, 0x02, 0xAA, 
0x04, 0x7D, 0x00, 0x08, 0x00, 0x2F, 0x40, 0x15, 0x05, 0x03, 0x04, 0x44, 
0x00, 0x0A, 0x05, 0x44, 0x06, 0x06, 0x04, 0x03, 0x44, 0x01, 0x01, 0x08, 
0x08, 0x00, 0x00, 0x04, 0x09, 0x00, 0x19, 0x10, 0xC4, 0x32, 0x18, 0x2F, 
0x32, 0x2F, 0x32, 0x2F, 0xED, 0x11, 0x33, 0x2F, 0xED, 0x01, 0x10, 0xD6, 
0xED, 0xCD, 0x32, 0x31, 0x30, 0x09, 0x01, 0x23, 0x35, 0x2D, 0x01, 0x35, 
0x33, 0x01, 0x02, 0xAA, 0xFD, 0xBA, 0x0E, 0x01, 0x5A, 0xFE, 0xA6, 0x0E, 
0x02, 0x46, 0x02, 0x68, 0xFE, 0x63, 0xF1, 0xE8, 0xE7, 0xF2, 0xFE, 0x62, 
0x00, 0x02, 0x00, 0x4A, 0x00, 0x00, 0x03, 0x1D, 0x06, 0x1D, 0x00, 0x13, 
0x00, 0x17, 0x00, 0x63, 0xB9, 0x00, 0x12, 0xFF, 0xF0, 0xB2, 0x0F, 0x10, 
0x12, 0xBA, 0xFF, 0xF0, 0x00, 0x0F, 0xFF, 0xF0, 0x40, 0x26, 0x04, 0x04, 
0x17, 0x44, 0x16, 0x05, 0x05, 0x16, 0x45, 0x16, 0x0D, 0x19, 0x11, 0xC0, 
0x00, 0x44, 0x09, 0x0C, 0x44, 0x10, 0xC0, 0x0D, 0x24, 0x18, 0x13, 0x0E, 
0xC0, 0x0D, 0x0B, 0x48, 0x00, 0x10, 0x02, 0x18, 0x05, 0x16, 0x7F, 0x15, 
0x00, 0x2F, 0xFD, 0xCE, 0x10, 0xFC, 0x32, 0xED, 0x7D, 0xCD, 0xE9, 0x32, 
0x01, 0x18, 0x10, 0xF6, 0xE9, 0xF5, 0x7D, 0xDE, 0x18, 0xF5, 0xE9, 0xC6, 
0x12, 0x39, 0x76, 0x2F, 0x33, 0x18, 0x2F, 0x10, 0xE5, 0x32, 0x2F, 0x31, 
0x30, 0x00, 0x38, 0x38, 0x01, 0x38, 0x38, 0x01, 0x14, 0x07, 0x03, 0x11, 
0x23, 0x11, 0x34, 0x37, 0x13, 0x11, 0x21, 0x11, 0x23, 0x11, 0x34, 0x33, 
0x21, 0x32, 0x15, 0x01, 0x23, 0x35, 0x33, 0x03, 0x1D, 0x29, 0xE4, 0xE3, 
0x29, 0xE1, 0xFE, 0xF8, 0xE5, 0x8F, 0x01, 0xB4, 0x90, 0xFE, 0xF7, 0xEB, 
0xEB, 0x04, 0x4A, 0x4C, 0x37, 0xFE, 0xCC, 0xFE, 0xDA, 0x01, 0x0A, 0x4F, 
0x38, 0x01, 0x31, 0x01, 0x2B, 0xFE, 0xE3, 0x01, 0x50, 0x90, 0x90, 0xFA, 
0x73, 0xF0, 0x00, 0x00, 0x00, 0x02, 0x00, 0x5C, 0x00, 0x00, 0x04, 0x4E, 
0x06, 0x1D, 0x00, 0x23, 0x00, 0x27, 0x00, 0xD3, 0xB9, 0x00, 0x1C, 0xFF, 
0xF0, 0xB6, 0x19, 0x10, 0x11, 0x10, 0x0E, 0x10, 0x0B, 0xBA, 0xFF, 0xF0, 
0x00, 0x08, 0xFF, 0xF0, 0xB4, 0x05, 0x10, 0x02, 0x10, 0x19, 0xBA, 0xFF, 
0xF0, 0x00, 0x11, 0xFF, 0xF0, 0xB4, 0x0E, 0x10, 0x0B, 0x10, 0x08, 0xBA, 
0xFF, 0xF0, 0x00, 0x05, 0xFF, 0xF0, 0x40, 0x4C, 0x02, 0x10, 0x1B, 0xC0, 
0x1E, 0x13, 0x24, 0x16, 0x27, 0x1A, 0x12, 0x0D, 0xC0, 0x17, 0x07, 0x0F, 
0x01, 0x08, 0x00, 0x0F, 0x0F, 0x03, 0x0C, 0x07, 0xC0, 0x0A, 0x23, 0x23, 
0x1F, 0xB4, 0x0A, 0x06, 0x01, 0xC0, 0x22, 0xB4, 0x03, 0x28, 0x1D, 0x18, 
0xC0, 0x15, 0x1A, 0x26, 0x16, 0x10, 0xC0, 0x13, 0x1E, 0x1E, 0x27, 0x0A, 
0x0F, 0xC0, 0x0D, 0x13, 0x1A, 0x0D, 0x0D, 0x13, 0x1A, 0x03, 0x01, 0x09, 
0x04, 0xC0, 0x20, 0xB4, 0x06, 0x02, 0x28, 0x23, 0xB4, 0x03, 0xC0, 0x01, 
0x00, 0x2F, 0xE9, 0xED, 0x10, 0xF4, 0xED, 0xE9, 0x32, 0x12, 0x17, 0x39, 
0x2F, 0x2F, 0x7D, 0x2F, 0x10, 0xE9, 0x32, 0x18, 0xCD, 0x32, 0x2F, 0x10, 
0xE9, 0xCE, 0xCD, 0x10, 0xCD, 0xE9, 0x32, 0x01, 0x7D, 0x10, 0xD6, 0x18, 
0xED, 0xE9, 0x32, 0x7C, 0xDC, 0x18, 0xED, 0x33, 0x2F, 0x10, 0xE9, 0x32, 
0x12, 0x39, 0x7C, 0x2F, 0x5F, 0x5E, 0x5D, 0x33, 0xE9, 0x32, 0x32, 0x18, 
0xDD, 0x32, 0x7D, 0xDE, 0x32, 0x18, 0xDD, 0xE9, 0x31, 0x30, 0x00, 0x38, 
0x38, 0x38, 0x38, 0x38, 0x38, 0x38, 0x01, 0x38, 0x38, 0x38, 0x38, 0x38, 
0x38, 0x38, 0x38, 0x29, 0x01, 0x22, 0x35, 0x11, 0x34, 0x33, 0x21, 0x32, 
0x15, 0x11, 0x14, 0x23, 0x21, 0x22, 0x35, 0x11, 0x34, 0x3B, 0x01, 0x35, 
0x23, 0x15, 0x23, 0x35, 0x34, 0x33, 0x21, 0x32, 0x15, 0x11, 0x33, 0x11, 
0x21, 0x11, 0x21, 0x01, 0x11, 0x23, 0x11, 0x04, 0x4E, 0xFC, 0x68, 0x5A, 
0x5A, 0x03, 0x3E, 0x5A, 0x5A, 0xFD, 0xD3, 0x5A, 0x5A, 0xCC, 0x81, 0x9B, 
0x58, 0x01, 0x0C, 0x5A, 0xAE, 0xFC, 0xE4, 0x03, 0x87, 0xFE, 0x45, 0x85, 
0x5A, 0x05, 0x69, 0x5A, 0x5A, 0xFB, 0xED, 0x5A, 0x58, 0x01, 0x5E, 0x5A, 
0xE0, 0x8C, 0xBB, 0x5A, 0x5A, 0xFD, 0x4C, 0x03, 0xF5, 0xFA, 0xB0, 0x01, 
0x73, 0x01, 0x0C, 0xFE, 0xF4, 0x00, 0x00, 0x00, 0x00, 0x02, 0x00, 0x25, 
0x00, 0x00, 0x03, 0x77, 0x06, 0x1F, 0x00, 0x08, 0x00, 0x0B, 0x00, 0x55, 
0x40, 0x2E, 0x08, 0x0A, 0x18, 0x0A, 0x02, 0x08, 0x08, 0x0B, 0x03, 0x04, 
0x09, 0x02, 0x01, 0x0A, 0x0A, 0x07, 0x08, 0x01, 0x44, 0x0D, 0xD4, 0x00, 
0x9E, 0x08, 0x44, 0x07, 0x9E, 0x04, 0x44, 0x06, 0xD3, 0x0C, 0x03, 0x02, 
0x48, 0x09, 0x0A, 0x0B, 0x0B, 0x04, 0x08, 0x07, 0x02, 0x0C, 0x01, 0x04, 
0x00, 0x2F, 0x33, 0x10, 0xE6, 0x32, 0x11, 0x39, 0x2F, 0x39, 0x33, 0xED, 
0x32, 0x01, 0x10, 0xF6, 0xED, 0xFD, 0xFD, 0xFD, 0xE6, 0xED, 0x11, 0x12, 
0x39, 0x3D, 0x2F, 0x12, 0x39, 0x39, 0x12, 0x39, 0x39, 0x31, 0x30, 0x38, 
0x5D, 0x21, 0x23, 0x03, 0x21, 0x03, 0x23, 0x35, 0x01, 0x33, 0x0B, 0x02, 
0x03, 0x77, 0xE8, 0x2F, 0xFE, 0xDB, 0x2F, 0xE7, 0x01, 0x2F, 0xF6, 0x0B, 
0x72, 0x73, 0x01, 0x29, 0xFE, 0xD7, 0x04, 0x06, 0x1B, 0xFB, 0xD3, 0x02, 
0xC2, 0xFD, 0x3E, 0x00, 0x00, 0x03, 0x00, 0x5E, 0x00, 0x00, 0x03, 0x5E, 
0x06, 0x1D, 0x00, 0x10, 0x00, 0x15, 0x00, 0x1A, 0x00, 0x75, 0xBD, 0x00, 
0x06, 0xFF, 0xF0, 0x00, 0x01, 0xFF, 0xF0, 0x00, 0x06, 0xFF, 0xF0, 0x40, 
0x1A, 0x01, 0x10, 0x18, 0x15, 0x0C, 0x0C, 0x11, 0x44, 0x08, 0x08, 0x05, 
0x02, 0xC0, 0x1C, 0x25, 0x00, 0x44, 0x16, 0xC7, 0x14, 0x1A, 0x44, 0x03, 
0x24, 0x1B, 0x10, 0xB8, 0xFF, 0xB0, 0x40, 0x18, 0x10, 0x08, 0x48, 0x08, 
0x0C, 0x0C, 0x19, 0x48, 0x14, 0x49, 0x14, 0x03, 0x13, 0x48, 0x07, 0xC0, 
0x04, 0x02, 0x1B, 0x1A, 0x48, 0x00, 0xC0, 0x03, 0x00, 0x2F, 0xE9, 0xED, 
0x10, 0xF6, 0xE9, 0xED, 0x12, 0x39, 0x76, 0x2F, 0x18, 0xED, 0x39, 0x3D, 
0x2F, 0x33, 0x38, 0x33, 0x38, 0x01, 0x18, 0x10, 0xF6, 0xFD, 0x32, 0xFE, 
0xF5, 0xE6, 0xE9, 0x32, 0x33, 0x10, 0xED, 0x32, 0x11, 0x33, 0x33, 0x31, 
0x30, 0x00, 0x38, 0x38, 0x01, 0x38, 0x38, 0x25, 0x14, 0x23, 0x21, 0x11, 
0x21, 0x32, 0x15, 0x11, 0x14, 0x07, 0x06, 0x07, 0x16, 0x17, 0x16, 0x15, 
0x03, 0x11, 0x21, 0x11, 0x33, 0x13, 0x11, 0x27, 0x23, 0x11, 0x03, 0x5E, 
0x8F, 0xFD, 0x8F, 0x02, 0x6D, 0x8B, 0x32, 0x07, 0x73, 0x77, 0x07, 0x36, 
0xF1, 0xFE, 0xDB, 0xB4, 0x77, 0x73, 0xB8, 0x8F, 0x8F, 0x06, 0x1D, 0x90, 
0xFE, 0x6D, 0x50, 0x2C, 0x06, 0x47, 0x49, 0x07, 0x2F, 0x52, 0x01, 0x7D, 
0x01, 0x7B, 0xFE, 0x35, 0xFD, 0x38, 0x01, 0xBE, 0x4C, 0xFD, 0xF6, 0x00, 
0x00, 0x01, 0x00, 0x5E, 0x00, 0x00, 0x03, 0x60, 0x06, 0x1D, 0x00, 0x13, 
0x00, 0x70, 0xB9, 0x00, 0x0A, 0xFF, 0xF0, 0xB4, 0x07, 0x10, 0x04, 0x10, 
0x01, 0xBC, 0xFF, 0xF0, 0x00, 0x0A, 0xFF, 0xF0, 0x00, 0x07, 0xFF, 0xF0, 
0x40, 0x2B, 0x04, 0x10, 0x01, 0x10, 0x09, 0x02, 0xC0, 0x15, 0x25, 0x0C, 
0x00, 0x44, 0x0D, 0x11, 0xC7, 0x10, 0x44, 0x08, 0x03, 0xC0, 0x05, 0x24, 
0x14, 0x0B, 0x06, 0xC0, 0x0F, 0x48, 0x08, 0x0C, 0x0C, 0x08, 0x02, 0x14, 
0x00, 0x05, 0xC0, 0x03, 0x13, 0x13, 0x10, 0x48, 0x03, 0x00, 0x2F, 0xED, 
0x33, 0x7D, 0x2F, 0x10, 0xE9, 0x32, 0x18, 0x10, 0xE4, 0x32, 0x7D, 0x2F, 
0x18, 0x10, 0xED, 0xE9, 0x32, 0x01, 0x10, 0xF6, 0xE9, 0x32, 0xFD, 0xFE, 
0x32, 0xFD, 0x32, 0xE6, 0xE9, 0x32, 0x31, 0x30, 0x00, 0x38, 0x38, 0x38, 
0x38, 0x01, 0x38, 0x38, 0x38, 0x38, 0x25, 0x14, 0x23, 0x21, 0x22, 0x35, 
0x11, 0x34, 0x33, 0x21, 0x32, 0x15, 0x11, 0x23, 0x11, 0x21, 0x11, 0x21, 
0x11, 0x33, 0x03, 0x60, 0x8F, 0xFE, 0x18, 0x8B, 0x8B, 0x01, 0xE8, 0x8F, 
0xE9, 0xFE, 0xD1, 0x01, 0x2F, 0xE9, 0x8F, 0x8F, 0x8F, 0x04, 0xFE, 0x90, 
0x90, 0xFE, 0x92, 0x01, 0x35, 0xFB, 0x75, 0x01, 0x49, 0x00, 0x00, 0x00, 
0x00, 0x02, 0x00, 0x5E, 0x00, 0x00, 0x03, 0x6A, 0x06, 0x1D, 0x00, 0x09, 
0x00, 0x11, 0x00, 0x4D, 0xBD, 0x00, 0x07, 0xFF, 0xF0, 0x00, 0x02, 0xFF, 
0xF0, 0x00, 0x08, 0xFF, 0xF0, 0x40, 0x1F, 0x01, 0x10, 0x03, 0x06, 0x03, 
0x06, 0x04, 0x13, 0x25, 0x00, 0x44, 0x0A, 0xC7, 0x0F, 0x44, 0x04, 0x24, 
0x12, 0x09, 0x00, 0x09, 0x00, 0x04, 0x0E, 0x48, 0x05, 0x02, 0x12, 0x0F, 
0x48, 0x04, 0x00, 0x2F, 0xED, 0x10, 0xF6, 0xED, 0x12, 0x39, 0x39, 0x2F, 
0x2F, 0x01, 0x10, 0xF6, 0xFD, 0xFE, 0xFD, 0xE6, 0x12, 0x39, 0x39, 0x2F, 
0x2F, 0x31, 0x30, 0x00, 0x38, 0x38, 0x01, 0x38, 0x38, 0x01, 0x14, 0x06, 
0x23, 0x21, 0x11, 0x21, 0x32, 0x16, 0x15, 0x03, 0x11, 0x34, 0x2B, 0x01, 
0x11, 0x33, 0x32, 0x03, 0x6A, 0xA4, 0x8B, 0xFE, 0x23, 0x01, 0xDD, 0x8B, 
0xA4, 0xEB, 0x89, 0xAE, 0xA8, 0x8F, 0x01, 0x27, 0x8A, 0x9D, 0x06, 0x1D, 
0x9F, 0x8A, 0xFC, 0x5A, 0x03, 0x83, 0x83, 0xFB, 0x75, 0x00, 0x00, 0x00, 
0x00, 0x01, 0x00, 0x5E, 0x00, 0x00, 0x02, 0xE7, 0x06, 0x1D, 0x00, 0x0B, 
0x00, 0x39, 0x40, 0x1C, 0x0D, 0x25, 0x08, 0x0B, 0x04, 0x04, 0x0B, 0xC7, 
0x06, 0x0A, 0x44, 0x01, 0x24, 0x0C, 0x08, 0x48, 0x06, 0x4B, 0x06, 0x01, 
0x05, 0x48, 0x02, 0x02, 0x0C, 0x0A, 0x48, 0x01, 0x00, 0x2F, 0xED, 0x10, 
0xF6, 0xED, 0x12, 0x39, 0x76, 0x2F, 0x18, 0xED, 0x01, 0x10, 0xF6, 0xFD, 
0x32, 0xED, 0x32, 0x2F, 0x7D, 0x10, 0xC6, 0x18, 0xE6, 0x31, 0x30, 0x29, 
0x01, 0x11, 0x21, 0x15, 0x21, 0x11, 0x21, 0x15, 0x21, 0x11, 0x21, 0x02, 
0xE7, 0xFD, 0x77, 0x02, 0x83, 0xFE, 0x67, 0x01, 0x60, 0xFE, 0xA0, 0x01, 
0x9F, 0x06, 0x1D, 0xCF, 0xFE, 0x37, 0xCB, 0xFE, 0x15, 0x00, 0x00, 0x00, 
0x00, 0x01, 0x00, 0x5E, 0x00, 0x00, 0x02, 0xDD, 0x06, 0x1D, 0x00, 0x09, 
0x00, 0x2E, 0x40, 0x17, 0x0B, 0xD4, 0x03, 0x09, 0xC7, 0x02, 0x06, 0x44, 
0x07, 0x24, 0x0A, 0x04, 0x48, 0x02, 0x49, 0x02, 0x07, 0x01, 0x48, 0x08, 
0x02, 0x0A, 0x07, 0x00, 0x2F, 0x10, 0xF6, 0xED, 0x12, 0x39, 0x76, 0x2F, 
0x18, 0xED, 0x01, 0x10, 0xF6, 0xFD, 0x32, 0xFC, 0xC4, 0xE6, 0x31, 0x30, 
0x01, 0x21, 0x11, 0x21, 0x15, 0x21, 0x11, 0x23, 0x11, 0x21, 0x02, 0xDD, 
0xFE, 0x6B, 0x01, 0x5A, 0xFE, 0xA6, 0xEA, 0x02, 0x7F, 0x05, 0x4E, 0xFE, 
0x31, 0xCB, 0xFD, 0x4C, 0x06, 0x1D, 0x00, 0x00, 0x00, 0x01, 0x00, 0x5E, 
0x00, 0x00, 0x03, 0x64, 0x06, 0x1D, 0x00, 0x15, 0x00, 0x77, 0xB9, 0x00, 
0x0A, 0xFF, 0xF0, 0xB4, 0x07, 0x10, 0x04, 0x10, 0x01, 0xBC, 0xFF, 0xF0, 
0x00, 0x0A, 0xFF, 0xF0, 0x00, 0x07, 0xFF, 0xF0, 0x40, 0x2F, 0x04, 0x10, 
0x01, 0x10, 0x09, 0x02, 0xC0, 0x17, 0x25, 0x0C, 0x00, 0x44, 0x11, 0x13, 
0x13, 0x0D, 0x11, 0xC7, 0x10, 0x44, 0x08, 0x03, 0xC0, 0x05, 0x24, 0x16, 
0x12, 0x48, 0x15, 0x0D, 0x15, 0x0D, 0x03, 0x0B, 0x06, 0xC0, 0x0F, 0x48, 
0x08, 0x02, 0x16, 0x00, 0x05, 0xC0, 0x10, 0x48, 0x03, 0x00, 0x2F, 0xED, 
0xE1, 0x32, 0x10, 0xF4, 0xED, 0xE1, 0x32, 0x12, 0x39, 0x39, 0x2F, 0x7C, 
0x2F, 0x18, 0xED, 0x01, 0x10, 0xF6, 0xE1, 0x32, 0xFD, 0xEE, 0x32, 0x39, 
0x7C, 0x2F, 0x18, 0x10, 0xF5, 0x32, 0xE6, 0xE1, 0x32, 0x31, 0x30, 0x00, 
0x38, 0x38, 0x38, 0x38, 0x01, 0x38, 0x38, 0x38, 0x38, 0x25, 0x14, 0x23, 
0x21, 0x22, 0x35, 0x11, 0x34, 0x33, 0x21, 0x32, 0x15, 0x11, 0x23, 0x11, 
0x21, 0x11, 0x21, 0x11, 0x23, 0x35, 0x21, 0x03, 0x64, 0x8F, 0xFE, 0x14, 
0x8B, 0x8E, 0x01, 0xE9, 0x8F, 0xEB, 0xFE, 0xCF, 0x01, 0x31, 0xAE, 0x01, 
0x99, 0x8F, 0x8F, 0x8F, 0x04, 0xFE, 0x90, 0x90, 0xFE, 0xB2, 0x01, 0x15, 
0xFB, 0x75, 0x01, 0xB6, 0xC7, 0x00, 0x00, 0x00, 0x00, 0x01, 0x00, 0x5E, 
0x00, 0x00, 0x03, 0x71, 0x06, 0x1D, 0x00, 0x0B, 0x00, 0x33, 0x40, 0x1A, 
0x0D, 0x25, 0x00, 0x44, 0x09, 0x02, 0xC7, 0x08, 0x03, 0x44, 0x05, 0x24, 
0x0C, 0x03, 0x48, 0x08, 0x49, 0x08, 0x05, 0x0A, 0x06, 0x02, 0x0C, 0x01, 
0x05, 0x08, 0x00, 0x3F, 0x3C, 0x10, 0xF6, 0x3C, 0x11, 0x39, 0x76, 0x2F, 
0x18, 0xED, 0x01, 0x10, 0xF6, 0xFD, 0x32, 0xFE, 0x32, 0xFD, 0xE6, 0x31, 
0x30, 0x21, 0x23, 0x11, 0x21, 0x11, 0x23, 0x11, 0x33, 0x11, 0x21, 0x11, 
0x33, 0x03, 0x71, 0xEC, 0xFE, 0xC3, 0xEA, 0xEA, 0x01, 0x3D, 0xEC, 0x02, 
0xBE, 0xFD, 0x42, 0x06, 0x1D, 0xFD, 0x7B, 0x02, 0x85, 0x00, 0x00, 0x00, 
0x00, 0x01, 0x00, 0x62, 0x00, 0x00, 0x01, 0x4C, 0x06, 0x1D, 0x00, 0x03, 
0x00, 0x16, 0x40, 0x0A, 0x05, 0x25, 0x00, 0x44, 0x01, 0x24, 0x02, 0x02, 
0x04, 0x01, 0x00, 0x2F, 0x10, 0xE6, 0x01, 0xF6, 0xFD, 0xE6, 0x31, 0x30, 
0x21, 0x23, 0x11, 0x33, 0x01, 0x4C, 0xEA, 0xEA, 0x06, 0x1D, 0x00, 0x00, 
0x00, 0x01, 0x00, 0x44, 0x00, 0x00, 0x03, 0x1D, 0x06, 0x1D, 0x00, 0x0B, 
0x00, 0x43, 0xB2, 0x04, 0x10, 0x01, 0xB8, 0xFF, 0xF0, 0x40, 0x1E, 0x04, 
0x10, 0x01, 0x10, 0x0D, 0x25, 0x02, 0xC0, 0x00, 0x44, 0x09, 0xC7, 0x08, 
0x44, 0x03, 0xC0, 0x05, 0xD3, 0x0A, 0x02, 0x0C, 0x00, 0x05, 0xC0, 0x08, 
0x48, 0x03, 0x06, 0x06, 0x03, 0x00, 0x2F, 0x33, 0x7C, 0x2F, 0x18, 0x10, 
0xED, 0xE1, 0x32, 0x10, 0xE4, 0x01, 0xF6, 0xE1, 0xFD, 0xFE, 0xFD, 0xE1, 
0xE6, 0x31, 0x30, 0x00, 0x38, 0x38, 0x01, 0x38, 0x38, 0x25, 0x14, 0x23, 
0x21, 0x22, 0x35, 0x11, 0x33, 0x11, 0x21, 0x11, 0x33, 0x03, 0x1D, 0x90, 
0xFE, 0x44, 0x8D, 0xE9, 0x01, 0x06, 0xEA, 0x8F, 0x8F, 0x8F, 0x01, 0x81, 
0xFE, 0xB9, 0x05, 0x54, 0x00, 0x01, 0x00, 0x5E, 0x00, 0x00, 0x03, 0x73, 
0x06, 0x1D, 0x00, 0x0B, 0x00, 0x72, 0x40, 0x45, 0xF9, 0x0B, 0x01, 0xDA, 
0x0B, 0xEA, 0x0B, 0x02, 0xCB, 0x0B, 0x01, 0xB6, 0x0B, 0x01, 0xA9, 0x0B, 
0x01, 0x9A, 0x0B, 0x01, 0x89, 0x0B, 0x01, 0x4A, 0x0B, 0x7A, 0x0B, 0x02, 
0x3B, 0x0B, 0x01, 0x16, 0x0B, 0x26, 0x0B, 0x02, 0x05, 0x0B, 0x01, 0x0B, 
0x0B, 0x02, 0x08, 0x44, 0x0A, 0x0A, 0x0D, 0x01, 0x44, 0x00, 0x07, 0x02, 
0x44, 0x04, 0x24, 0x0C, 0x07, 0x02, 0x0B, 0x0B, 0x04, 0x0A, 0x08, 0x05, 
0x02, 0x0C, 0x01, 0x00, 0x04, 0x00, 0x2F, 0x33, 0x33, 0x10, 0xE6, 0x32, 
0x32, 0x11, 0x39, 0x19, 0x2F, 0x33, 0x33, 0x01, 0x18, 0x10, 0xF6, 0xFD, 
0x32, 0xDD, 0xED, 0x3C, 0x33, 0x2F, 0xED, 0x12, 0x39, 0x7D, 0x2F, 0x31, 
0x30, 0x5D, 0x5D, 0x5D, 0x5D, 0x5D, 0x5D, 0x5D, 0x5D, 0x5D, 0x5D, 0x5D, 
0x29, 0x01, 0x01, 0x11, 0x23, 0x11, 0x33, 0x11, 0x01, 0x21, 0x15, 0x01, 
0x03, 0x73, 0xFE, 0xFE, 0xFE, 0xD7, 0xEA, 0xEA, 0x01, 0x04, 0x01, 0x00, 
0xFE, 0xC2, 0x02, 0xBA, 0xFD, 0x46, 0x06, 0x1D, 0xFD, 0x6A, 0x02, 0x96, 
0x0B, 0xFD, 0x19, 0x00, 0x00, 0x01, 0x00, 0x5E, 0x00, 0x00, 0x02, 0xC5, 
0x06, 0x1D, 0x00, 0x05, 0x00, 0x1C, 0x40, 0x0E, 0x07, 0xD4, 0x05, 0xC7, 
0x04, 0x44, 0x01, 0x24, 0x02, 0x02, 0x06, 0x04, 0x48, 0x01, 0x00, 0x2F, 
0xED, 0x10, 0xE6, 0x01, 0xF6, 0xFD, 0xFD, 0xE6, 0x31, 0x30, 0x29, 0x01, 
0x11, 0x33, 0x11, 0x21, 0x02, 0xC5, 0xFD, 0x99, 0xEA, 0x01, 0x7D, 0x06, 
0x1D, 0xFA, 0xB4, 0x00, 0x00, 0x01, 0x00, 0x5E, 0x00, 0x00, 0x04, 0x10, 
0x06, 0x1D, 0x00, 0x14, 0x00, 0x4E, 0xB2, 0x13, 0x10, 0x0D, 0xB8, 0xFF, 
0xF0, 0x40, 0x22, 0x16, 0x25, 0x13, 0x44, 0x00, 0x44, 0x02, 0x01, 0x10, 
0x01, 0x09, 0x44, 0x0D, 0x44, 0x0B, 0x24, 0x15, 0x10, 0x04, 0x05, 0x13, 
0x13, 0x05, 0x05, 0x07, 0x06, 0x06, 0x01, 0x0D, 0x02, 0x15, 0x01, 0x01, 
0x0B, 0x00, 0x2F, 0x33, 0x2F, 0x10, 0xE4, 0x11, 0x39, 0x7C, 0x2F, 0x39, 
0x33, 0x18, 0x2F, 0x32, 0x2F, 0x12, 0x39, 0x39, 0x01, 0x10, 0xF6, 0xED, 
0xFD, 0x19, 0xF4, 0xF4, 0x18, 0xFD, 0xED, 0xE6, 0x31, 0x30, 0x38, 0x38, 
0x21, 0x23, 0x11, 0x34, 0x37, 0x03, 0x23, 0x03, 0x16, 0x15, 0x11, 0x23, 
0x11, 0x33, 0x13, 0x16, 0x17, 0x34, 0x37, 0x13, 0x33, 0x04, 0x10, 0xE1, 
0x0E, 0xCA, 0x77, 0xCB, 0x0E, 0xE1, 0xDD, 0xF6, 0x04, 0x02, 0x06, 0xF6, 
0xDD, 0x03, 0x04, 0x3D, 0x6D, 0xFC, 0xE1, 0x03, 0x1F, 0x6F, 0x3B, 0xFC, 
0xFC, 0x06, 0x1D, 0xFC, 0x9F, 0x0E, 0x39, 0x19, 0x2E, 0x03, 0x61, 0x00, 
0x00, 0x01, 0x00, 0x5E, 0x00, 0x00, 0x03, 0x77, 0x06, 0x1D, 0x00, 0x0D, 
0x00, 0x32, 0x40, 0x1B, 0x3F, 0x0B, 0x01, 0x30, 0x04, 0x01, 0x0F, 0x25, 
0x00, 0x44, 0x01, 0x0B, 0xC7, 0x08, 0x04, 0x44, 0x06, 0x24, 0x09, 0x02, 
0x01, 0x0C, 0x08, 0x02, 0x0E, 0x01, 0x06, 0x00, 0x2F, 0x33, 0x10, 0xE4, 
0x32, 0x11, 0x39, 0x39, 0x01, 0xF6, 0xFD, 0x32, 0xFC, 0x32, 0xFD, 0xE6, 
0x5D, 0x5D, 0x31, 0x30, 0x21, 0x23, 0x01, 0x16, 0x15, 0x11, 0x23, 0x11, 
0x33, 0x01, 0x26, 0x35, 0x11, 0x33, 0x03, 0x77, 0xCD, 0xFE, 0x89, 0x0F, 
0xE4, 0xCD, 0x01, 0x77, 0x0F, 0xE4, 0x03, 0xD9, 0x48, 0x29, 0xFC, 0x98, 
0x06, 0x1D, 0xFC, 0x3B, 0x48, 0x29, 0x03, 0x54, 0x00, 0x02, 0x00, 0x5E, 
0x00, 0x00, 0x03, 0x73, 0x06, 0x1D, 0x00, 0x0B, 0x00, 0x0F, 0x00, 0x5C, 
0xB9, 0x00, 0x0A, 0xFF, 0xF0, 0xB4, 0x07, 0x10, 0x04, 0x10, 0x01, 0xBC, 
0xFF, 0xF0, 0x00, 0x0A, 0xFF, 0xF0, 0x00, 0x07, 0xFF, 0xF0, 0x40, 0x23, 
0x04, 0x10, 0x01, 0x10, 0x09, 0x02, 0xC0, 0x11, 0x25, 0x00, 0x44, 0x0C, 
0xC7, 0x0F, 0x44, 0x08, 0x03, 0xC0, 0x05, 0x24, 0x10, 0x0B, 0x06, 0xC0, 
0x0E, 0x48, 0x08, 0x02, 0x10, 0x00, 0x05, 0xC0, 0x0F, 0x48, 0x03, 0x00, 
0x2F, 0xED, 0xE9, 0x32, 0x10, 0xFC, 0xED, 0xE9, 0x32, 0x01, 0x10, 0xF6, 
0xE9, 0x32, 0xFD, 0xFE, 0xF5, 0xE6, 0xE9, 0x32, 0x31, 0x30, 0x00, 0x38, 
0x38, 0x38, 0x38, 0x01, 0x38, 0x38, 0x38, 0x38, 0x25, 0x14, 0x23, 0x21, 
0x22, 0x35, 0x11, 0x34, 0x33, 0x21, 0x32, 0x15, 0x03, 0x11, 0x21, 0x11, 
0x03, 0x73, 0x8E, 0xFE, 0x04, 0x8B, 0x8B, 0x01, 0xFC, 0x8E, 0xEA, 0xFE, 
0xBF, 0x8F, 0x8F, 0x8F, 0x04, 0xFE, 0x90, 0x90, 0xFB, 0x3C, 0x04, 0x8B, 
0xFB, 0x75, 0x00, 0x00, 0x00, 0x02, 0x00, 0x5E, 0x00, 0x00, 0x03, 0x52, 
0x06, 0x1D, 0x00, 0x09, 0x00, 0x0D, 0x00, 0x4E, 0xBD, 0x00, 0x08, 0xFF, 
0xF0, 0x00, 0x01, 0xFF, 0xF0, 0x00, 0x08, 0xFF, 0xF0, 0x40, 0x21, 0x01, 
0x10, 0x07, 0x02, 0xC0, 0x0F, 0x25, 0x00, 0x44, 0x0A, 0xC7, 0x0D, 0x0D, 
0x04, 0x44, 0x05, 0x24, 0x0E, 0x0D, 0x48, 0x00, 0xC0, 0x03, 0x03, 0x05, 
0x0C, 0x48, 0x09, 0xC0, 0x06, 0x02, 0x0E, 0x05, 0x00, 0x2F, 0x10, 0xF6, 
0xE1, 0xED, 0x12, 0x39, 0x2F, 0xE1, 0xED, 0x01, 0x10, 0xF6, 0xED, 0x32, 
0x10, 0xFE, 0xFD, 0xE6, 0xE1, 0x32, 0x31, 0x30, 0x00, 0x38, 0x38, 0x01, 
0x38, 0x38, 0x01, 0x14, 0x23, 0x21, 0x11, 0x23, 0x11, 0x21, 0x32, 0x15, 
0x03, 0x11, 0x21, 0x11, 0x03, 0x52, 0x8F, 0xFE, 0x85, 0xEA, 0x02, 0x65, 
0x8F, 0xEC, 0xFE, 0xE2, 0x02, 0xC9, 0x92, 0xFD, 0xC9, 0x06, 0x1D, 0x90, 
0xFD, 0x73, 0x02, 0x54, 0xFD, 0xAC, 0x00, 0x00, 0x00, 0x02, 0x00, 0x5E, 
0xFF, 0xFE, 0x03, 0xDD, 0x06, 0x1D, 0x00, 0x0F, 0x00, 0x18, 0x00, 0x7A, 
0xB9, 0x00, 0x0C, 0xFF, 0xF0, 0xB4, 0x09, 0x10, 0x06, 0x10, 0x0C, 0xBA, 
0xFF, 0xF0, 0x00, 0x09, 0xFF, 0xF0, 0x40, 0x35, 0x06, 0x10, 0x0B, 0x04, 
0xC0, 0x1A, 0x25, 0x0E, 0x0F, 0x0F, 0x02, 0x0E, 0x44, 0x15, 0x13, 0x13, 
0x11, 0x15, 0xC7, 0x18, 0x44, 0x0A, 0x05, 0xC0, 0x07, 0x24, 0x19, 0x0D, 
0x08, 0xC0, 0x17, 0x48, 0x0A, 0x02, 0x19, 0x11, 0x02, 0x01, 0x12, 0x48, 
0x15, 0x0E, 0x13, 0x13, 0x0F, 0x48, 0x01, 0x01, 0x18, 0x48, 0x07, 0xC0, 
0x05, 0x00, 0x2F, 0xE1, 0xED, 0x33, 0x2F, 0xED, 0x33, 0x2F, 0x39, 0x39, 
0xED, 0x11, 0x39, 0x39, 0x10, 0xF4, 0xED, 0xE1, 0x32, 0x01, 0x10, 0xF6, 
0xE1, 0x32, 0xFD, 0xEC, 0x32, 0x39, 0x2F, 0x10, 0xED, 0x32, 0x32, 0x2F, 
0x10, 0xE4, 0xE1, 0x32, 0x31, 0x30, 0x00, 0x38, 0x38, 0x38, 0x01, 0x38, 
0x38, 0x38, 0x05, 0x23, 0x27, 0x06, 0x23, 0x21, 0x22, 0x35, 0x11, 0x34, 
0x33, 0x21, 0x32, 0x15, 0x11, 0x17, 0x05, 0x35, 0x27, 0x35, 0x33, 0x17, 
0x11, 0x21, 0x11, 0x03, 0xDD, 0x10, 0x69, 0x1C, 0x63, 0xFE, 0x04, 0x8B, 
0x8E, 0x01, 0xF9, 0x8E, 0x6A, 0xFE, 0xAC, 0x89, 0x0E, 0x7B, 0xFE, 0xBF, 
0x02, 0x50, 0x4E, 0x8F, 0x04, 0xFE, 0x90, 0x90, 0xFB, 0x94, 0x4C, 0x0C, 
0x37, 0x68, 0xD5, 0x5C, 0x03, 0x73, 0xFB, 0x75, 0x00, 0x01, 0x00, 0x5E, 
0x00, 0x00, 0x03, 0x7F, 0x06, 0x1D, 0x00, 0x12, 0x00, 0x8B, 0x40, 0x2B, 
0xE8, 0x12, 0x01, 0xD9, 0x12, 0x01, 0xCB, 0x12, 0x01, 0x39, 0x12, 0xB9, 
0x12, 0x02, 0x56, 0x10, 0x01, 0x56, 0x0C, 0x01, 0x76, 0x01, 0x86, 0x01, 
0x02, 0xB8, 0x00, 0x01, 0xAA, 0x00, 0x01, 0x08, 0x00, 0x18, 0x00, 0x28, 
0x00, 0x98, 0x00, 0x04, 0x0F, 0x10, 0x0C, 0xB8, 0xFF, 0xF0, 0x40, 0x28, 
0x12, 0x02, 0x01, 0x44, 0x00, 0x00, 0x14, 0x25, 0x0B, 0xC0, 0x0E, 0x44, 
0x05, 0xC7, 0x04, 0x02, 0x08, 0x44, 0x09, 0x24, 0x13, 0x0E, 0xC0, 0x12, 
0x05, 0x49, 0x05, 0x09, 0x0D, 0xC0, 0x07, 0x48, 0x0A, 0x02, 0x13, 0x01, 
0x01, 0x00, 0x00, 0x09, 0x00, 0x2F, 0x33, 0x2F, 0x32, 0x2F, 0x10, 0xFE, 
0xED, 0xE1, 0x12, 0x39, 0x76, 0x2F, 0x7D, 0xDD, 0xE1, 0x01, 0x18, 0x10, 
0xF6, 0xFD, 0xC6, 0x32, 0xFC, 0xF5, 0xE1, 0xE6, 0x33, 0x2F, 0xED, 0x12, 
0x39, 0x31, 0x30, 0x00, 0x38, 0x38, 0x01, 0x5D, 0x5D, 0x5D, 0x5D, 0x5D, 
0x5D, 0x5D, 0x5D, 0x5D, 0x5D, 0x21, 0x23, 0x01, 0x30, 0x35, 0x33, 0x11, 
0x21, 0x11, 0x23, 0x11, 0x21, 0x32, 0x15, 0x11, 0x14, 0x07, 0x06, 0x23, 
0x03, 0x7F, 0xF4, 0xFE, 0xFE, 0xE6, 0xFE, 0xD9, 0xEA, 0x02, 0x6D, 0x8D, 
0x43, 0x24, 0x74, 0x02, 0xD7, 0x8D, 0x01, 0xF0, 0xFA, 0xAC, 0x06, 0x1D, 
0x90, 0xFD, 0xC7, 0x63, 0x1D, 0x0F, 0x00, 0x00, 0x00, 0x01, 0x00, 0x5A, 
0x00, 0x00, 0x03, 0x4C, 0x06, 0x1D, 0x00, 0x1B, 0x00, 0x9D, 0x40, 0x13, 
0x36, 0x12, 0x01, 0x39, 0x0F, 0x01, 0x39, 0x04, 0x01, 0x36, 0x01, 0x01, 
0xAB, 0x19, 0x01, 0x87, 0x18, 0x01, 0x12, 0xBA, 0xFF, 0xF0, 0x00, 0x0F, 
0xFF, 0xF0, 0x40, 0x23, 0x04, 0x10, 0x01, 0x10, 0x03, 0x10, 0xC0, 0x18, 
0x44, 0x0D, 0x0D, 0x05, 0x02, 0x11, 0xC0, 0x15, 0x44, 0x14, 0x14, 0x1D, 
0x25, 0x00, 0x44, 0x09, 0xC7, 0x08, 0x44, 0x05, 0x24, 0x1C, 0x13, 0x0E, 
0xC0, 0x10, 0x1B, 0xB8, 0xFF, 0xF0, 0x40, 0x1B, 0x1B, 0x0A, 0x0D, 0x10, 
0x0D, 0x18, 0x06, 0x0A, 0x14, 0x18, 0x18, 0x14, 0x06, 0x0A, 0x04, 0x03, 
0x17, 0x48, 0x10, 0x02, 0x1C, 0x00, 0x05, 0xC0, 0x08, 0x48, 0x03, 0x00, 
0x2F, 0xED, 0xE1, 0x32, 0x10, 0xFC, 0xED, 0x12, 0x17, 0x39, 0x19, 0x2F, 
0x18, 0x2F, 0x2F, 0x7D, 0x2F, 0x11, 0x33, 0x38, 0x11, 0x33, 0x38, 0x10, 
0xE1, 0x32, 0x01, 0x18, 0x10, 0xF6, 0xFD, 0xFE, 0xFD, 0xE6, 0x33, 0x2F, 
0xED, 0xE1, 0x32, 0x11, 0x33, 0x2F, 0xED, 0xE1, 0x32, 0x31, 0x30, 0x00, 
0x38, 0x38, 0x38, 0x38, 0x5D, 0x5D, 0x01, 0x5D, 0x5D, 0x5D, 0x5D, 0x25, 
0x14, 0x23, 0x21, 0x22, 0x35, 0x11, 0x33, 0x11, 0x21, 0x11, 0x01, 0x26, 
0x35, 0x11, 0x34, 0x33, 0x21, 0x32, 0x15, 0x11, 0x23, 0x11, 0x21, 0x11, 
0x01, 0x16, 0x15, 0x03, 0x4C, 0x8E, 0xFE, 0x29, 0x8D, 0xEA, 0x01, 0x1E, 
0xFE, 0x2B, 0x33, 0x8D, 0x01, 0xD7, 0x8E, 0xEA, 0xFE, 0xE2, 0x01, 0xD5, 
0x33, 0x8F, 0x8F, 0x8F, 0x01, 0x75, 0xFE, 0xC1, 0x01, 0x33, 0x01, 0xBC, 
0x31, 0x4C, 0x01, 0x5C, 0x90, 0x8E, 0xFE, 0xA2, 0x01, 0x27, 0xFE, 0xE5, 
0xFE, 0x46, 0x30, 0x4F, 0x00, 0x01, 0x00, 0x19, 0x00, 0x00, 0x03, 0x06, 
0x06, 0x1D, 0x00, 0x07, 0x00, 0x21, 0x40, 0x10, 0x09, 0xD4, 0x00, 0x01, 
0x44, 0x04, 0x05, 0xD3, 0x08, 0x01, 0x04, 0x48, 0x06, 0x02, 0x08, 0x03, 
0x00, 0x2F, 0x10, 0xFE, 0xED, 0x32, 0x01, 0x10, 0xF6, 0xD5, 0xFD, 0xD5, 
0xE6, 0x31, 0x30, 0x01, 0x21, 0x11, 0x23, 0x11, 0x21, 0x35, 0x21, 0x03, 
0x06, 0xFE, 0xFE, 0xE9, 0xFE, 0xFE, 0x02, 0xED, 0x05, 0x4E, 0xFA, 0xB2, 
0x05, 0x4E, 0xCF, 0x00, 0x00, 0x01, 0x00, 0x5E, 0x00, 0x00, 0x03, 0x6D, 
0x06, 0x1D, 0x00, 0x0B, 0x00, 0x3D, 0xB2, 0x04, 0x10, 0x01, 0xB8, 0xFF, 
0xF0, 0x40, 0x1C, 0x04, 0x10, 0x01, 0x10, 0x0D, 0x25, 0x02, 0xC0, 0x00, 
0x44, 0x09, 0xC7, 0x08, 0x44, 0x03, 0xC0, 0x06, 0x24, 0x0A, 0x06, 0x02, 
0x0C, 0x00, 0x05, 0xC0, 0x08, 0x48, 0x03, 0x00, 0x2F, 0xED, 0xE1, 0x32, 
0x10, 0xEE, 0x32, 0x01, 0xF6, 0xE1, 0xFD, 0xFE, 0xFD, 0xE1, 0xE6, 0x31, 
0x30, 0x00, 0x38, 0x38, 0x01, 0x38, 0x38, 0x25, 0x14, 0x23, 0x21, 0x22, 
0x35, 0x11, 0x33, 0x11, 0x21, 0x11, 0x33, 0x03, 0x6D, 0x90, 0xFE, 0x0F, 
0x8E, 0xEA, 0x01, 0x3B, 0xEA, 0x8F, 0x8F, 0x8F, 0x05, 0x8E, 0xFA, 0xAC, 
0x05, 0x54, 0x00, 0x00, 0x00, 0x01, 0x00, 0x29, 0xFF, 0xFE, 0x03, 0x69, 
0x06, 0x1D, 0x00, 0x0A, 0x00, 0x68, 0x40, 0x44, 0x09, 0x10, 0x0F, 0x14, 
0x48, 0x07, 0x09, 0x01, 0xB6, 0x05, 0xC6, 0x05, 0x02, 0xA7, 0x05, 0x01, 
0x76, 0x05, 0x86, 0x05, 0x96, 0x05, 0x03, 0x08, 0x05, 0x01, 0x08, 0x03, 
0x87, 0x02, 0x01, 0x88, 0x01, 0x01, 0x0C, 0xD4, 0x0A, 0x44, 0x00, 0x9F, 
0x07, 0x01, 0x44, 0x02, 0x9F, 0x04, 0x44, 0x03, 0xD3, 0x0A, 0x1F, 0x07, 
0x2F, 0x07, 0x02, 0x02, 0x0E, 0x07, 0x01, 0x07, 0x02, 0x04, 0x00, 0x03, 
0x02, 0x0B, 0x01, 0x02, 0x00, 0x2F, 0x33, 0x10, 0xEE, 0x32, 0x32, 0x11, 
0x39, 0x5D, 0x5F, 0x5D, 0x32, 0x01, 0xF6, 0xED, 0xFD, 0xFD, 0x39, 0xFD, 
0xED, 0xE6, 0x31, 0x30, 0x5D, 0x5D, 0x5F, 0x5E, 0x5D, 0x5D, 0x5D, 0x5D, 
0x5D, 0x2B, 0x09, 0x01, 0x23, 0x01, 0x33, 0x13, 0x16, 0x17, 0x26, 0x37, 
0x13, 0x03, 0x69, 0xFE, 0xD4, 0xE9, 0xFE, 0xD5, 0xEB, 0xAF, 0x02, 0x04, 
0x01, 0x07, 0xB0, 0x06, 0x1D, 0xF9, 0xE1, 0x06, 0x1F, 0xFB, 0xCF, 0x2E, 
0x58, 0x2E, 0x58, 0x04, 0x31, 0x00, 0x00, 0x00, 0x00, 0x01, 0x00, 0x25, 
0xFF, 0xFE, 0x04, 0xE1, 0x06, 0x1D, 0x00, 0x18, 0x01, 0x05, 0xB7, 0x17, 
0x08, 0x10, 0x14, 0x48, 0x17, 0x08, 0x13, 0xB8, 0xFF, 0xF8, 0xB3, 0x10, 
0x14, 0x48, 0x13, 0xB8, 0xFF, 0xF8, 0x40, 0x0E, 0xD8, 0x12, 0x01, 0xD7, 
0x11, 0x01, 0x10, 0x08, 0x10, 0x14, 0x48, 0x10, 0x08, 0x0C, 0xB8, 0xFF, 
0xF8, 0xB3, 0x10, 0x14, 0x48, 0x0C, 0xB8, 0xFF, 0xF8, 0x40, 0x81, 0x86, 
0x0A, 0xA6, 0x0A, 0x02, 0xDB, 0x09, 0x01, 0x98, 0x09, 0x01, 0x49, 0x09, 
0x59, 0x09, 0x89, 0x09, 0x03, 0xD5, 0x08, 0x01, 0x97, 0x07, 0x01, 0x86, 
0x07, 0x01, 0x98, 0x03, 0x01, 0x89, 0x03, 0x01, 0xDB, 0x02, 0x01, 0xD4, 
0x01, 0x01, 0x97, 0x01, 0x01, 0x46, 0x01, 0x56, 0x01, 0x86, 0x01, 0x03, 
0x89, 0x00, 0xA9, 0x00, 0x02, 0x01, 0x05, 0x01, 0x08, 0x03, 0x1F, 0x0E, 
0x2F, 0x0E, 0x02, 0x0B, 0x0E, 0x01, 0x0E, 0x88, 0x08, 0x49, 0x02, 0x05, 
0x12, 0x05, 0x22, 0x05, 0x03, 0x02, 0x1A, 0xD4, 0x18, 0x44, 0x00, 0xA0, 
0x01, 0x15, 0x15, 0x01, 0x44, 0x02, 0xA0, 0x05, 0x11, 0x44, 0x12, 0xA0, 
0x08, 0x0E, 0x0E, 0x08, 0x44, 0x09, 0xA0, 0x0B, 0x44, 0x0A, 0xD3, 0x19, 
0x15, 0x15, 0x0E, 0x05, 0x0E, 0x0E, 0x05, 0x09, 0x18, 0x12, 0x11, 0x0B, 
0x00, 0x0A, 0x02, 0x19, 0x08, 0x02, 0x01, 0x09, 0x00, 0x2F, 0x33, 0x33, 
0x33, 0x10, 0xE6, 0x32, 0x32, 0x32, 0x32, 0x32, 0x11, 0x39, 0x39, 0x7D, 
0x2F, 0x7C, 0x2F, 0x11, 0x33, 0x18, 0x2F, 0x01, 0x10, 0xF6, 0xED, 0xFD, 
0xED, 0x39, 0x3D, 0x2F, 0x18, 0x10, 0xF4, 0xFD, 0x39, 0xF4, 0xED, 0x39, 
0x3D, 0x2F, 0x18, 0x10, 0xFD, 0xED, 0xE6, 0x00, 0x5F, 0x5D, 0x2B, 0x5D, 
0x5D, 0x31, 0x30, 0x5F, 0x5E, 0x5D, 0x01, 0x5D, 0x5D, 0x5D, 0x5D, 0x5D, 
0x5D, 0x5D, 0x5D, 0x5D, 0x5D, 0x5D, 0x5D, 0x5D, 0x5D, 0x38, 0x2B, 0x38, 
0x2B, 0x5D, 0x5D, 0x38, 0x2B, 0x38, 0x2B, 0x01, 0x03, 0x23, 0x03, 0x26, 
0x27, 0x14, 0x07, 0x03, 0x23, 0x03, 0x33, 0x13, 0x16, 0x17, 0x36, 0x37, 
0x13, 0x33, 0x13, 0x16, 0x17, 0x36, 0x37, 0x13, 0x04, 0xE1, 0xE5, 0xE5, 
0x8C, 0x02, 0x06, 0x08, 0x8B, 0xE6, 0xE5, 0xED, 0x79, 0x03, 0x05, 0x01, 
0x08, 0x87, 0xC0, 0x87, 0x03, 0x06, 0x01, 0x07, 0x79, 0x06, 0x1D, 0xF9, 
0xE1, 0x03, 0x77, 0x30, 0x5F, 0x30, 0x5F, 0xFC, 0x89, 0x06, 0x1F, 0xFC, 
0x60, 0x30, 0x5F, 0x30, 0x5F, 0x03, 0xA0, 0xFC, 0x60, 0x30, 0x5F, 0x30, 
0x5F, 0x03, 0xA0, 0x00, 0x00, 0x01, 0x00, 0x1B, 0x00, 0x00, 0x03, 0x6A, 
0x06, 0x1D, 0x00, 0x0E, 0x00, 0x79, 0x40, 0x46, 0x67, 0x07, 0x01, 0x68, 
0x06, 0x01, 0x36, 0x06, 0x46, 0x06, 0x02, 0x25, 0x06, 0x01, 0x06, 0x06, 
0x01, 0x5C, 0x0A, 0x01, 0x05, 0x0A, 0x01, 0x08, 0x46, 0x02, 0x01, 0x09, 
0x44, 0x08, 0x04, 0x0B, 0x44, 0x0C, 0x10, 0xD4, 0x0E, 0x02, 0x01, 0x44, 
0x40, 0x00, 0xA1, 0x0A, 0x06, 0x02, 0xA1, 0x20, 0x03, 0x44, 0x04, 0xD3, 
0x0E, 0x0A, 0x02, 0x02, 0x06, 0x0A, 0x03, 0x04, 0x0C, 0x0B, 0x09, 0x08, 
0x02, 0x0F, 0x03, 0x01, 0x00, 0x04, 0x00, 0x2F, 0x33, 0x33, 0x33, 0x10, 
0xE4, 0x32, 0x32, 0x32, 0x11, 0x17, 0x39, 0x11, 0x12, 0x39, 0x01, 0xF6, 
0xED, 0x1A, 0x19, 0xFD, 0x39, 0x32, 0xFD, 0x1A, 0x18, 0xED, 0x12, 0x39, 
0xE6, 0xD6, 0xED, 0x10, 0xD4, 0xED, 0x31, 0x30, 0x00, 0x5D, 0x5E, 0x5D, 
0x5D, 0x01, 0x5D, 0x5D, 0x5D, 0x5D, 0x5D, 0x21, 0x23, 0x0B, 0x01, 0x23, 
0x35, 0x01, 0x00, 0x37, 0x33, 0x1B, 0x01, 0x33, 0x15, 0x01, 0x03, 0x6A, 
0xFD, 0xAC, 0xAD, 0xF9, 0x01, 0x24, 0xFE, 0xED, 0x01, 0xFA, 0x9C, 0x9D, 
0xF8, 0xFE, 0xEE, 0x02, 0x27, 0xFD, 0xD9, 0x08, 0x03, 0x19, 0x02, 0xF8, 
0x04, 0xFE, 0x02, 0x01, 0xFE, 0x09, 0xFD, 0x13, 0x00, 0x01, 0x00, 0x1A, 
0x00, 0x00, 0x03, 0x71, 0x06, 0x1D, 0x00, 0x12, 0x00, 0x32, 0x40, 0x19, 
0x14, 0xD4, 0x10, 0x44, 0x11, 0x0F, 0x03, 0x44, 0x06, 0x0E, 0x44, 0x0D, 
0xD3, 0x0F, 0x03, 0x06, 0x06, 0x05, 0x10, 0x0E, 0x00, 0x0D, 0x02, 0x13, 
0x05, 0x00, 0x2F, 0x10, 0xE4, 0x32, 0x32, 0x32, 0x11, 0x39, 0x11, 0x33, 
0x33, 0x01, 0xF4, 0xED, 0xD4, 0xFD, 0x39, 0xD4, 0xED, 0xE6, 0x31, 0x30, 
0x01, 0x03, 0x06, 0x07, 0x11, 0x23, 0x11, 0x26, 0x27, 0x26, 0x27, 0x03, 
0x26, 0x37, 0x33, 0x1B, 0x01, 0x33, 0x14, 0x03, 0x71, 0xCF, 0x26, 0x41, 
0xEB, 0x10, 0x1E, 0x35, 0x04, 0xCE, 0x01, 0x01, 0xF1, 0xBB, 0xBA, 0xF0, 
0x06, 0x14, 0xFD, 0x72, 0x61, 0xE6, 0xFD, 0xC1, 0x02, 0x3F, 0x4E, 0x57, 
0x95, 0x0D, 0x02, 0x8E, 0x01, 0x08, 0xFD, 0x58, 0x02, 0xA8, 0x07, 0x00, 
0x00, 0x01, 0x00, 0x27, 0x00, 0x00, 0x02, 0xF6, 0x06, 0x1D, 0x00, 0x09, 
0x00, 0x33, 0x40, 0x1A, 0x05, 0x05, 0x02, 0x03, 0x44, 0x07, 0x07, 0x0B, 
0xD4, 0x00, 0x00, 0x08, 0x44, 0x02, 0xD3, 0x0A, 0x07, 0x03, 0x48, 0x05, 
0x02, 0x0A, 0x02, 0x08, 0x48, 0x01, 0x00, 0x2F, 0xED, 0x32, 0x10, 0xF6, 
0xED, 0x32, 0x01, 0x10, 0xF6, 0xE5, 0x33, 0x2F, 0xE6, 0x33, 0x2F, 0xE5, 
0x12, 0x39, 0x2F, 0x31, 0x30, 0x29, 0x01, 0x35, 0x01, 0x21, 0x35, 0x21, 
0x15, 0x01, 0x21, 0x02, 0xF6, 0xFD, 0x31, 0x01, 0xB6, 0xFE, 0x6D, 0x02, 
0xAA, 0xFE, 0x4B, 0x01, 0xB7, 0x7D, 0x04, 0xCD, 0xD3, 0x87, 0xFB, 0x3D, 
0x00, 0x01, 0x00, 0x5E, 0xFF, 0x08, 0x02, 0x12, 0x06, 0x1D, 0x00, 0x0B, 
0x00, 0x2D, 0x40, 0x17, 0x08, 0x00, 0x00, 0x0D, 0x0A, 0x44, 0x06, 0x01, 
0xC0, 0x03, 0x0C, 0x09, 0x48, 0x04, 0xC0, 0x06, 0x02, 0x0C, 0x0A, 0x48, 
0x03, 0xC0, 0x01, 0x00, 0x2F, 0xE1, 0xED, 0x10, 0xFC, 0xE1, 0xED, 0x01, 
0x10, 0xD6, 0xE1, 0x32, 0xFD, 0xCE, 0x33, 0x2F, 0x33, 0x31, 0x30, 0x05, 
0x21, 0x22, 0x35, 0x11, 0x34, 0x33, 0x21, 0x15, 0x23, 0x11, 0x33, 0x02, 
0x12, 0xFE, 0xD5, 0x89, 0x89, 0x01, 0x2B, 0xCE, 0xCE, 0xF8, 0x89, 0x06, 
0x05, 0x87, 0xD1, 0xFA, 0x8D, 0x00, 0x00, 0x00, 0x00, 0x01, 0x00, 0x27, 
0x00, 0x00, 0x03, 0x66, 0x06, 0x1D, 0x00, 0x03, 0x00, 0x19, 0x40, 0x0B, 
0x01, 0x44, 0x00, 0x05, 0x03, 0x44, 0x02, 0x02, 0x02, 0x04, 0x01, 0x00, 
0x2F, 0x10, 0xE6, 0x01, 0xDE, 0xED, 0x10, 0xDE, 0xED, 0x31, 0x30, 0x21, 
0x23, 0x01, 0x33, 0x03, 0x66, 0xD5, 0xFD, 0x96, 0xD5, 0x06, 0x1D, 0x00, 
0x00, 0x01, 0x00, 0x48, 0xFF, 0x08, 0x01, 0xFE, 0x06, 0x1D, 0x00, 0x0B, 
0x00, 0x2B, 0x40, 0x16, 0x09, 0x02, 0xC0, 0x0D, 0x00, 0x44, 0x05, 0x07, 
0x04, 0x0C, 0x0B, 0xC0, 0x07, 0x48, 0x08, 0x02, 0x0C, 0x04, 0x48, 0x00, 
0xC0, 0x03, 0x00, 0x2F, 0xE1, 0xED, 0x10, 0xFE, 0xED, 0xE1, 0x01, 0x10, 
0xD6, 0x32, 0xD5, 0xFD, 0xC6, 0xE1, 0x32, 0x31, 0x30, 0x05, 0x14, 0x23, 
0x21, 0x35, 0x33, 0x11, 0x23, 0x35, 0x21, 0x32, 0x15, 0x01, 0xFE, 0x89, 
0xFE, 0xD3, 0xD1, 0xD1, 0x01, 0x2D, 0x89, 0x6F, 0x89, 0xD1, 0x05, 0x73, 
0xD1, 0x87, 0x00, 0x00, 0x00, 0x01, 0x00, 0x4E, 0x03, 0xF4, 0x03, 0x08, 
0x06, 0x1D, 0x00, 0x07, 0x00, 0x2F, 0x40, 0x13, 0x07, 0x07, 0x06, 0x06, 
0x04, 0x04, 0x00, 0x00, 0x02, 0x08, 0x01, 0x03, 0x03, 0x07, 0x07, 0x02, 
0x06, 0x02, 0x08, 0x00, 0x10, 0xEC, 0x32, 0x32, 0x2F, 0x32, 0x2F, 0x33, 
0x01, 0x19, 0x10, 0xCE, 0x32, 0x18, 0x2F, 0x32, 0x2F, 0x32, 0x7C, 0x2F, 
0x32, 0x7D, 0x2F, 0x31, 0x30, 0x01, 0x23, 0x0B, 0x01, 0x23, 0x35, 0x13, 
0x33, 0x03, 0x08, 0xB8, 0xA6, 0xA6, 0xB6, 0xFA, 0xCA, 0x03, 0xF4, 0x01, 
0x37, 0xFE, 0xC9, 0x0C, 0x02, 0x1D, 0x00, 0x00, 0x00, 0x01, 0x00, 0x00, 
0xFE, 0x66, 0x03, 0x2B, 0xFF, 0x14, 0x00, 0x03, 0x00, 0x14, 0xB7, 0x03, 
0x02, 0x02, 0x04, 0x03, 0x48, 0x01, 0x04, 0x00, 0x10, 0xD6, 0xED, 0x01, 
0x10, 0x3C, 0x10, 0xC5, 0x31, 0x30, 0x01, 0x21, 0x35, 0x21, 0x03, 0x2B, 
0xFC, 0xD5, 0x03, 0x2B, 0xFE, 0x66, 0xAE, 0x00, 0x00, 0x01, 0x00, 0xE7, 
0x04, 0x35, 0x02, 0xB2, 0x05, 0x46, 0x00, 0x05, 0x00, 0x22, 0x40, 0x10, 
0x04, 0x03, 0x01, 0x00, 0x00, 0x06, 0x07, 0x0F, 0x04, 0x01, 0x08, 0x04, 
0x98, 0x01, 0xB5, 0x06, 0x00, 0x10, 0xF6, 0xED, 0x5E, 0x5D, 0x01, 0x11, 
0x12, 0x39, 0x2F, 0x33, 0xCD, 0x39, 0x31, 0x30, 0x01, 0x23, 0x01, 0x35, 
0x21, 0x13, 0x02, 0xB2, 0xA8, 0xFE, 0xDD, 0x01, 0x1D, 0xAE, 0x04, 0x35, 
0x01, 0x08, 0x09, 0xFE, 0xF7, 0x00, 0x00, 0x00, 0x00, 0x02, 0x00, 0x4E, 
0xFF, 0xFC, 0x02, 0xDD, 0x03, 0xF2, 0x00, 0x16, 0x00, 0x1A, 0x00, 0x8B, 
0xB9, 0x00, 0x15, 0xFF, 0xF0, 0xB6, 0x12, 0x10, 0x0A, 0x10, 0x07, 0x10, 
0x15, 0xBC, 0xFF, 0xF0, 0x00, 0x12, 0xFF, 0xF0, 0x00, 0x0A, 0xFF, 0xF0, 
0x40, 0x38, 0x07, 0x10, 0x1C, 0x27, 0x14, 0xC4, 0x00, 0x51, 0x0C, 0x01, 
0x17, 0xC8, 0x1A, 0x51, 0x0B, 0x06, 0x13, 0xC4, 0x08, 0x0F, 0x51, 0x10, 
0x10, 0x08, 0x26, 0x1B, 0x16, 0x11, 0xC4, 0x13, 0x19, 0x17, 0x19, 0x17, 
0x1A, 0x0F, 0x09, 0xC4, 0x0C, 0x0C, 0x01, 0x0D, 0x57, 0x13, 0x06, 0x1B, 
0x1A, 0x57, 0x08, 0xC4, 0x40, 0x02, 0x30, 0x06, 0x06, 0x01, 0x00, 0x2F, 
0x33, 0x2F, 0x1A, 0xCD, 0x1A, 0xE9, 0xED, 0x10, 0xF4, 0xED, 0x12, 0x39, 
0x2F, 0xE9, 0x7C, 0xCE, 0x12, 0x39, 0x39, 0x3D, 0x2F, 0x18, 0x2F, 0x10, 
0xE9, 0x32, 0x01, 0x10, 0xE6, 0x32, 0x2F, 0xED, 0x10, 0xE8, 0x32, 0x32, 
0xFD, 0xFE, 0x32, 0x32, 0xFD, 0xE9, 0xE6, 0x31, 0x30, 0x00, 0x38, 0x38, 
0x38, 0x38, 0x01, 0x38, 0x38, 0x38, 0x38, 0x21, 0x23, 0x35, 0x06, 0x07, 
0x06, 0x23, 0x22, 0x35, 0x11, 0x34, 0x33, 0x21, 0x35, 0x23, 0x15, 0x23, 
0x35, 0x34, 0x33, 0x21, 0x32, 0x15, 0x03, 0x11, 0x23, 0x11, 0x02, 0xDD, 
0xDB, 0x4E, 0x4E, 0x66, 0x35, 0x7D, 0x81, 0x01, 0x35, 0xDB, 0xCF, 0x81, 
0x01, 0x83, 0x7F, 0xD9, 0xDB, 0x23, 0x0C, 0x0C, 0x0F, 0x7B, 0x01, 0x6C, 
0x7D, 0xE8, 0x90, 0xBD, 0x7D, 0x7D, 0xFD, 0x41, 0x01, 0x0F, 0xFE, 0xE9, 
0x00, 0x02, 0x00, 0x52, 0x00, 0x00, 0x02, 0xF4, 0x06, 0x1D, 0x00, 0x0D, 
0x00, 0x13, 0x00, 0x4D, 0xB9, 0x00, 0x0C, 0xFF, 0xF0, 0xB2, 0x02, 0x10, 
0x0C, 0xB8, 0xFF, 0xF0, 0x40, 0x22, 0x01, 0x18, 0x03, 0x0B, 0xC4, 0x15, 
0x27, 0x00, 0x51, 0x0E, 0xC8, 0x07, 0x11, 0x51, 0x04, 0x26, 0x14, 0x10, 
0x57, 0x07, 0x0F, 0x57, 0x0D, 0xC4, 0x0B, 0x06, 0x05, 0x02, 0x14, 0x11, 
0x57, 0x00, 0xC4, 0x04, 0x00, 0x2F, 0xE9, 0xED, 0x10, 0xE6, 0xF4, 0xE9, 
0xED, 0xD5, 0xED, 0x01, 0x10, 0xF6, 0xFD, 0x32, 0xFE, 0xFD, 0xE6, 0xE9, 
0x32, 0x31, 0x30, 0x00, 0x38, 0x38, 0x01, 0x38, 0x38, 0x25, 0x14, 0x06, 
0x23, 0x21, 0x11, 0x33, 0x11, 0x36, 0x37, 0x36, 0x33, 0x32, 0x15, 0x03, 
0x11, 0x07, 0x11, 0x33, 0x32, 0x02, 0xF4, 0x72, 0x5F, 0xFE, 0x2F, 0xE5, 
0x50, 0x50, 0x65, 0x3B, 0x7D, 0xE6, 0xD7, 0x8E, 0x49, 0xCB, 0x5F, 0x6C, 
0x06, 0x1D, 0xFD, 0xB0, 0x0C, 0x0D, 0x10, 0x7B, 0xFD, 0x8F, 0x02, 0x29, 
0x04, 0xFD, 0x8F, 0x00, 0x00, 0x01, 0x00, 0x52, 0x00, 0x00, 0x02, 0xDF, 
0x03, 0xF2, 0x00, 0x13, 0x00, 0x6F, 0xB9, 0x00, 0x0A, 0xFF, 0xF0, 0xB4, 
0x07, 0x10, 0x04, 0x10, 0x01, 0xBC, 0xFF, 0xF0, 0x00, 0x0A, 0xFF, 0xF0, 
0x00, 0x07, 0xFF, 0xF0, 0x40, 0x2C, 0x04, 0x10, 0x01, 0x10, 0x0D, 0x51, 
0x0C, 0x0C, 0x09, 0x02, 0xC4, 0x15, 0x27, 0x00, 0x51, 0x11, 0xC8, 0x10, 
0x51, 0x08, 0x03, 0xC4, 0x05, 0x26, 0x14, 0x0B, 0x06, 0xC4, 0x0F, 0x57, 
0x08, 0x0D, 0x0D, 0x08, 0x06, 0x14, 0x12, 0x12, 0x10, 0x57, 0x00, 0x05, 
0xC4, 0x03, 0x00, 0x2F, 0xE9, 0x32, 0xED, 0x32, 0x7D, 0x2F, 0x18, 0x10, 
0xE4, 0x32, 0x2F, 0x10, 0xED, 0xE9, 0x32, 0x01, 0x10, 0xF6, 0xE9, 0x32, 
0xFD, 0xFE, 0xFD, 0xE6, 0xE9, 0x32, 0x33, 0x10, 0xED, 0x31, 0x30, 0x00, 
0x38, 0x38, 0x38, 0x38, 0x01, 0x38, 0x38, 0x38, 0x38, 0x25, 0x14, 0x23, 
0x21, 0x22, 0x35, 0x11, 0x34, 0x33, 0x21, 0x32, 0x1D, 0x01, 0x23, 0x35, 
0x23, 0x11, 0x33, 0x35, 0x33, 0x02, 0xDF, 0x7F, 0xFE, 0x73, 0x81, 0x81, 
0x01, 0x8D, 0x7F, 0xDF, 0xCD, 0xCD, 0xDF, 0x7D, 0x7D, 0x7D, 0x02, 0xF8, 
0x7D, 0x7D, 0xF0, 0xAE, 0xFD, 0x8B, 0xC1, 0x00, 0x00, 0x02, 0x00, 0x50, 
0xFF, 0xFA, 0x02, 0xF0, 0x06, 0x1D, 0x00, 0x11, 0x00, 0x1A, 0x00, 0x50, 
0xBB, 0x00, 0x0A, 0xFF, 0xF8, 0x00, 0x09, 0xFF, 0xF0, 0x40, 0x26, 0x1C, 
0x27, 0x00, 0x51, 0x0F, 0x02, 0x12, 0xC8, 0x17, 0x51, 0x04, 0xC4, 0x07, 
0x26, 0x1B, 0x08, 0xC4, 0x0C, 0x0C, 0x13, 0x57, 0x0F, 0x06, 0x10, 0x02, 
0x1B, 0x12, 0x57, 0x02, 0x30, 0x02, 0x19, 0x57, 0x07, 0xC4, 0x04, 0x04, 
0x00, 0x00, 0x2F, 0x32, 0x2F, 0xED, 0xED, 0xD5, 0x38, 0xED, 0x10, 0xE4, 
0xF4, 0xED, 0x33, 0x2F, 0xE1, 0x01, 0x10, 0xF6, 0xE1, 0xFD, 0xFE, 0x32, 
0x32, 0xFD, 0xE6, 0x31, 0x30, 0x00, 0x38, 0x38, 0x21, 0x23, 0x35, 0x06, 
0x23, 0x22, 0x26, 0x35, 0x11, 0x34, 0x37, 0x36, 0x33, 0x32, 0x16, 0x33, 
0x11, 0x33, 0x03, 0x11, 0x23, 0x22, 0x15, 0x11, 0x14, 0x33, 0x32, 0x02, 
0xF0, 0xE4, 0xE8, 0x1C, 0x56, 0x62, 0x58, 0x40, 0x82, 0x1D, 0x6E, 0x17, 
0xE4, 0xE4, 0x8D, 0x4C, 0x48, 0x11, 0x23, 0x29, 0x65, 0x57, 0x02, 0x71, 
0x7B, 0x30, 0x24, 0x04, 0x02, 0x2B, 0xFA, 0xA8, 0x02, 0x6E, 0x4C, 0xFE, 
0x1D, 0x4A, 0x00, 0x00, 0x00, 0x02, 0x00, 0x52, 0x00, 0x00, 0x02, 0xDF, 
0x03, 0xF2, 0x00, 0x12, 0x00, 0x16, 0x00, 0x85, 0xB9, 0x00, 0x0A, 0xFF, 
0xF0, 0xB4, 0x07, 0x10, 0x04, 0x10, 0x01, 0xB8, 0xFF, 0xF0, 0x40, 0x09, 
0x09, 0x16, 0x19, 0x16, 0x49, 0x16, 0x03, 0x08, 0x0A, 0xBA, 0xFF, 0xF0, 
0x00, 0x07, 0xFF, 0xF0, 0x40, 0x32, 0x04, 0x10, 0x01, 0x10, 0x02, 0x09, 
0xC4, 0x13, 0x51, 0x0C, 0x0C, 0x18, 0x27, 0x12, 0x51, 0x11, 0xC8, 0x16, 
0x0E, 0x51, 0x03, 0x08, 0xC4, 0x05, 0x26, 0x17, 0x16, 0x0E, 0x15, 0x57, 
0x08, 0x0E, 0x0E, 0x12, 0x0C, 0x0D, 0x0D, 0x03, 0x0B, 0x06, 0xC4, 0x08, 
0x06, 0x17, 0x00, 0x05, 0xC4, 0x0F, 0x57, 0x03, 0x00, 0x2F, 0xED, 0xE9, 
0x32, 0x10, 0xF4, 0xE9, 0x32, 0x12, 0x39, 0x2F, 0x33, 0xCE, 0x33, 0x2F, 
0x10, 0xED, 0x11, 0x39, 0x01, 0x10, 0xF6, 0xE9, 0x32, 0xFD, 0x32, 0xFE, 
0xFD, 0xE6, 0x33, 0x10, 0xED, 0xE9, 0x32, 0x31, 0x30, 0x00, 0x38, 0x38, 
0x38, 0x38, 0x5E, 0x5D, 0x01, 0x38, 0x38, 0x38, 0x38, 0x25, 0x14, 0x23, 
0x21, 0x22, 0x35, 0x11, 0x34, 0x33, 0x21, 0x32, 0x15, 0x11, 0x07, 0x21, 
0x11, 0x33, 0x35, 0x33, 0x03, 0x35, 0x23, 0x15, 0x02, 0xDF, 0x81, 0xFE, 
0x75, 0x81, 0x81, 0x01, 0x8B, 0x81, 0x3F, 0xFE, 0x8D, 0xD7, 0xDB, 0xDB, 
0xD7, 0x7D, 0x7D, 0x7D, 0x02, 0xF8, 0x7D, 0x7D, 0xFE, 0x8D, 0x3F, 0xFE, 
0xE5, 0xA8, 0x01, 0x08, 0xF2, 0xF2, 0x00, 0x00, 0x00, 0x01, 0x00, 0x1B, 
0x00, 0x00, 0x02, 0x0E, 0x06, 0x1D, 0x00, 0x0F, 0x00, 0x45, 0xB2, 0x0D, 
0x10, 0x0D, 0xB8, 0xFF, 0xF0, 0x40, 0x1E, 0x11, 0x03, 0x00, 0x00, 0x03, 
0x02, 0x05, 0x51, 0x0E, 0xC4, 0x0B, 0x0A, 0x08, 0x26, 0x10, 0x0C, 0xC4, 
0x01, 0x57, 0x0E, 0x02, 0x10, 0x05, 0x08, 0x57, 0x0B, 0x02, 0x06, 0x10, 
0x07, 0x00, 0x2F, 0x10, 0xF4, 0x32, 0xED, 0x32, 0x10, 0xF4, 0xED, 0xE9, 
0x01, 0x10, 0xF6, 0xCD, 0x33, 0xE9, 0xFD, 0x32, 0xCD, 0x32, 0x2F, 0x10, 
0xC6, 0x31, 0x30, 0x00, 0x38, 0x01, 0x38, 0x01, 0x23, 0x11, 0x33, 0x15, 
0x23, 0x11, 0x23, 0x11, 0x23, 0x35, 0x33, 0x11, 0x34, 0x33, 0x21, 0x02, 
0x0E, 0xA8, 0x92, 0x92, 0xE3, 0x68, 0x68, 0x7F, 0x01, 0x0C, 0x05, 0x56, 
0xFE, 0x9C, 0xC3, 0xFC, 0xD1, 0x03, 0x2F, 0xC3, 0x01, 0xAE, 0x7D, 0x00, 
0x00, 0x02, 0x00, 0x50, 0xFE, 0x8F, 0x02, 0xF0, 0x03, 0xF6, 0x00, 0x16, 
0x00, 0x1F, 0x00, 0x87, 0x40, 0x0B, 0x11, 0x10, 0x0C, 0x10, 0x3D, 0x07, 
0x01, 0x02, 0x04, 0x10, 0x01, 0xBA, 0xFF, 0xF0, 0x00, 0x10, 0xFF, 0xF8, 
0x40, 0x3B, 0x0D, 0x08, 0x04, 0x10, 0x01, 0x10, 0x21, 0x27, 0x02, 0xC4, 
0x16, 0x51, 0x14, 0x0A, 0x18, 0xC8, 0x1C, 0x51, 0x0F, 0x0B, 0x0B, 0x12, 
0xC4, 0x0F, 0x08, 0x51, 0x03, 0xC4, 0x05, 0x05, 0x0F, 0x26, 0x20, 0x18, 
0x57, 0x14, 0x1A, 0x57, 0x12, 0x12, 0x15, 0x06, 0x20, 0x08, 0x57, 0x03, 
0x07, 0x07, 0x0B, 0x05, 0xC4, 0x00, 0xC4, 0x03, 0x13, 0x20, 0x1F, 0x57, 
0x0B, 0x00, 0x2F, 0xED, 0x10, 0xF4, 0xE9, 0xE9, 0x12, 0x39, 0x7C, 0x2F, 
0x18, 0x10, 0xED, 0x10, 0xEC, 0x32, 0x2F, 0xED, 0xD5, 0xED, 0x01, 0x10, 
0xE6, 0x32, 0x2F, 0xE9, 0xED, 0x10, 0xE5, 0x32, 0x2F, 0x10, 0xFD, 0xFE, 
0x32, 0x32, 0xFD, 0xE9, 0xE6, 0x31, 0x30, 0x00, 0x38, 0x38, 0x38, 0x38, 
0x01, 0x38, 0x38, 0x5F, 0x5D, 0x38, 0x38, 0x05, 0x14, 0x23, 0x21, 0x22, 
0x3D, 0x01, 0x33, 0x15, 0x33, 0x35, 0x23, 0x22, 0x26, 0x35, 0x11, 0x34, 
0x36, 0x33, 0x32, 0x17, 0x35, 0x33, 0x03, 0x11, 0x26, 0x23, 0x22, 0x15, 
0x11, 0x14, 0x33, 0x02, 0xF0, 0x81, 0xFE, 0x72, 0x81, 0xDD, 0xCF, 0xEB, 
0x60, 0x71, 0x62, 0x56, 0x2B, 0xD9, 0xE4, 0xE4, 0x73, 0x1C, 0x4A, 0x4C, 
0xF4, 0x7D, 0x7D, 0xA2, 0x79, 0xD1, 0x6C, 0x5F, 0x02, 0x6A, 0x57, 0x64, 
0x29, 0x25, 0xFC, 0xCC, 0x02, 0x6D, 0x0C, 0x49, 0xFE, 0x1C, 0x4C, 0x00, 
0x00, 0x01, 0x00, 0x52, 0x00, 0x00, 0x02, 0xF4, 0x06, 0x1D, 0x00, 0x0E, 
0x00, 0x56, 0xB6, 0x66, 0x0D, 0x01, 0x36, 0x0A, 0x01, 0x0D, 0xBA, 0xFF, 
0xF0, 0x00, 0x0A, 0xFF, 0xF0, 0x40, 0x14, 0x03, 0x10, 0x10, 0x27, 0x0C, 
0xC4, 0x00, 0x51, 0x01, 0xC8, 0x08, 0x04, 0x51, 0x05, 0x26, 0x0F, 0x03, 
0x57, 0x40, 0x08, 0xB8, 0xFF, 0xF0, 0x40, 0x0D, 0x08, 0x30, 0x0E, 0xC4, 
0x02, 0x57, 0x0C, 0x06, 0x06, 0x02, 0x0F, 0x01, 0x05, 0x00, 0x2F, 0x33, 
0x10, 0xE6, 0xF4, 0xED, 0xE9, 0x1A, 0xDD, 0x38, 0x1A, 0xED, 0x01, 0x10, 
0xF6, 0xFD, 0x32, 0xFE, 0xFD, 0xE9, 0xE6, 0x31, 0x30, 0x00, 0x38, 0x38, 
0x38, 0x01, 0x5D, 0x5D, 0x21, 0x23, 0x11, 0x07, 0x11, 0x23, 0x11, 0x33, 
0x11, 0x36, 0x37, 0x36, 0x33, 0x32, 0x15, 0x02, 0xF4, 0xE6, 0xD7, 0xE5, 
0xE5, 0x50, 0x50, 0x65, 0x3B, 0x7D, 0x03, 0x33, 0x04, 0xFC, 0xD1, 0x06, 
0x1D, 0xFD, 0xB0, 0x0C, 0x0D, 0x10, 0x7B, 0x00, 0x00, 0x02, 0x00, 0x56, 
0x00, 0x00, 0x01, 0x3B, 0x05, 0x6F, 0x00, 0x03, 0x00, 0x07, 0x00, 0x2B, 
0x40, 0x17, 0x09, 0x27, 0x00, 0x07, 0x51, 0x01, 0x06, 0x26, 0x08, 0x00, 
0x7F, 0x38, 0x02, 0x01, 0x48, 0x02, 0x01, 0x00, 0x02, 0x06, 0x06, 0x08, 
0x05, 0x00, 0x2F, 0x10, 0xE6, 0xDE, 0x5F, 0x5D, 0x5D, 0xED, 0x01, 0x10, 
0xF6, 0x32, 0xFD, 0x32, 0xE6, 0x31, 0x30, 0x01, 0x23, 0x35, 0x33, 0x03, 
0x23, 0x11, 0x33, 0x01, 0x3B, 0xE5, 0xE5, 0x02, 0xE1, 0xE1, 0x04, 0x83, 
0xEC, 0xFA, 0x91, 0x03, 0xF2, 0x00, 0x00, 0x00, 0x00, 0x02, 0xFF, 0xC7, 
0xFE, 0x8F, 0x01, 0x3B, 0x05, 0x6F, 0x00, 0x03, 0x00, 0x0B, 0x00, 0x44, 
0xB9, 0x00, 0x05, 0xFF, 0xF0, 0x40, 0x22, 0x05, 0x18, 0x0D, 0x27, 0x06, 
0xC4, 0x00, 0x0B, 0x51, 0x08, 0x01, 0x0A, 0x26, 0x0C, 0x09, 0x57, 0x04, 
0xC4, 0x07, 0x13, 0x0C, 0x00, 0x7F, 0x38, 0x02, 0x01, 0x48, 0x02, 0x01, 
0x00, 0x02, 0x0A, 0x06, 0x0C, 0x00, 0x10, 0xEE, 0xDE, 0x5F, 0x5D, 0x5D, 
0xED, 0x10, 0xFC, 0xE9, 0xED, 0x01, 0x10, 0xF6, 0x32, 0xCE, 0xFD, 0x32, 
0xE9, 0xE6, 0x31, 0x30, 0x00, 0x38, 0x01, 0x38, 0x01, 0x23, 0x35, 0x33, 
0x03, 0x14, 0x2B, 0x01, 0x35, 0x33, 0x11, 0x33, 0x01, 0x3B, 0xE5, 0xE5, 
0x02, 0x7F, 0xF3, 0x91, 0xE1, 0x04, 0x83, 0xEC, 0xF9, 0x9D, 0x7D, 0xBF, 
0x04, 0xA4, 0x00, 0x00, 0x00, 0x01, 0x00, 0x52, 0x00, 0x00, 0x02, 0xF4, 
0x06, 0x1D, 0x00, 0x0B, 0x00, 0x69, 0x40, 0x42, 0x37, 0x0B, 0x01, 0xF8, 
0x08, 0x01, 0xD9, 0x08, 0xE9, 0x08, 0x02, 0xC8, 0x08, 0x01, 0x08, 0x08, 
0x0D, 0x10, 0x48, 0xF8, 0x01, 0x01, 0xC9, 0x01, 0xD9, 0x01, 0xE9, 0x01, 
0x03, 0x48, 0x01, 0x58, 0x01, 0x68, 0x01, 0x03, 0x08, 0x51, 0x09, 0x09, 
0x0D, 0xCA, 0x01, 0x51, 0x00, 0x0B, 0x07, 0x02, 0x51, 0x04, 0x26, 0x0C, 
0x07, 0x02, 0x0B, 0x0B, 0x04, 0x08, 0x09, 0x06, 0x05, 0x02, 0x0C, 0x01, 
0x00, 0x04, 0x00, 0x2F, 0x33, 0x33, 0x10, 0xEE, 0xEC, 0x32, 0x11, 0x39, 
0x19, 0x2F, 0x33, 0x33, 0x01, 0x18, 0x10, 0xF6, 0xFD, 0x32, 0xC5, 0xD5, 
0xED, 0xE6, 0x33, 0x2F, 0xED, 0x31, 0x30, 0x5D, 0x5D, 0x5D, 0x2B, 0x5D, 
0x5D, 0x5D, 0x5D, 0x21, 0x23, 0x03, 0x11, 0x23, 0x11, 0x33, 0x11, 0x13, 
0x33, 0x15, 0x03, 0x02, 0xF4, 0xF4, 0xC9, 0xE5, 0xE5, 0xB5, 0xEF, 0xE9, 
0x01, 0xCF, 0xFE, 0x31, 0x06, 0x1D, 0xFC, 0x54, 0x01, 0x81, 0x04, 0xFE, 
0x35, 0x00, 0x00, 0x00, 0x00, 0x01, 0x00, 0x58, 0x00, 0x00, 0x01, 0x39, 
0x06, 0x1D, 0x00, 0x03, 0x00, 0x16, 0x40, 0x0A, 0x05, 0x27, 0x00, 0x51, 
0x01, 0x26, 0x02, 0x02, 0x04, 0x01, 0x00, 0x2F, 0x10, 0xEE, 0x01, 0xF6, 
0xFD, 0xE6, 0x31, 0x30, 0x21, 0x23, 0x11, 0x33, 0x01, 0x39, 0xE1, 0xE1, 
0x06, 0x1D, 0x00, 0x00, 0x00, 0x01, 0x00, 0x52, 0x00, 0x00, 0x04, 0xAC, 
0x03, 0xF6, 0x00, 0x18, 0x00, 0x9E, 0xB9, 0x00, 0x17, 0xFF, 0xF8, 0xB3, 
0x37, 0x14, 0x01, 0x14, 0xB8, 0xFF, 0xF8, 0x40, 0x12, 0x15, 0x18, 0x48, 
0x08, 0x14, 0x18, 0x14, 0x28, 0x14, 0x03, 0x37, 0x0E, 0x87, 0x0E, 0x97, 
0x0E, 0x03, 0x0E, 0xB8, 0xFF, 0xF8, 0x40, 0x0B, 0x15, 0x18, 0x48, 0x08, 
0x0E, 0x18, 0x0E, 0x28, 0x0E, 0x03, 0x17, 0xB8, 0xFF, 0xF8, 0x40, 0x20, 
0x57, 0x03, 0x01, 0x1A, 0x27, 0x16, 0xC4, 0x00, 0x51, 0x01, 0xC8, 0x12, 
0x10, 0xC4, 0x04, 0x51, 0x05, 0xC8, 0x0C, 0x08, 0x51, 0x09, 0x26, 0x19, 
0x03, 0x07, 0x28, 0x07, 0x57, 0x40, 0x12, 0x0C, 0xB8, 0xFF, 0xD0, 0x40, 
0x13, 0x0C, 0x01, 0x30, 0x02, 0x06, 0x57, 0x18, 0xC4, 0x10, 0x16, 0x16, 
0x10, 0x10, 0x0A, 0x06, 0x19, 0x09, 0x01, 0x05, 0x00, 0x2F, 0x33, 0x33, 
0x10, 0xE6, 0x32, 0x2F, 0x33, 0x2F, 0x10, 0xE0, 0xE5, 0x32, 0x1A, 0xFD, 
0x38, 0x32, 0x1A, 0xED, 0x38, 0x32, 0x01, 0x10, 0xF6, 0xFD, 0x32, 0xFE, 
0xFD, 0xE5, 0x33, 0xFE, 0xFD, 0xE5, 0xE6, 0x31, 0x30, 0x00, 0x5D, 0x38, 
0x01, 0x5D, 0x2B, 0x5D, 0x5D, 0x2B, 0x5D, 0x38, 0x21, 0x23, 0x11, 0x07, 
0x11, 0x23, 0x11, 0x07, 0x11, 0x23, 0x11, 0x33, 0x15, 0x36, 0x37, 0x36, 
0x33, 0x32, 0x17, 0x36, 0x37, 0x36, 0x33, 0x32, 0x15, 0x04, 0xAC, 0xE3, 
0xD7, 0xE4, 0xD7, 0xE5, 0xE5, 0x50, 0x4F, 0x61, 0x40, 0x4F, 0x17, 0x54, 
0x54, 0x6F, 0x3B, 0x7D, 0x03, 0x33, 0x04, 0xFC, 0xD1, 0x03, 0x33, 0x04, 
0xFC, 0xD1, 0x03, 0xF2, 0x25, 0x0D, 0x0D, 0x0F, 0x2D, 0x0D, 0x0E, 0x12, 
0x7B, 0x00, 0x00, 0x00, 0x00, 0x01, 0x00, 0x52, 0x00, 0x00, 0x02, 0xF4, 
0x03, 0xF6, 0x00, 0x0E, 0x00, 0x56, 0x40, 0x22, 0x89, 0x0A, 0x99, 0x0A, 
0x02, 0x37, 0x0A, 0x01, 0x3A, 0x03, 0x01, 0x03, 0x18, 0x0F, 0x12, 0x48, 
0x10, 0x27, 0x0C, 0xC4, 0x00, 0x51, 0x01, 0xC8, 0x08, 0x04, 0x51, 0x05, 
0x26, 0x0F, 0x03, 0x57, 0x40, 0x08, 0xB8, 0xFF, 0xE0, 0x40, 0x0E, 0x08, 
0x01, 0x30, 0x0E, 0xC4, 0x02, 0x57, 0x0C, 0x0C, 0x06, 0x06, 0x0F, 0x01, 
0x05, 0x00, 0x2F, 0x33, 0x10, 0xE6, 0x32, 0x2F, 0xE5, 0xE9, 0x1A, 0xFD, 
0x38, 0x1A, 0xED, 0x01, 0x10, 0xF6, 0xFD, 0x32, 0xFE, 0xFD, 0xE1, 0xE6, 
0x31, 0x30, 0x00, 0x2B, 0x5D, 0x01, 0x5D, 0x5D, 0x21, 0x23, 0x11, 0x07, 
0x11, 0x23, 0x11, 0x33, 0x15, 0x36, 0x37, 0x36, 0x33, 0x32, 0x15, 0x02, 
0xF4, 0xE6, 0xD7, 0xE5, 0xE5, 0x50, 0x4F, 0x62, 0x3F, 0x7D, 0x03, 0x33, 
0x04, 0xFC, 0xD1, 0x03, 0xF2, 0x25, 0x0D, 0x0C, 0x10, 0x7B, 0x00, 0x00, 
0x00, 0x02, 0x00, 0x52, 0x00, 0x00, 0x02, 0xEC, 0x03, 0xF2, 0x00, 0x0B, 
0x00, 0x0F, 0x00, 0x61, 0xB9, 0x00, 0x0A, 0xFF, 0xF8, 0xB4, 0x07, 0x08, 
0x04, 0x08, 0x01, 0xB8, 0xFF, 0xF8, 0xB2, 0x10, 0x08, 0x0A, 0xBA, 0xFF, 
0xF8, 0x00, 0x07, 0xFF, 0xF8, 0x40, 0x24, 0x04, 0x08, 0x01, 0x08, 0x09, 
0x02, 0xC4, 0x11, 0x27, 0x00, 0x51, 0x0C, 0xC8, 0x0F, 0x51, 0x08, 0x03, 
0xC4, 0x05, 0x26, 0x10, 0x0B, 0x06, 0xC4, 0x0E, 0x57, 0x08, 0x06, 0x10, 
0x00, 0x05, 0xC4, 0x0F, 0x57, 0x03, 0x0A, 0x00, 0x3F, 0xED, 0xE9, 0x32, 
0x10, 0xF4, 0xED, 0xE9, 0x32, 0x01, 0x10, 0xF6, 0xE9, 0x32, 0xFD, 0xFE, 
0xFD, 0xE6, 0xE9, 0x32, 0x31, 0x30, 0x00, 0x38, 0x38, 0x38, 0x38, 0x38, 
0x01, 0x38, 0x38, 0x38, 0x38, 0x25, 0x14, 0x23, 0x21, 0x22, 0x35, 0x11, 
0x34, 0x33, 0x21, 0x32, 0x15, 0x03, 0x11, 0x23, 0x11, 0x02, 0xEC, 0x7F, 
0xFE, 0x66, 0x81, 0x81, 0x01, 0x9A, 0x7F, 0xE0, 0xD9, 0x7D, 0x7D, 0x7D, 
0x02, 0xF8, 0x7D, 0x7D, 0xFD, 0x49, 0x02, 0x75, 0xFD, 0x8B, 0x00, 0x00, 
0x00, 0x02, 0x00, 0x52, 0xFE, 0x8F, 0x02, 0xF4, 0x03, 0xF6, 0x00, 0x12, 
0x00, 0x18, 0x00, 0x52, 0xBD, 0x00, 0x11, 0xFF, 0xF0, 0x00, 0x01, 0xFF, 
0xF0, 0x00, 0x11, 0xFF, 0xF0, 0x40, 0x24, 0x1A, 0x27, 0x10, 0xC4, 0x03, 
0xC4, 0x00, 0x51, 0x13, 0xC8, 0x0C, 0x07, 0x16, 0x51, 0x0A, 0x26, 0x19, 
0x15, 0x57, 0x0C, 0x14, 0x57, 0x12, 0xC4, 0x10, 0x10, 0x0A, 0x06, 0x09, 
0x13, 0x19, 0x16, 0x57, 0x00, 0xC4, 0x04, 0x00, 0x2F, 0xED, 0xED, 0x10, 
0xEE, 0xEE, 0x32, 0x2F, 0xE1, 0xED, 0xD5, 0xED, 0x01, 0x10, 0xF6, 0xFD, 
0x32, 0x32, 0xFE, 0xFD, 0xED, 0xE1, 0xE6, 0x31, 0x30, 0x00, 0x38, 0x01, 
0x38, 0x38, 0x25, 0x14, 0x07, 0x06, 0x23, 0x22, 0x26, 0x23, 0x11, 0x23, 
0x11, 0x33, 0x15, 0x36, 0x37, 0x36, 0x33, 0x32, 0x15, 0x03, 0x11, 0x07, 
0x11, 0x33, 0x32, 0x02, 0xF4, 0x58, 0x40, 0x82, 0x1E, 0x6D, 0x18, 0xE5, 
0xE5, 0x50, 0x50, 0x65, 0x3B, 0x7D, 0xE6, 0xD7, 0x8E, 0x49, 0xCB, 0x7B, 
0x31, 0x23, 0x04, 0xFE, 0x8F, 0x05, 0x63, 0x25, 0x0C, 0x0D, 0x10, 0x7B, 
0xFD, 0x8F, 0x02, 0x29, 0x04, 0xFD, 0x8F, 0x00, 0x00, 0x02, 0x00, 0x50, 
0xFE, 0x8F, 0x02, 0xF0, 0x03, 0xF6, 0x00, 0x0E, 0x00, 0x17, 0x00, 0x45, 
0x40, 0x26, 0x19, 0x27, 0x0E, 0x51, 0x0C, 0x02, 0x0F, 0xC8, 0x15, 0x51, 
0x06, 0x03, 0x03, 0x0A, 0xC4, 0x06, 0x26, 0x18, 0x10, 0x57, 0x0C, 0x12, 
0x57, 0x07, 0xC4, 0x0A, 0x0A, 0x0E, 0x06, 0x01, 0x13, 0x18, 0x06, 0xC4, 
0x03, 0x0F, 0x57, 0x02, 0x00, 0x2F, 0xED, 0x2F, 0xED, 0x10, 0xEE, 0xEC, 
0x32, 0x2F, 0xED, 0xED, 0xD5, 0xED, 0x01, 0x10, 0xF6, 0xE9, 0x32, 0x2F, 
0x10, 0xFD, 0xFE, 0x32, 0x32, 0xFD, 0xE6, 0x31, 0x30, 0x01, 0x23, 0x11, 
0x23, 0x22, 0x26, 0x35, 0x11, 0x34, 0x36, 0x33, 0x32, 0x17, 0x35, 0x33, 
0x03, 0x11, 0x26, 0x23, 0x22, 0x15, 0x11, 0x14, 0x33, 0x02, 0xF0, 0xE4, 
0xEB, 0x60, 0x71, 0x62, 0x56, 0x2B, 0xD9, 0xE4, 0xE4, 0x7D, 0x14, 0x48, 
0x4A, 0xFE, 0x8F, 0x01, 0x71, 0x6C, 0x5F, 0x02, 0x70, 0x57, 0x64, 0x29, 
0x25, 0xFC, 0xCC, 0x02, 0x6D, 0x0C, 0x49, 0xFE, 0x1C, 0x4C, 0x00, 0x00, 
0x00, 0x01, 0x00, 0x52, 0x00, 0x00, 0x02, 0xCF, 0x03, 0xF6, 0x00, 0x0E, 
0x00, 0x62, 0xB9, 0x00, 0x10, 0xFF, 0xC0, 0xB3, 0x16, 0x28, 0x48, 0x0D, 
0xBA, 0xFF, 0xF0, 0x00, 0x0D, 0xFF, 0xF0, 0x40, 0x18, 0x03, 0x18, 0xE7, 
0x02, 0xF7, 0x02, 0x02, 0x10, 0x0C, 0xC4, 0x00, 0x51, 0x01, 0xC8, 0x07, 
0x04, 0x51, 0x05, 0x26, 0x0F, 0x03, 0x57, 0x40, 0x08, 0xB8, 0xFF, 0xE0, 
0x40, 0x10, 0x08, 0x01, 0x30, 0x0E, 0xC4, 0x02, 0x57, 0x0C, 0x0C, 0x00, 
0x00, 0x04, 0x06, 0x06, 0x0F, 0x04, 0x00, 0x2F, 0x10, 0xE6, 0x11, 0x39, 
0x2F, 0x32, 0x2F, 0xED, 0xE1, 0x1A, 0xFD, 0x38, 0x1A, 0xED, 0x01, 0x10, 
0xF6, 0xFD, 0x32, 0xFE, 0xFD, 0xE1, 0xC6, 0x31, 0x30, 0x00, 0x5D, 0x38, 
0x38, 0x01, 0x38, 0x2B, 0x01, 0x23, 0x35, 0x07, 0x11, 0x23, 0x11, 0x33, 
0x15, 0x36, 0x37, 0x36, 0x33, 0x32, 0x15, 0x02, 0xCF, 0xE3, 0xB5, 0xE5, 
0xE5, 0x47, 0x46, 0x55, 0x39, 0x7D, 0x02, 0x4C, 0xE7, 0x04, 0xFC, 0xD1, 
0x03, 0xF2, 0x25, 0x0D, 0x0D, 0x0F, 0x7B, 0x00, 0x00, 0x01, 0x00, 0x4E, 
0x00, 0x00, 0x02, 0xCD, 0x03, 0xF2, 0x00, 0x1B, 0x00, 0xAD, 0xB9, 0x00, 
0x12, 0xFF, 0xF0, 0xB4, 0x0F, 0x10, 0x04, 0x10, 0x01, 0xB8, 0xFF, 0xF0, 
0x40, 0x13, 0xB5, 0x19, 0xC5, 0x19, 0xD5, 0x19, 0x03, 0xA2, 0x18, 0xB2, 
0x18, 0x02, 0x09, 0x18, 0x19, 0x18, 0x02, 0x08, 0x12, 0xBA, 0xFF, 0xF0, 
0x00, 0x0F, 0xFF, 0xF0, 0x40, 0x42, 0xBA, 0x0B, 0xCA, 0x0B, 0x02, 0x9D, 
0x0A, 0x01, 0x04, 0x10, 0x01, 0x10, 0x15, 0x51, 0x14, 0x14, 0x11, 0x02, 
0xC4, 0x1D, 0x27, 0x1B, 0x51, 0x0A, 0xC8, 0x07, 0x51, 0x10, 0x03, 0xC4, 
0x06, 0x06, 0x18, 0x51, 0x0D, 0x26, 0x1C, 0x0D, 0x18, 0x18, 0x13, 0x0E, 
0xC4, 0x17, 0x57, 0x10, 0x14, 0x14, 0x10, 0x06, 0x1C, 0x1B, 0x0A, 0x0A, 
0x03, 0x60, 0x06, 0x01, 0x06, 0x06, 0x08, 0x57, 0x00, 0x05, 0xC4, 0x03, 
0x00, 0x2F, 0xE9, 0x32, 0xED, 0x32, 0x7D, 0x2F, 0x5D, 0x11, 0x33, 0x19, 
0x2F, 0x33, 0x18, 0x10, 0xEC, 0x32, 0x2F, 0x10, 0xED, 0xE9, 0x32, 0x33, 
0x19, 0x2F, 0x33, 0x01, 0x18, 0x10, 0xF6, 0xED, 0x33, 0x2F, 0xE9, 0x32, 
0xFD, 0xFE, 0xFD, 0xE6, 0xE9, 0x32, 0x33, 0x2F, 0xED, 0x31, 0x30, 0x00, 
0x38, 0x38, 0x5D, 0x5D, 0x38, 0x38, 0x5E, 0x5D, 0x5D, 0x5D, 0x01, 0x38, 
0x38, 0x38, 0x38, 0x25, 0x14, 0x23, 0x21, 0x22, 0x3D, 0x01, 0x33, 0x15, 
0x33, 0x35, 0x25, 0x26, 0x3D, 0x01, 0x34, 0x33, 0x21, 0x32, 0x1D, 0x01, 
0x23, 0x35, 0x23, 0x15, 0x05, 0x16, 0x15, 0x02, 0xCD, 0x7F, 0xFE, 0x7F, 
0x7F, 0xDB, 0xC9, 0xFE, 0xA1, 0x45, 0x81, 0x01, 0x7D, 0x7F, 0xD9, 0xC9, 
0x01, 0x5E, 0x46, 0x7D, 0x7D, 0x7D, 0xD9, 0xAA, 0xA0, 0xCF, 0x29, 0x45, 
0xEC, 0x7D, 0x7D, 0xCB, 0x9C, 0x92, 0xCD, 0x28, 0x48, 0x00, 0x00, 0x00, 
0x00, 0x01, 0x00, 0x1D, 0x00, 0x00, 0x02, 0x06, 0x05, 0x04, 0x00, 0x0F, 
0x00, 0x6B, 0x40, 0x44, 0x07, 0x11, 0x17, 0x11, 0x27, 0x11, 0x37, 0x11, 
0x47, 0x11, 0x57, 0x11, 0x67, 0x11, 0x77, 0x11, 0x87, 0x11, 0x97, 0x11, 
0xA7, 0x11, 0xB7, 0x11, 0xC7, 0x11, 0x0D, 0xF7, 0x11, 0x01, 0x00, 0x02, 
0x10, 0x02, 0x10, 0x11, 0x0F, 0x0C, 0x0C, 0x0F, 0x0A, 0x0D, 0x51, 0x04, 
0x07, 0x04, 0x06, 0x06, 0x01, 0xC4, 0x04, 0x26, 0x10, 0x0D, 0x04, 0x57, 
0x07, 0x0A, 0x08, 0x08, 0x07, 0x06, 0x10, 0x0E, 0x57, 0x03, 0xC4, 0x01, 
0x00, 0x2F, 0xE9, 0xED, 0x10, 0xEC, 0x32, 0x2F, 0x32, 0x10, 0xED, 0x32, 
0x01, 0x10, 0xF6, 0xE9, 0x33, 0x2F, 0x11, 0x33, 0x10, 0xFD, 0x32, 0xCE, 
0x32, 0x2F, 0x10, 0xC6, 0x31, 0x30, 0x00, 0x38, 0x01, 0x38, 0x5F, 0x5D, 
0x71, 0x21, 0x23, 0x22, 0x35, 0x11, 0x23, 0x35, 0x33, 0x11, 0x33, 0x11, 
0x33, 0x15, 0x23, 0x11, 0x33, 0x02, 0x06, 0xFE, 0x7F, 0x6C, 0x6C, 0xE4, 
0x93, 0x93, 0x99, 0x7D, 0x02, 0xB2, 0xC3, 0x01, 0x12, 0xFE, 0xEE, 0xC3, 
0xFD, 0x94, 0x00, 0x00, 0x00, 0x01, 0x00, 0x52, 0xFF, 0xFA, 0x02, 0xF2, 
0x03, 0xF2, 0x00, 0x0E, 0x00, 0x3B, 0x40, 0x20, 0x07, 0x10, 0x07, 0x10, 
0x10, 0x27, 0x00, 0x51, 0x0C, 0x02, 0xC8, 0x0B, 0x51, 0x06, 0xC4, 0x08, 
0x26, 0x0A, 0x0E, 0x06, 0x0F, 0x0C, 0x57, 0x02, 0x01, 0x0B, 0x57, 0x08, 
0xC4, 0x06, 0x06, 0x00, 0x00, 0x2F, 0x32, 0x2F, 0xE1, 0xED, 0xF5, 0xED, 
0x10, 0xEC, 0x32, 0x01, 0xF6, 0xE1, 0xFD, 0xFD, 0x32, 0xFD, 0xE6, 0x31, 
0x30, 0x00, 0x38, 0x01, 0x38, 0x21, 0x23, 0x35, 0x06, 0x07, 0x06, 0x23, 
0x22, 0x35, 0x11, 0x33, 0x11, 0x37, 0x11, 0x33, 0x02, 0xF2, 0xE4, 0x4F, 
0x50, 0x61, 0x3F, 0x7D, 0xE3, 0xD9, 0xE4, 0x23, 0x0D, 0x0D, 0x0F, 0x7D, 
0x03, 0x7B, 0xFC, 0xCC, 0x05, 0x03, 0x2F, 0x00, 0x00, 0x01, 0x00, 0x1F, 
0xFF, 0xFE, 0x02, 0xFE, 0x03, 0xF2, 0x00, 0x06, 0x00, 0x70, 0x40, 0x42, 
0xC8, 0x06, 0x01, 0xC7, 0x04, 0x01, 0x98, 0x02, 0xA8, 0x02, 0x02, 0x97, 
0x01, 0xA7, 0x01, 0x02, 0xB6, 0x05, 0x01, 0x63, 0x05, 0x01, 0x44, 0x05, 
0x54, 0x05, 0x02, 0x33, 0x05, 0x01, 0x05, 0x28, 0x08, 0x0B, 0x48, 0x05, 
0x08, 0x08, 0xCA, 0x06, 0x51, 0x00, 0xA9, 0x01, 0x05, 0x05, 0x01, 0x51, 
0x02, 0xA9, 0x04, 0x51, 0x03, 0xC9, 0x07, 0x06, 0x05, 0x05, 0x02, 0x04, 
0x00, 0x03, 0x06, 0x07, 0x01, 0x02, 0x00, 0x2F, 0x33, 0x10, 0xE6, 0x32, 
0x32, 0x11, 0x39, 0x7D, 0x2F, 0x32, 0x01, 0x18, 0x10, 0xF6, 0xED, 0x7C, 
0xFD, 0x18, 0xED, 0x39, 0x3D, 0x2F, 0x7C, 0x10, 0xFD, 0x18, 0xED, 0xE6, 
0x31, 0x30, 0x00, 0x38, 0x2B, 0x5D, 0x5D, 0x5D, 0x5D, 0x01, 0x5D, 0x5D, 
0x5D, 0x5D, 0x09, 0x01, 0x23, 0x01, 0x33, 0x1B, 0x01, 0x02, 0xFE, 0xFE, 
0xFE, 0xDB, 0xFE, 0xFE, 0xEB, 0x85, 0x85, 0x03, 0xF2, 0xFC, 0x0C, 0x03, 
0xF4, 0xFD, 0x68, 0x02, 0x98, 0x00, 0x00, 0x00, 0x00, 0x01, 0x00, 0x1F, 
0xFF, 0xFE, 0x04, 0x39, 0x03, 0xF2, 0x00, 0x0C, 0x01, 0x21, 0x40, 0x41, 
0x86, 0x0A, 0x01, 0x08, 0x08, 0x09, 0x0C, 0x48, 0xD8, 0x06, 0x01, 0x89, 
0x05, 0x01, 0xA8, 0x05, 0xB8, 0x05, 0xC8, 0x05, 0x03, 0x89, 0x05, 0x99, 
0x05, 0x02, 0x87, 0x04, 0x01, 0x88, 0x02, 0x01, 0x02, 0x08, 0x10, 0x13, 
0x48, 0x86, 0x01, 0x01, 0xA7, 0x01, 0xB7, 0x01, 0xC7, 0x01, 0x03, 0x86, 
0x01, 0x96, 0x01, 0x02, 0xD6, 0x00, 0x01, 0x2C, 0x0B, 0x01, 0x1B, 0x0B, 
0x01, 0x0C, 0x0B, 0x01, 0x0B, 0xB8, 0xFF, 0xE0, 0x40, 0x0E, 0x2C, 0x08, 
0x3C, 0x08, 0x4C, 0x08, 0x03, 0x1B, 0x08, 0x01, 0x0C, 0x08, 0x01, 0x08, 
0xB8, 0xFF, 0xE0, 0x40, 0x68, 0x33, 0x03, 0x43, 0x03, 0x02, 0x14, 0x03, 
0x24, 0x03, 0x02, 0x03, 0x03, 0x01, 0x08, 0x0E, 0xCA, 0x0C, 0x51, 0x56, 
0x00, 0x01, 0x42, 0x00, 0x01, 0x00, 0xAA, 0x01, 0x0B, 0x0B, 0x44, 0x01, 
0x54, 0x01, 0x02, 0x01, 0x51, 0x54, 0x02, 0x01, 0x46, 0x02, 0x01, 0x02, 
0xAA, 0x03, 0x5B, 0x09, 0x01, 0x4F, 0x09, 0x01, 0x09, 0x51, 0x54, 0x0A, 
0x01, 0x46, 0x0A, 0x01, 0x0A, 0xAA, 0x04, 0x08, 0x08, 0x44, 0x04, 0x54, 
0x04, 0x02, 0x04, 0x51, 0x56, 0x05, 0x01, 0x42, 0x05, 0x01, 0x05, 0xAA, 
0x07, 0x51, 0x06, 0xC9, 0x0D, 0x0B, 0x0B, 0x08, 0x03, 0x08, 0x08, 0x03, 
0x05, 0x0C, 0x0A, 0x09, 0x07, 0x00, 0x06, 0x06, 0x0D, 0x04, 0x02, 0x01, 
0x05, 0x00, 0x2F, 0x33, 0x33, 0x33, 0x10, 0xE6, 0x32, 0x32, 0x32, 0x32, 
0x32, 0x11, 0x39, 0x39, 0x7D, 0x2F, 0x7C, 0x2F, 0x11, 0x33, 0x18, 0x2F, 
0x01, 0x10, 0xF6, 0xE5, 0x7C, 0xF5, 0x5D, 0x5D, 0x18, 0xE5, 0x5D, 0x39, 
0x3D, 0x2F, 0x7C, 0x10, 0xF5, 0x5D, 0x5D, 0x18, 0xF5, 0x5D, 0x5D, 0x39, 
0x7C, 0xF5, 0x5D, 0x5D, 0x18, 0xE5, 0x5D, 0x39, 0x3D, 0x2F, 0x7C, 0x10, 
0xF5, 0x5D, 0x5D, 0x18, 0xE5, 0xE6, 0x31, 0x30, 0x00, 0x5E, 0x5D, 0x5D, 
0x5D, 0x38, 0x5D, 0x5D, 0x5D, 0x38, 0x5D, 0x5D, 0x5D, 0x01, 0x5D, 0x5D, 
0x5D, 0x71, 0x2B, 0x71, 0x71, 0x5D, 0x5D, 0x71, 0x5D, 0x2B, 0x71, 0x01, 
0x03, 0x23, 0x0B, 0x01, 0x23, 0x03, 0x33, 0x1B, 0x01, 0x33, 0x1B, 0x01, 
0x04, 0x39, 0xD9, 0xC8, 0x6D, 0x6D, 0xC6, 0xD9, 0xDB, 0x6E, 0x6D, 0xAE, 
0x6D, 0x6E, 0x03, 0xF2, 0xFC, 0x0C, 0x02, 0x2F, 0xFD, 0xD1, 0x03, 0xF4, 
0xFD, 0x7B, 0x02, 0x85, 0xFD, 0x7B, 0x02, 0x85, 0x00, 0x01, 0x00, 0x14, 
0x00, 0x00, 0x02, 0xF6, 0x03, 0xF2, 0x00, 0x0D, 0x00, 0xC4, 0x40, 0x79, 
0x57, 0x0D, 0x67, 0x0D, 0x02, 0xC6, 0x0D, 0x01, 0xB8, 0x0D, 0x01, 0x27, 
0x0D, 0xA7, 0x0D, 0x02, 0xE9, 0x0A, 0x01, 0xE6, 0x08, 0x01, 0x58, 0x06, 
0x01, 0xC9, 0x06, 0x01, 0xB7, 0x06, 0x01, 0x28, 0x06, 0xA8, 0x06, 0x02, 
0xE6, 0x03, 0x01, 0xE9, 0x01, 0x01, 0x56, 0x09, 0x66, 0x09, 0x02, 0xE5, 
0x09, 0x01, 0xC6, 0x09, 0x01, 0x18, 0x09, 0x28, 0x09, 0x02, 0x68, 0x02, 
0x01, 0xEB, 0x02, 0x01, 0xC9, 0x02, 0x01, 0x27, 0x02, 0x01, 0x04, 0xC9, 
0x0E, 0x08, 0x51, 0x07, 0x07, 0x05, 0x0D, 0x09, 0x09, 0x02, 0x0A, 0x51, 
0x0B, 0x0B, 0x0F, 0xCA, 0x01, 0x51, 0x00, 0x00, 0xAB, 0x06, 0x6B, 0x02, 
0x01, 0x02, 0xAB, 0x03, 0x51, 0x05, 0x09, 0x0D, 0x02, 0x06, 0x0D, 0x06, 
0x0D, 0x06, 0x00, 0x0B, 0x0A, 0x08, 0x07, 0x06, 0x0E, 0x04, 0x03, 0x01, 
0x00, 0x00, 0x2F, 0x32, 0x32, 0x32, 0x10, 0xE6, 0x32, 0x32, 0x32, 0x11, 
0x39, 0x39, 0x3D, 0x2F, 0x2F, 0x11, 0x33, 0x11, 0x33, 0x01, 0x18, 0x2F, 
0xE5, 0x3D, 0xF5, 0x5D, 0x32, 0xE1, 0x18, 0x2F, 0xE5, 0xE6, 0x33, 0x2F, 
0xE5, 0x11, 0x33, 0x3D, 0x2F, 0x33, 0x11, 0x33, 0x7D, 0x2F, 0x18, 0xE5, 
0x10, 0xE6, 0x31, 0x30, 0x00, 0x5D, 0x5D, 0x5D, 0x71, 0x5D, 0x5D, 0x5D, 
0x71, 0x01, 0x5D, 0x5D, 0x5D, 0x5D, 0x5D, 0x71, 0x5D, 0x5D, 0x5D, 0x5D, 
0x5D, 0x71, 0x21, 0x23, 0x0B, 0x01, 0x23, 0x35, 0x13, 0x03, 0x33, 0x1B, 
0x01, 0x33, 0x15, 0x03, 0x02, 0xF6, 0xF8, 0x79, 0x7D, 0xF4, 0xF4, 0xDD, 
0xEC, 0x6E, 0x73, 0xE7, 0xDD, 0x01, 0x3D, 0xFE, 0xC3, 0x04, 0x02, 0x04, 
0x01, 0xEA, 0xFE, 0xDB, 0x01, 0x25, 0x04, 0xFE, 0x1C, 0x00, 0x00, 0x00, 
0x00, 0x01, 0x00, 0x1F, 0xFE, 0x8F, 0x02, 0xFE, 0x03, 0xF2, 0x00, 0x08, 
0x00, 0x76, 0x40, 0x43, 0x48, 0x04, 0x01, 0x29, 0x01, 0x01, 0xC6, 0x07, 
0x01, 0x3B, 0x07, 0x01, 0x0C, 0x07, 0x1C, 0x07, 0x2C, 0x07, 0x03, 0x08, 
0x29, 0x04, 0x01, 0x27, 0x01, 0x01, 0x03, 0x51, 0x30, 0x02, 0x40, 0x02, 
0x02, 0x02, 0x8E, 0x0A, 0xCA, 0x08, 0x51, 0x00, 0xA9, 0x01, 0x07, 0x07, 
0x01, 0x51, 0x04, 0xA9, 0x06, 0x51, 0x05, 0xC9, 0x09, 0x08, 0x07, 0x07, 
0x04, 0x06, 0x00, 0x05, 0x06, 0x02, 0x03, 0x13, 0x09, 0x01, 0x04, 0x00, 
0x2F, 0x33, 0x10, 0xE6, 0x32, 0xE6, 0x32, 0x32, 0x11, 0x39, 0x7D, 0x2F, 
0x32, 0x01, 0x18, 0x10, 0xF6, 0xE5, 0x7C, 0xFD, 0x18, 0xE5, 0x39, 0x3D, 
0x2F, 0x7C, 0x10, 0xFD, 0x18, 0xE5, 0xE6, 0x7C, 0xFD, 0x5D, 0x18, 0xED, 
0x31, 0x30, 0x00, 0x5D, 0x5D, 0x5E, 0x5D, 0x5D, 0x5D, 0x01, 0x5D, 0x5D, 
0x01, 0x0B, 0x01, 0x23, 0x13, 0x01, 0x33, 0x1B, 0x01, 0x02, 0xFE, 0xFD, 
0x61, 0xEA, 0x69, 0xFF, 0x00, 0xEB, 0x85, 0x85, 0x03, 0xF2, 0xFC, 0x1B, 
0xFE, 0x82, 0x01, 0x79, 0x03, 0xEA, 0xFD, 0x68, 0x02, 0x98, 0x00, 0x00, 
0x00, 0x01, 0x00, 0x2D, 0x00, 0x00, 0x02, 0x8D, 0x03, 0xF2, 0x00, 0x09, 
0x00, 0x3F, 0x40, 0x23, 0x26, 0x08, 0x01, 0x17, 0x08, 0x01, 0x29, 0x03, 
0x01, 0x18, 0x03, 0x01, 0x03, 0x07, 0x07, 0x0B, 0xCA, 0x00, 0x02, 0x08, 
0x04, 0x04, 0x02, 0xC9, 0x0A, 0x07, 0x03, 0x57, 0x06, 0x06, 0x0A, 0x02, 
0x08, 0x57, 0x01, 0x00, 0x2F, 0xE5, 0x32, 0x10, 0xF4, 0xE5, 0x32, 0x01, 
0x10, 0xE6, 0x32, 0x2F, 0x32, 0x10, 0xDD, 0xE6, 0x33, 0x2F, 0x33, 0x31, 
0x30, 0x5D, 0x5D, 0x5D, 0x5D, 0x29, 0x01, 0x35, 0x01, 0x21, 0x35, 0x21, 
0x15, 0x01, 0x21, 0x02, 0x8D, 0xFD, 0xA0, 0x01, 0x50, 0xFE, 0xCB, 0x02, 
0x45, 0xFE, 0xAE, 0x01, 0x52, 0x87, 0x02, 0xB0, 0xBB, 0x88, 0xFD, 0x50, 
0x00, 0x01, 0x00, 0x35, 0xFF, 0x08, 0x02, 0xB0, 0x06, 0x1D, 0x00, 0x21, 
0x00, 0x45, 0xB4, 0x09, 0x10, 0x02, 0x10, 0x09, 0xB8, 0xFF, 0xF0, 0x40, 
0x1B, 0x02, 0x10, 0x16, 0x44, 0x05, 0x07, 0x03, 0x44, 0x21, 0x12, 0x0C, 
0x1C, 0x06, 0x05, 0x16, 0x16, 0x01, 0x0F, 0x48, 0x0A, 0x02, 0x22, 0x1E, 
0x48, 0x01, 0x13, 0x22, 0x00, 0x10, 0xFC, 0xED, 0x10, 0xFC, 0xED, 0x12, 
0x39, 0x19, 0x2F, 0x33, 0x33, 0x01, 0x18, 0x2F, 0xCE, 0x33, 0xCE, 0xFD, 
0x32, 0xDE, 0xED, 0x31, 0x30, 0x00, 0x38, 0x38, 0x01, 0x38, 0x38, 0x05, 
0x23, 0x22, 0x35, 0x11, 0x27, 0x35, 0x37, 0x11, 0x34, 0x3B, 0x01, 0x15, 
0x22, 0x26, 0x23, 0x22, 0x15, 0x11, 0x14, 0x06, 0x0F, 0x01, 0x17, 0x16, 
0x17, 0x16, 0x15, 0x11, 0x14, 0x33, 0x32, 0x36, 0x33, 0x02, 0xB0, 0xC7, 
0xEF, 0xC5, 0xC5, 0xEF, 0xC7, 0x0C, 0x3E, 0x11, 0x74, 0x16, 0x29, 0x6D, 
0x6D, 0x29, 0x0C, 0x0A, 0x77, 0x10, 0x3C, 0x0C, 0xF8, 0xF8, 0x01, 0xDF, 
0xC1, 0x25, 0xC0, 0x01, 0xA0, 0xF8, 0xCF, 0x04, 0x54, 0xFE, 0x9E, 0x39, 
0x34, 0x23, 0x5A, 0x5C, 0x23, 0x1C, 0x18, 0x36, 0xFE, 0x62, 0x57, 0x03, 
0x00, 0x01, 0x00, 0x66, 0xFE, 0x98, 0x01, 0x48, 0x06, 0x1D, 0x00, 0x03, 
0x00, 0x11, 0xB6, 0x00, 0x44, 0x01, 0x02, 0x02, 0x01, 0x04, 0x00, 0x10, 
0xCE, 0xEE, 0x01, 0xDE, 0xED, 0x31, 0x30, 0x01, 0x23, 0x11, 0x33, 0x01, 
0x48, 0xE2, 0xE2, 0xFE, 0x98, 0x07, 0x85, 0x00, 0x00, 0x01, 0x00, 0x48, 
0xFF, 0x08, 0x02, 0xC3, 0x06, 0x1D, 0x00, 0x21, 0x00, 0x49, 0xBD, 0x00, 
0x1E, 0xFF, 0xF0, 0x00, 0x03, 0xFF, 0xF0, 0x00, 0x1E, 0xFF, 0xF0, 0x40, 
0x1B, 0x03, 0x10, 0x10, 0x44, 0x00, 0x20, 0x01, 0x44, 0x1B, 0x15, 0x06, 
0x0C, 0x21, 0x00, 0x10, 0x10, 0x04, 0x18, 0x48, 0x1D, 0x02, 0x22, 0x09, 
0x48, 0x04, 0x13, 0x22, 0x00, 0x10, 0xFC, 0xED, 0x10, 0xFC, 0xED, 0x12, 
0x39, 0x19, 0x2F, 0x33, 0x33, 0x01, 0x18, 0x2F, 0xCE, 0x33, 0xCE, 0xFD, 
0x32, 0xDD, 0xED, 0x31, 0x30, 0x00, 0x38, 0x38, 0x01, 0x38, 0x38, 0x01, 
0x07, 0x11, 0x14, 0x2B, 0x01, 0x35, 0x32, 0x16, 0x33, 0x32, 0x35, 0x11, 
0x34, 0x36, 0x3F, 0x01, 0x27, 0x26, 0x27, 0x26, 0x35, 0x11, 0x34, 0x23, 
0x22, 0x06, 0x23, 0x35, 0x33, 0x32, 0x15, 0x11, 0x17, 0x02, 0xC3, 0xC5, 
0xF0, 0xC6, 0x0B, 0x3C, 0x10, 0x7A, 0x14, 0x29, 0x6D, 0x6D, 0x29, 0x0B, 
0x09, 0x77, 0x11, 0x3E, 0x0B, 0xC6, 0xF0, 0xC5, 0x02, 0xA0, 0xC1, 0xFE, 
0x21, 0xF8, 0xCF, 0x03, 0x57, 0x01, 0x9E, 0x38, 0x33, 0x22, 0x5C, 0x5A, 
0x22, 0x1D, 0x17, 0x3A, 0x01, 0x62, 0x53, 0x03, 0xCF, 0xF8, 0xFE, 0x60, 
0xC0, 0x00, 0x00, 0x00, 0x00, 0x01, 0x00, 0x81, 0x01, 0xA6, 0x03, 0x8B, 
0x03, 0x1F, 0x00, 0x0F, 0x00, 0x2A, 0x40, 0x13, 0x0D, 0x51, 0x0F, 0x06, 
0x51, 0x07, 0x10, 0x0D, 0x07, 0x02, 0x02, 0x07, 0x07, 0x0E, 0x0A, 0x0A, 
0x05, 0x0E, 0x10, 0x00, 0x10, 0xDC, 0xCC, 0x33, 0x2F, 0x11, 0x33, 0x2F, 
0x33, 0x2F, 0x10, 0xCC, 0x01, 0x10, 0xDE, 0xED, 0xDC, 0xED, 0x31, 0x30, 
0x01, 0x14, 0x23, 0x22, 0x27, 0x25, 0x15, 0x23, 0x35, 0x34, 0x33, 0x32, 
0x17, 0x05, 0x35, 0x33, 0x03, 0x8B, 0x74, 0x37, 0x4D, 0xFE, 0xB5, 0xC7, 
0x75, 0x34, 0x4D, 0x01, 0x4C, 0xC8, 0x02, 0x21, 0x7B, 0x1F, 0x85, 0x9E, 
0xFA, 0x79, 0x1F, 0x85, 0x9E, 0x00, 0x00, 0x00, 0xFF, 0xFF, 0x00, 0x25, 
0x00, 0x00, 0x03, 0x77, 0x07, 0x38, 0x02, 0x36, 0x00, 0x24, 0x00, 0x00, 
0x01, 0x17, 0x00, 0x8E, 0x00, 0x2C, 0x02, 0x2C, 0x00, 0x17, 0x40, 0x10, 
0x02, 0x07, 0x0D, 0x4F, 0x03, 0x07, 0x10, 0x4F, 0x03, 0x02, 0x00, 0x10, 
0x0D, 0x07, 0x08, 0x50, 0x2B, 0x34, 0x34, 0x2B, 0x2B, 0x00, 0x00, 0x00, 
0xFF, 0xFF, 0x00, 0x25, 0x00, 0x00, 0x03, 0x77, 0x07, 0xB9, 0x02, 0x36, 
0x00, 0x24, 0x00, 0x00, 0x01, 0x17, 0x00, 0xDD, 0x00, 0x28, 0x01, 0xEA, 
0x00, 0x0C, 0xB7, 0x03, 0x02, 0x00, 0x0C, 0x11, 0x07, 0x08, 0x50, 0x2B, 
0x34, 0x34, 0x00, 0x00, 0xFF, 0xFF, 0x00, 0x5E, 0xFE, 0x6B, 0x03, 0x60, 
0x06, 0x1D, 0x02, 0x36, 0x00, 0x26, 0x00, 0x00, 0x01, 0x16, 0x00, 0xDE, 
0x48, 0xEE, 0x00, 0x0A, 0xB6, 0x01, 0x00, 0x19, 0x29, 0x05, 0x00, 0x50, 
0x2B, 0x34, 0x00, 0x00, 0xFF, 0xFF, 0x00, 0x5E, 0x00, 0x00, 0x02, 0xE7, 
0x07, 0x72, 0x02, 0x36, 0x00, 0x28, 0x00, 0x00, 0x01, 0x17, 0x00, 0x8D, 
0x00, 0x5A, 0x02, 0x2C, 0x00, 0x10, 0x40, 0x0B, 0x01, 0x02, 0x0D, 0x4F, 
0x01, 0x00, 0x0E, 0x0D, 0x02, 0x03, 0x50, 0x2B, 0x34, 0x2B, 0x00, 0x00, 
0xFF, 0xFF, 0x00, 0x5E, 0x00, 0x00, 0x03, 0x77, 0x07, 0x5D, 0x02, 0x36, 
0x00, 0x31, 0x00, 0x00, 0x01, 0x17, 0x00, 0xD9, 0x00, 0x46, 0x02, 0x2C, 
0x00, 0x10, 0x40, 0x0B, 0x01, 0x07, 0x17, 0x4F, 0x01, 0x00, 0x12, 0x12, 
0x08, 0x0C, 0x50, 0x2B, 0x34, 0x2B, 0x00, 0x00, 0xFF, 0xFF, 0x00, 0x5E, 
0x00, 0x00, 0x03, 0x73, 0x07, 0x38, 0x02, 0x36, 0x00, 0x32, 0x00, 0x00, 
0x01, 0x17, 0x00, 0x8E, 0x00, 0x46, 0x02, 0x2C, 0x00, 0x17, 0x40, 0x10, 
0x02, 0x08, 0x11, 0x4F, 0x03, 0x08, 0x14, 0x4F, 0x03, 0x02, 0x00, 0x14, 
0x11, 0x06, 0x0B, 0x50, 0x2B, 0x34, 0x34, 0x2B, 0x2B, 0x00, 0x00, 0x00, 
0xFF, 0xFF, 0x00, 0x5E, 0x00, 0x00, 0x03, 0x6D, 0x07, 0x38, 0x02, 0x36, 
0x00, 0x38, 0x00, 0x00, 0x01, 0x17, 0x00, 0x8E, 0x00, 0x43, 0x02, 0x2C, 
0x00, 0x17, 0x40, 0x10, 0x01, 0x06, 0x0D, 0x4F, 0x02, 0x06, 0x10, 0x4F, 
0x02, 0x01, 0x00, 0x10, 0x0D, 0x07, 0x0A, 0x50, 0x2B, 0x34, 0x34, 0x2B, 
0x2B, 0x00, 0x00, 0x00, 0xFF, 0xFF, 0x00, 0x4E, 0xFF, 0xFC, 0x02, 0xDD, 
0x05, 0x46, 0x02, 0x36, 0x00, 0x44, 0x00, 0x00, 0x01, 0x16, 0x00, 0x8D, 
0x6B, 0x00, 0x00, 0x10, 0x40, 0x0B, 0x02, 0x13, 0x1D, 0x4F, 0x02, 0x00, 
0x1D, 0x1C, 0x11, 0x16, 0x50, 0x2B, 0x34, 0x2B, 0xFF, 0xFF, 0x00, 0x4E, 
0xFF, 0xFC, 0x02, 0xDD, 0x05, 0x46, 0x02, 0x36, 0x00, 0x44, 0x00, 0x00, 
0x01, 0x16, 0x00, 0x43, 0x8E, 0x00, 0x00, 0x10, 0x40, 0x0B, 0x02, 0x13, 
0x1C, 0x4F, 0x02, 0x00, 0x1B, 0x1C, 0x11, 0x16, 0x50, 0x2B, 0x34, 0x2B, 
0xFF, 0xFF, 0x00, 0x4E, 0xFF, 0xFC, 0x02, 0xDD, 0x05, 0x42, 0x02, 0x36, 
0x00, 0x44, 0x00, 0x00, 0x01, 0x16, 0x00, 0xD8, 0xFB, 0x00, 0x00, 0x10, 
0x40, 0x0B, 0x02, 0x13, 0x1E, 0x4F, 0x02, 0x00, 0x1D, 0x1D, 0x11, 0x16, 
0x50, 0x2B, 0x34, 0x2B, 0xFF, 0xFF, 0x00, 0x4E, 0xFF, 0xFC, 0x02, 0xDD, 
0x05, 0x0C, 0x02, 0x36, 0x00, 0x44, 0x00, 0x00, 0x01, 0x16, 0x00, 0x8E, 
0xFC, 0x00, 0x00, 0x17, 0x40, 0x10, 0x02, 0x13, 0x1B, 0x4F, 0x03, 0x13, 
0x20, 0x4F, 0x03, 0x02, 0x00, 0x1F, 0x1C, 0x11, 0x16, 0x50, 0x2B, 0x34, 
0x34, 0x2B, 0x2B, 0x00, 0xFF, 0xFF, 0x00, 0x4E, 0xFF, 0xFC, 0x02, 0xDD, 
0x05, 0x31, 0x02, 0x36, 0x00, 0x44, 0x00, 0x00, 0x01, 0x16, 0x00, 0xD9, 
0xFD, 0x00, 0x00, 0x10, 0x40, 0x0B, 0x02, 0x13, 0x23, 0x4F, 0x02, 0x00, 
0x23, 0x2C, 0x11, 0x16, 0x50, 0x2B, 0x34, 0x2B, 0xFF, 0xFF, 0x00, 0x4E, 
0xFF, 0xFC, 0x02, 0xDD, 0x05, 0xCF, 0x02, 0x36, 0x00, 0x44, 0x00, 0x00, 
0x01, 0x16, 0x00, 0xDD, 0xFD, 0x00, 0x00, 0x14, 0x40, 0x0D, 0x03, 0x02, 
0x13, 0x1E, 0x4F, 0x03, 0x02, 0x00, 0x20, 0x1B, 0x11, 0x16, 0x50, 0x2B, 
0x34, 0x34, 0x2B, 0x34, 0xFF, 0xFF, 0x00, 0x52, 0xFE, 0x6B, 0x02, 0xDF, 
0x03, 0xF2, 0x02, 0x36, 0x00, 0x46, 0x00, 0x00, 0x01, 0x16, 0x00, 0xDE, 
0xF7, 0xEE, 0x00, 0x0A, 0xB6, 0x01, 0x00, 0x19, 0x14, 0x05, 0x00, 0x50, 
0x2B, 0x34, 0x00, 0x00, 0xFF, 0xFF, 0x00, 0x52, 0x00, 0x00, 0x02, 0xDF, 
0x05, 0x46, 0x02, 0x36, 0x00, 0x48, 0x00, 0x00, 0x01, 0x16, 0x00, 0x8D, 
0x63, 0x00, 0x00, 0x10, 0x40, 0x0B, 0x02, 0x09, 0x18, 0x4F, 0x02, 0x00, 
0x18, 0x19, 0x06, 0x0B, 0x50, 0x2B, 0x34, 0x2B, 0xFF, 0xFF, 0x00, 0x52, 
0x00, 0x00, 0x02, 0xDF, 0x05, 0x46, 0x02, 0x36, 0x00, 0x48, 0x00, 0x00, 
0x01, 0x16, 0x00, 0x43, 0x89, 0x00, 0x00, 0x10, 0x40, 0x0B, 0x02, 0x09, 
0x18, 0x4F, 0x02, 0x00, 0x18, 0x17, 0x06, 0x0B, 0x50, 0x2B, 0x34, 0x2B, 
0xFF, 0xFF, 0x00, 0x52, 0x00, 0x00, 0x02, 0xDF, 0x05, 0x42, 0x02, 0x36, 
0x00, 0x48, 0x00, 0x00, 0x01, 0x16, 0x00, 0xD8, 0xF7, 0x00, 0x00, 0x10, 
0x40, 0x0B, 0x02, 0x09, 0x1A, 0x4F, 0x02, 0x00, 0x19, 0x19, 0x06, 0x0B, 
0x50, 0x2B, 0x34, 0x2B, 0xFF, 0xFF, 0x00, 0x52, 0x00, 0x00, 0x02, 0xDF, 
0x05, 0x0C, 0x02, 0x36, 0x00, 0x48, 0x00, 0x00, 0x01, 0x16, 0x00, 0x8E, 
0xF7, 0x00, 0x00, 0x17, 0x40, 0x10, 0x03, 0x09, 0x1C, 0x4F, 0x02, 0x09, 
0x18, 0x4F, 0x03, 0x02, 0x00, 0x18, 0x1B, 0x06, 0x0B, 0x50, 0x2B, 0x34, 
0x34, 0x2B, 0x2B, 0x00, 0xFF, 0xFF, 0x00, 0x27, 0x00, 0x00, 0x01, 0xF2, 
0x05, 0x46, 0x02, 0x36, 0x00, 0xD7, 0x00, 0x00, 0x01, 0x16, 0x00, 0x8D, 
0x96, 0x00, 0x00, 0x10, 0x40, 0x0B, 0x01, 0x02, 0x06, 0x4F, 0x01, 0x00, 
0x06, 0x06, 0x02, 0x03, 0x50, 0x2B, 0x34, 0x2B, 0xFF, 0xFF, 0xFF, 0x9C, 
0x00, 0x00, 0x01, 0x67, 0x05, 0x46, 0x02, 0x36, 0x00, 0xD7, 0x00, 0x00, 
0x01, 0x17, 0x00, 0x43, 0xFE, 0xB5, 0x00, 0x00, 0x00, 0x10, 0x40, 0x0B, 
0x01, 0x02, 0x04, 0x4F, 0x01, 0x00, 0x04, 0x04, 0x02, 0x03, 0x50, 0x2B, 
0x34, 0x2B, 0x00, 0x00, 0xFF, 0xFF, 0xFF, 0xAC, 0x00, 0x00, 0x01, 0xE8, 
0x05, 0x42, 0x02, 0x36, 0x00, 0xD7, 0x00, 0x00, 0x01, 0x17, 0x00, 0xD8, 
0xFF, 0x27, 0x00, 0x00, 0x00, 0x10, 0x40, 0x0B, 0x01, 0x02, 0x05, 0x4F, 
0x01, 0x00, 0x06, 0x06, 0x02, 0x03, 0x50, 0x2B, 0x34, 0x2B, 0x00, 0x00, 
0xFF, 0xFF, 0xFF, 0xC4, 0x00, 0x00, 0x01, 0xD0, 0x05, 0x0C, 0x02, 0x36, 
0x00, 0xD7, 0x00, 0x00, 0x01, 0x17, 0x00, 0x8E, 0xFF, 0x28, 0x00, 0x00, 
0x00, 0x17, 0x40, 0x10, 0x02, 0x02, 0x08, 0x4F, 0x01, 0x02, 0x05, 0x4F, 
0x02, 0x01, 0x00, 0x0B, 0x06, 0x02, 0x03, 0x50, 0x2B, 0x34, 0x34, 0x2B, 
0x2B, 0x00, 0x00, 0x00, 0xFF, 0xFF, 0x00, 0x52, 0x00, 0x00, 0x02, 0xF4, 
0x05, 0x31, 0x02, 0x36, 0x00, 0x51, 0x00, 0x00, 0x01, 0x16, 0x00, 0xD9, 
0x01, 0x00, 0x00, 0x10, 0x40, 0x0B, 0x01, 0x07, 0x16, 0x4F, 0x01, 0x00, 
0x17, 0x0F, 0x0E, 0x06, 0x50, 0x2B, 0x34, 0x2B, 0xFF, 0xFF, 0x00, 0x52, 
0x00, 0x00, 0x02, 0xEC, 0x05, 0x46, 0x02, 0x36, 0x00, 0x52, 0x00, 0x00, 
0x01, 0x16, 0x00, 0x8D, 0x6D, 0x00, 0x00, 0x10, 0x40, 0x0B, 0x02, 0x09, 
0x11, 0x4F, 0x02, 0x00, 0x12, 0x11, 0x06, 0x0B, 0x50, 0x2B, 0x34, 0x2B, 
0xFF, 0xFF, 0x00, 0x52, 0x00, 0x00, 0x02, 0xEC, 0x05, 0x46, 0x02, 0x36, 
0x00, 0x52, 0x00, 0x00, 0x01, 0x16, 0x00, 0x43, 0x89, 0x00, 0x00, 0x10, 
0x40, 0x0B, 0x02, 0x09, 0x11, 0x4F, 0x02, 0x00, 0x10, 0x11, 0x06, 0x0B, 
0x50, 0x2B, 0x34, 0x2B, 0xFF, 0xFF, 0x00, 0x52, 0x00, 0x00, 0x02, 0xEC, 
0x05, 0x42, 0x02, 0x36, 0x00, 0x52, 0x00, 0x00, 0x01, 0x16, 0x00, 0xD8, 
0xF4, 0x00, 0x00, 0x10, 0x40, 0x0B, 0x02, 0x09, 0x11, 0x4F, 0x02, 0x00, 
0x12, 0x12, 0x06, 0x0B, 0x50, 0x2B, 0x34, 0x2B, 0xFF, 0xFF, 0x00, 0x52, 
0x00, 0x00, 0x02, 0xEC, 0x05, 0x0C, 0x02, 0x36, 0x00, 0x52, 0x00, 0x00, 
0x01, 0x16, 0x00, 0x8E, 0xFD, 0x00, 0x00, 0x17, 0x40, 0x10, 0x03, 0x09, 
0x15, 0x4F, 0x02, 0x09, 0x11, 0x4F, 0x03, 0x02, 0x00, 0x14, 0x11, 0x06, 
0x0B, 0x50, 0x2B, 0x34, 0x34, 0x2B, 0x2B, 0x00, 0xFF, 0xFF, 0x00, 0x52, 
0x00, 0x00, 0x02, 0xEC, 0x05, 0x31, 0x02, 0x36, 0x00, 0x52, 0x00, 0x00, 
0x01, 0x16, 0x00, 0xD9, 0xFD, 0x00, 0x00, 0x10, 0x40, 0x0B, 0x02, 0x09, 
0x17, 0x4F, 0x02, 0x00, 0x18, 0x21, 0x06, 0x0B, 0x50, 0x2B, 0x34, 0x2B, 
0xFF, 0xFF, 0x00, 0x52, 0xFF, 0xFA, 0x02, 0xF2, 0x05, 0x46, 0x02, 0x36, 
0x00, 0x58, 0x00, 0x00, 0x01, 0x16, 0x00, 0x8D, 0x6C, 0x00, 0x00, 0x10, 
0x40, 0x0B, 0x01, 0x0E, 0x10, 0x4F, 0x01, 0x00, 0x10, 0x11, 0x09, 0x0E, 
0x50, 0x2B, 0x34, 0x2B, 0xFF, 0xFF, 0x00, 0x52, 0xFF, 0xFA, 0x02, 0xF2, 
0x05, 0x46, 0x02, 0x36, 0x00, 0x58, 0x00, 0x00, 0x01, 0x16, 0x00, 0x43, 
0x8C, 0x00, 0x00, 0x10, 0x40, 0x0B, 0x01, 0x0E, 0x10, 0x4F, 0x01, 0x00, 
0x10, 0x0F, 0x09, 0x0E, 0x50, 0x2B, 0x34, 0x2B, 0xFF, 0xFF, 0x00, 0x52, 
0xFF, 0xFA, 0x02, 0xF2, 0x05, 0x42, 0x02, 0x36, 0x00, 0x58, 0x00, 0x00, 
0x01, 0x16, 0x00, 0xD8, 0x01, 0x00, 0x00, 0x10, 0x40, 0x0B, 0x01, 0x0E, 
0x10, 0x4F, 0x01, 0x00, 0x11, 0x11, 0x09, 0x0E, 0x50, 0x2B, 0x34, 0x2B, 
0xFF, 0xFF, 0x00, 0x52, 0xFF, 0xFA, 0x02, 0xF2, 0x05, 0x0C, 0x02, 0x36, 
0x00, 0x58, 0x00, 0x00, 0x01, 0x16, 0x00, 0x8E, 0x01, 0x00, 0x00, 0x17, 
0x40, 0x10, 0x02, 0x0E, 0x14, 0x4F, 0x01, 0x0E, 0x10, 0x4F, 0x02, 0x01, 
0x00, 0x10, 0x13, 0x09, 0x0E, 0x50, 0x2B, 0x34, 0x34, 0x2B, 0x2B, 0x00, 
0x00, 0x01, 0x00, 0x46, 0x00, 0x00, 0x03, 0x4C, 0x06, 0x1D, 0x00, 0x0B, 
0x00, 0x31, 0x40, 0x16, 0x0B, 0x0B, 0x01, 0x0A, 0x44, 0x07, 0x06, 0x06, 
0x04, 0x07, 0x0C, 0x01, 0x05, 0x48, 0x0A, 0x07, 0x07, 0x03, 0x08, 0x02, 
0x0C, 0x03, 0x00, 0x2F, 0x10, 0xEC, 0x11, 0x39, 0x7D, 0x2F, 0x33, 0x18, 
0xED, 0x32, 0x01, 0x10, 0xCC, 0x32, 0x32, 0x2F, 0x10, 0xED, 0x32, 0x32, 
0x2F, 0x31, 0x30, 0x01, 0x21, 0x11, 0x23, 0x11, 0x21, 0x35, 0x21, 0x11, 
0x33, 0x11, 0x21, 0x03, 0x4C, 0xFE, 0xE9, 0xDB, 0xFE, 0xEC, 0x01, 0x14, 
0xDB, 0x01, 0x17, 0x03, 0xCD, 0xFC, 0x33, 0x03, 0xCD, 0xCB, 0x01, 0x85, 
0xFE, 0x7B, 0x00, 0x00, 0x00, 0x02, 0x00, 0x4C, 0x03, 0x83, 0x02, 0x46, 
0x06, 0x1D, 0x00, 0x0B, 0x00, 0x0F, 0x00, 0x53, 0xB9, 0x00, 0x0A, 0xFF, 
0xD8, 0xB4, 0x07, 0x28, 0x04, 0x28, 0x01, 0xBC, 0xFF, 0xD8, 0x00, 0x0A, 
0xFF, 0xD8, 0x00, 0x07, 0xFF, 0xD8, 0x40, 0x1B, 0x04, 0x28, 0x01, 0x28, 
0x09, 0x02, 0x00, 0x94, 0x0C, 0x08, 0x03, 0x0F, 0x94, 0x05, 0x10, 0x05, 
0x00, 0x02, 0x9B, 0x0C, 0x0B, 0x06, 0x0E, 0x9B, 0x08, 0x02, 0x10, 0x00, 
0x10, 0xFC, 0xED, 0xC9, 0x32, 0xDC, 0xFD, 0xC9, 0x32, 0x01, 0x10, 0xDE, 
0xED, 0xC9, 0x32, 0xDD, 0xFD, 0xC9, 0x32, 0x31, 0x30, 0x00, 0x38, 0x38, 
0x38, 0x38, 0x01, 0x38, 0x38, 0x38, 0x38, 0x01, 0x14, 0x23, 0x21, 0x22, 
0x35, 0x11, 0x34, 0x33, 0x21, 0x32, 0x15, 0x03, 0x11, 0x23, 0x11, 0x02, 
0x46, 0x79, 0xFE, 0xF8, 0x79, 0x79, 0x01, 0x08, 0x79, 0x9C, 0xC5, 0x03, 
0xFE, 0x7B, 0x7B, 0x01, 0xA6, 0x79, 0x79, 0xFE, 0x6E, 0x01, 0x7B, 0xFE, 
0x85, 0x00, 0x00, 0x00, 0x00, 0x01, 0x00, 0x52, 0x00, 0x00, 0x02, 0xDF, 
0x06, 0x1D, 0x00, 0x1F, 0x00, 0x69, 0x40, 0x33, 0x15, 0x03, 0xC0, 0x21, 
0x18, 0x00, 0x44, 0x19, 0x1D, 0x13, 0x04, 0x10, 0x07, 0x1C, 0x44, 0x0E, 
0x08, 0xC0, 0x0B, 0x20, 0x1E, 0x0C, 0x17, 0xC0, 0x1A, 0x48, 0x13, 0x10, 
0x13, 0x1E, 0x1E, 0x18, 0x1D, 0x48, 0x00, 0x0B, 0xC0, 0x04, 0x07, 0x04, 
0x13, 0x18, 0x04, 0x04, 0x18, 0x13, 0x03, 0x06, 0x11, 0x20, 0x06, 0x00, 
0x2F, 0x10, 0xCC, 0x11, 0x17, 0x39, 0x2F, 0x7D, 0x2F, 0x7C, 0x2F, 0x11, 
0x33, 0x10, 0xE9, 0x32, 0x18, 0xED, 0x11, 0x39, 0x2F, 0x11, 0x33, 0x10, 
0xED, 0xE9, 0x32, 0x01, 0x7D, 0x2F, 0x18, 0x10, 0xD6, 0xED, 0x32, 0xFD, 
0x7D, 0xD5, 0x32, 0xDD, 0x32, 0xD5, 0x32, 0x18, 0xFD, 0x32, 0xC6, 0xED, 
0x32, 0x31, 0x30, 0x01, 0x14, 0x07, 0x06, 0x23, 0x11, 0x23, 0x11, 0x22, 
0x27, 0x26, 0x35, 0x11, 0x34, 0x37, 0x36, 0x33, 0x11, 0x33, 0x11, 0x32, 
0x17, 0x16, 0x1D, 0x01, 0x23, 0x35, 0x23, 0x11, 0x33, 0x35, 0x33, 0x02, 
0xDF, 0x49, 0x19, 0x81, 0xC5, 0x82, 0x19, 0x4A, 0x4A, 0x19, 0x82, 0xC5, 
0x81, 0x19, 0x49, 0xDF, 0xCD, 0xCD, 0xDF, 0x01, 0x9C, 0x60, 0x16, 0x07, 
0xFE, 0xE1, 0x01, 0x1F, 0x07, 0x16, 0x60, 0x02, 0xEB, 0x60, 0x16, 0x07, 
0x01, 0x19, 0xFE, 0xE7, 0x07, 0x16, 0x60, 0xEF, 0xB0, 0xFD, 0x93, 0xC3, 
0x00, 0x01, 0x00, 0x31, 0x00, 0x00, 0x03, 0x6D, 0x06, 0x1D, 0x00, 0x17, 
0x00, 0x75, 0xB9, 0x00, 0x0C, 0xFF, 0xF0, 0xB2, 0x09, 0x10, 0x0C, 0xBA, 
0xFF, 0xE8, 0x00, 0x09, 0xFF, 0xF0, 0x40, 0x2E, 0x17, 0x17, 0x0B, 0xC0, 
0x0E, 0x44, 0x0F, 0x13, 0x13, 0x0F, 0x12, 0x15, 0x44, 0x0A, 0xC0, 0x04, 
0x07, 0x06, 0x06, 0x02, 0x02, 0x04, 0x18, 0x04, 0x15, 0x15, 0x16, 0x07, 
0x12, 0x12, 0x01, 0x0D, 0x08, 0xC0, 0x11, 0x48, 0x0A, 0x0E, 0x0E, 0x0A, 
0x02, 0x18, 0x16, 0x03, 0x48, 0x01, 0x00, 0x2F, 0xED, 0x32, 0x10, 0xEC, 
0x32, 0x2F, 0x10, 0xED, 0xE9, 0x32, 0x12, 0x39, 0x2F, 0x33, 0x12, 0x39, 
0x2F, 0x33, 0x01, 0x7C, 0x10, 0xC6, 0x32, 0x18, 0x2F, 0x32, 0x2F, 0x32, 
0x10, 0xE9, 0xFD, 0x32, 0x7D, 0xCC, 0x32, 0x7C, 0x2F, 0x18, 0x10, 0xFD, 
0xE9, 0x33, 0x2F, 0x31, 0x30, 0x00, 0x38, 0x38, 0x01, 0x38, 0x38, 0x29, 
0x01, 0x35, 0x33, 0x11, 0x23, 0x35, 0x33, 0x11, 0x34, 0x33, 0x21, 0x32, 
0x15, 0x11, 0x23, 0x11, 0x23, 0x11, 0x21, 0x15, 0x21, 0x11, 0x21, 0x03, 
0x6D, 0xFC, 0xC4, 0x69, 0x69, 0x69, 0x8F, 0x01, 0xAC, 0x8D, 0xE5, 0xFE, 
0x01, 0x17, 0xFE, 0xE9, 0x01, 0xEE, 0xC9, 0x01, 0xC6, 0xC5, 0x02, 0x39, 
0x90, 0x8E, 0xFE, 0xAC, 0x01, 0x1B, 0xFD, 0xFE, 0xC5, 0xFE, 0x3A, 0x00, 
0x00, 0x02, 0x00, 0x58, 0x00, 0x00, 0x03, 0x39, 0x06, 0x1D, 0x00, 0x2D, 
0x00, 0x33, 0x00, 0x96, 0x40, 0x4F, 0x33, 0x29, 0x32, 0x2D, 0x30, 0x12, 
0x16, 0x2E, 0x2E, 0x1E, 0x1E, 0x0A, 0x44, 0x1A, 0x02, 0xC0, 0x2D, 0x25, 
0x25, 0x1D, 0x1D, 0x2D, 0x25, 0x35, 0x16, 0x16, 0x06, 0x32, 0x32, 0x21, 
0x21, 0x08, 0x44, 0x19, 0x03, 0xC0, 0x06, 0x0E, 0x0E, 0x06, 0x24, 0x34, 
0x1C, 0x17, 0xC0, 0x19, 0x16, 0x24, 0x24, 0x2F, 0x12, 0x21, 0x0B, 0x32, 
0x32, 0x2D, 0x29, 0x0A, 0x1E, 0x21, 0x0A, 0x07, 0x07, 0x0A, 0x21, 0x1E, 
0x04, 0x03, 0x20, 0x48, 0x19, 0x02, 0x34, 0x00, 0x05, 0xC0, 0x08, 0x48, 
0x03, 0x00, 0x2F, 0xED, 0xE9, 0x32, 0x10, 0xFC, 0xED, 0x12, 0x17, 0x39, 
0x2F, 0x2F, 0x2F, 0x2F, 0x11, 0x33, 0x33, 0x33, 0x11, 0x33, 0x11, 0x33, 
0x33, 0x33, 0x11, 0x33, 0x10, 0xE9, 0x32, 0x01, 0x10, 0xE6, 0x32, 0x2F, 
0x10, 0xE1, 0x32, 0xED, 0x32, 0x2F, 0x32, 0x2F, 0x11, 0x33, 0x2F, 0x10, 
0xEE, 0x32, 0x2F, 0x32, 0x2F, 0x10, 0xE9, 0x32, 0xED, 0x32, 0x2F, 0x32, 
0x2F, 0x12, 0x39, 0x39, 0x11, 0x12, 0x39, 0x39, 0x31, 0x30, 0x25, 0x14, 
0x23, 0x21, 0x22, 0x3D, 0x01, 0x33, 0x15, 0x21, 0x35, 0x25, 0x26, 0x3D, 
0x01, 0x34, 0x37, 0x36, 0x37, 0x26, 0x27, 0x26, 0x35, 0x11, 0x34, 0x33, 
0x21, 0x32, 0x1D, 0x01, 0x23, 0x35, 0x21, 0x15, 0x05, 0x16, 0x1D, 0x01, 
0x14, 0x07, 0x06, 0x07, 0x16, 0x17, 0x16, 0x15, 0x03, 0x35, 0x27, 0x07, 
0x15, 0x17, 0x03, 0x39, 0x7F, 0xFE, 0x1D, 0x7F, 0xE3, 0x01, 0x1D, 0xFE, 
0x4E, 0x4E, 0x32, 0x03, 0x79, 0x78, 0x02, 0x34, 0x7F, 0x01, 0xE3, 0x7F, 
0xE1, 0xFE, 0xE3, 0x01, 0xB1, 0x4D, 0x32, 0x01, 0x7B, 0x7A, 0x01, 0x33, 
0xDD, 0x93, 0x92, 0x92, 0x7D, 0x7D, 0x7D, 0xED, 0xBE, 0xC3, 0xB4, 0x20, 
0x50, 0xB1, 0x4D, 0x24, 0x02, 0x39, 0x39, 0x02, 0x25, 0x4C, 0x01, 0x04, 
0x7D, 0x7D, 0xEE, 0xBF, 0xC3, 0xB4, 0x21, 0x50, 0xB0, 0x4E, 0x24, 0x01, 
0x39, 0x3A, 0x01, 0x24, 0x4D, 0x01, 0x35, 0xB0, 0x44, 0x44, 0xB0, 0x43, 
0x00, 0x01, 0x00, 0x5E, 0x01, 0x8D, 0x03, 0x50, 0x04, 0x8D, 0x00, 0x0B, 
0x00, 0x2A, 0x40, 0x14, 0x08, 0x03, 0xC0, 0x05, 0x09, 0x02, 0xC0, 0x00, 
0x05, 0x0C, 0x0B, 0x06, 0xC0, 0x08, 0x00, 0x05, 0xC0, 0x03, 0x08, 0x0C, 
0x00, 0x10, 0xDC, 0xDD, 0xE1, 0x32, 0x10, 0xE1, 0x32, 0x01, 0x10, 0xD6, 
0xDD, 0xE1, 0x32, 0x10, 0xE1, 0x32, 0x31, 0x30, 0x01, 0x14, 0x23, 0x21, 
0x22, 0x35, 0x11, 0x34, 0x33, 0x21, 0x32, 0x15, 0x03, 0x50, 0x92, 0xFE, 
0x34, 0x94, 0x94, 0x01, 0xCC, 0x92, 0x02, 0x1F, 0x92, 0x92, 0x01, 0xDD, 
0x91, 0x91, 0x00, 0x00, 0x00, 0x02, 0x00, 0x4E, 0x00, 0x00, 0x03, 0xB2, 
0x06, 0x1D, 0x00, 0x0D, 0x00, 0x11, 0x00, 0x44, 0x40, 0x23, 0x06, 0x44, 
0x03, 0x03, 0x09, 0x0E, 0x01, 0x44, 0x00, 0x25, 0x13, 0x0C, 0x07, 0xC0, 
0x11, 0x09, 0x24, 0x12, 0x11, 0x48, 0x09, 0xC0, 0x06, 0x03, 0x03, 0x05, 
0x10, 0x48, 0x0A, 0xC0, 0x0C, 0x02, 0x12, 0x01, 0x05, 0x00, 0x2F, 0x33, 
0x10, 0xFC, 0xE1, 0xED, 0x12, 0x39, 0x2F, 0x33, 0xE1, 0xED, 0x01, 0x10, 
0xF6, 0xCD, 0xE1, 0x32, 0x10, 0xFE, 0xED, 0x32, 0x12, 0x39, 0x7D, 0x2F, 
0x18, 0xED, 0x31, 0x30, 0x21, 0x23, 0x11, 0x23, 0x11, 0x23, 0x11, 0x23, 
0x22, 0x35, 0x11, 0x34, 0x33, 0x21, 0x03, 0x11, 0x23, 0x11, 0x03, 0xB2, 
0xD5, 0x77, 0xD5, 0xB6, 0x8D, 0x8D, 0x02, 0xD7, 0xD5, 0xFC, 0x02, 0x31, 
0xFD, 0xCF, 0x02, 0x31, 0x8D, 0x02, 0xD1, 0x8E, 0xFC, 0xE3, 0x02, 0x4E, 
0xFD, 0xB2, 0x00, 0x00, 0x00, 0x01, 0x00, 0x52, 0x00, 0x00, 0x02, 0xF8, 
0x06, 0x1D, 0x00, 0x1C, 0x00, 0x5E, 0xBB, 0x00, 0x12, 0xFF, 0xF8, 0x00, 
0x12, 0xFF, 0xF8, 0x40, 0x28, 0x1E, 0x25, 0x00, 0x18, 0x00, 0x14, 0x14, 
0x02, 0xC0, 0x00, 0x51, 0x05, 0x0A, 0x0A, 0x08, 0x05, 0x03, 0x0E, 0x51, 
0x0F, 0x24, 0x1D, 0x1C, 0x14, 0x08, 0x07, 0x18, 0x18, 0x03, 0x0D, 0x57, 
0x10, 0x02, 0x1E, 0x0E, 0x04, 0x57, 0x00, 0xC0, 0x03, 0x00, 0x2F, 0xE1, 
0xED, 0x33, 0x10, 0xFC, 0xED, 0x12, 0x39, 0x19, 0x2F, 0x33, 0x33, 0x33, 
0x33, 0x01, 0x18, 0x10, 0xF6, 0xFD, 0xCE, 0x7D, 0xCC, 0x32, 0x32, 0x18, 
0x2F, 0x10, 0xFD, 0xE1, 0x33, 0x2F, 0x11, 0x33, 0x10, 0xE6, 0x31, 0x30, 
0x00, 0x38, 0x01, 0x38, 0x25, 0x14, 0x2B, 0x01, 0x35, 0x33, 0x11, 0x27, 
0x35, 0x37, 0x11, 0x34, 0x2B, 0x01, 0x11, 0x23, 0x11, 0x21, 0x32, 0x15, 
0x11, 0x14, 0x07, 0x06, 0x07, 0x16, 0x17, 0x16, 0x15, 0x02, 0xF8, 0x89, 
0xDC, 0x84, 0x8A, 0x83, 0x54, 0x85, 0xE5, 0x01, 0xAE, 0xF4, 0x28, 0x03, 
0x65, 0x6B, 0x04, 0x25, 0x89, 0x89, 0xB4, 0x01, 0xCD, 0x89, 0x4E, 0x83, 
0x01, 0x2F, 0x54, 0xFA, 0xA2, 0x06, 0x1D, 0xF6, 0xFE, 0xE9, 0x4E, 0x31, 
0x03, 0x5D, 0x5B, 0x05, 0x2D, 0x56, 0x00, 0x00, 0x00, 0x03, 0x00, 0x5C, 
0x00, 0x00, 0x04, 0x4E, 0x06, 0x1D, 0x00, 0x0B, 0x00, 0x0F, 0x00, 0x1F, 
0x00, 0xA1, 0xB9, 0x00, 0x0A, 0xFF, 0xF0, 0xB4, 0x07, 0x10, 0x04, 0x10, 
0x01, 0xBC, 0xFF, 0xF0, 0x00, 0x0A, 0xFF, 0xF0, 0x00, 0x07, 0xFF, 0xF0, 
0x40, 0x45, 0x04, 0x10, 0x01, 0x10, 0x1F, 0x94, 0x12, 0x12, 0x1C, 0x19, 
0x94, 0x16, 0x11, 0x94, 0x10, 0x10, 0x1C, 0x94, 0x15, 0x16, 0x15, 0x16, 
0x15, 0x05, 0x09, 0x02, 0xC0, 0x0C, 0x94, 0x00, 0x21, 0x08, 0x03, 0xC0, 
0x0F, 0x94, 0x05, 0x20, 0x16, 0x9B, 0x19, 0x14, 0x9B, 0x12, 0x1F, 0x1F, 
0x19, 0x11, 0x11, 0x18, 0x19, 0x18, 0x19, 0x18, 0x03, 0x0B, 0x06, 0xC0, 
0x0E, 0x9B, 0x08, 0x02, 0x20, 0x00, 0x05, 0xC0, 0x0F, 0x9B, 0x03, 0x00, 
0x2F, 0xED, 0xE1, 0x32, 0x10, 0xFC, 0xED, 0xE1, 0x32, 0x12, 0x39, 0x39, 
0x2F, 0x2F, 0x11, 0x33, 0x2F, 0x12, 0x39, 0x2F, 0x33, 0xED, 0x10, 0xED, 
0x01, 0x7D, 0x10, 0xD6, 0x18, 0xED, 0xE1, 0x32, 0x7D, 0x10, 0xD6, 0x18, 
0xED, 0xE1, 0x32, 0x12, 0x39, 0x39, 0x2F, 0x2F, 0x10, 0xED, 0x32, 0x2F, 
0xED, 0x10, 0xED, 0x11, 0x39, 0x2F, 0xED, 0x31, 0x30, 0x00, 0x38, 0x38, 
0x38, 0x38, 0x01, 0x38, 0x38, 0x38, 0x38, 0x25, 0x14, 0x23, 0x21, 0x22, 
0x35, 0x11, 0x34, 0x33, 0x21, 0x32, 0x15, 0x03, 0x11, 0x21, 0x11, 0x25, 
0x23, 0x03, 0x37, 0x33, 0x35, 0x23, 0x11, 0x23, 0x11, 0x21, 0x32, 0x15, 
0x11, 0x14, 0x07, 0x04, 0x4E, 0x5A, 0xFC, 0xC2, 0x5A, 0x5A, 0x03, 0x3E, 
0x5A, 0x6B, 0xFC, 0xE4, 0x02, 0x93, 0xA4, 0x8D, 0x0C, 0x6B, 0x94, 0xA2, 
0x01, 0x79, 0x5C, 0x70, 0x5A, 0x5A, 0x5A, 0x05, 0x69, 0x5A, 0x5A, 0xFA, 
0xA3, 0x05, 0x50, 0xFA, 0xB0, 0xF2, 0x01, 0x7D, 0x73, 0xFA, 0xFD, 0x16, 
0x03, 0x71, 0x5F, 0xFE, 0xC1, 0x5B, 0x03, 0x00, 0x00, 0x03, 0x00, 0x5C, 
0x00, 0x00, 0x04, 0x4E, 0x06, 0x1D, 0x00, 0x0B, 0x00, 0x0F, 0x00, 0x23, 
0x00, 0xC6, 0xB4, 0x17, 0x10, 0x14, 0x10, 0x11, 0xBA, 0xFF, 0xF0, 0x00, 
0x0A, 0xFF, 0xF0, 0xB4, 0x07, 0x10, 0x04, 0x10, 0x01, 0xBA, 0xFF, 0xF0, 
0x00, 0x17, 0xFF, 0xF0, 0xB4, 0x14, 0x10, 0x11, 0x10, 0x0A, 0xBA, 0xFF, 
0xF0, 0x00, 0x07, 0xFF, 0xF0, 0x40, 0x4B, 0x04, 0x10, 0x01, 0x10, 0x18, 
0x13, 0xC0, 0x20, 0x94, 0x15, 0x1D, 0x21, 0x94, 0x19, 0x12, 0xC0, 0x1C, 
0x10, 0x15, 0x15, 0x10, 0x05, 0x09, 0x02, 0xC0, 0x0C, 0x94, 0x00, 0x25, 
0x08, 0x03, 0xC0, 0x0F, 0x94, 0x05, 0x24, 0x23, 0x23, 0x1C, 0x13, 0x1C, 
0x1D, 0x1D, 0x20, 0x1F, 0x9B, 0x1B, 0x16, 0xC0, 0x18, 0x20, 0x9B, 0x10, 
0x15, 0xC0, 0x13, 0x18, 0x13, 0x18, 0x13, 0x03, 0x0B, 0x06, 0xC0, 0x0E, 
0x9B, 0x08, 0x02, 0x24, 0x00, 0x05, 0xC0, 0x0F, 0x9B, 0x03, 0x00, 0x2F, 
0xE5, 0xE1, 0x32, 0x10, 0xF4, 0xE5, 0xE1, 0x32, 0x12, 0x39, 0x39, 0x2F, 
0x2F, 0x10, 0xE1, 0x32, 0xE5, 0x10, 0xE1, 0x32, 0xE5, 0x11, 0x39, 0x7D, 
0x2F, 0x33, 0x11, 0x12, 0x39, 0x18, 0x2F, 0x01, 0x7D, 0x10, 0xD6, 0x18, 
0xE5, 0xE1, 0x32, 0x7D, 0x10, 0xD6, 0x18, 0xE5, 0xE1, 0x32, 0x12, 0x39, 
0x39, 0x2F, 0x7C, 0x2F, 0x33, 0xE1, 0x32, 0x18, 0xE5, 0x32, 0x10, 0xE5, 
0xE1, 0x32, 0x31, 0x30, 0x00, 0x38, 0x38, 0x38, 0x38, 0x38, 0x38, 0x38, 
0x01, 0x38, 0x38, 0x38, 0x38, 0x38, 0x38, 0x38, 0x25, 0x14, 0x23, 0x21, 
0x22, 0x35, 0x11, 0x34, 0x33, 0x21, 0x32, 0x15, 0x03, 0x11, 0x21, 0x11, 
0x01, 0x14, 0x23, 0x21, 0x22, 0x35, 0x11, 0x34, 0x33, 0x21, 0x32, 0x1D, 
0x01, 0x23, 0x35, 0x23, 0x11, 0x33, 0x35, 0x33, 0x04, 0x4E, 0x5A, 0xFC, 
0xC2, 0x5A, 0x5A, 0x03, 0x3E, 0x5A, 0x6B, 0xFC, 0xE4, 0x02, 0x72, 0x5E, 
0xFE, 0xF0, 0x5E, 0x5E, 0x01, 0x10, 0x5E, 0xA1, 0x8A, 0x8A, 0xA1, 0x5A, 
0x5A, 0x5A, 0x05, 0x69, 0x5A, 0x5A, 0xFA, 0xA3, 0x05, 0x50, 0xFA, 0xB0, 
0x01, 0x50, 0x5E, 0x5E, 0x02, 0xB4, 0x61, 0x61, 0xDB, 0xA8, 0xFD, 0xB2, 
0xB3, 0x00, 0x00, 0x00, 0x00, 0x02, 0x00, 0x33, 0x02, 0x96, 0x04, 0x83, 
0x06, 0x1D, 0x00, 0x0C, 0x00, 0x14, 0x00, 0x58, 0x40, 0x2B, 0x12, 0x7C, 
0x11, 0x94, 0x0D, 0x7C, 0x0E, 0x0E, 0x00, 0x15, 0x09, 0x07, 0x94, 0x05, 
0x05, 0x04, 0x03, 0x0A, 0x0B, 0x02, 0x94, 0x00, 0x16, 0x0E, 0x11, 0x9B, 
0x13, 0x02, 0x0B, 0x0B, 0x05, 0x09, 0x09, 0x0A, 0x04, 0x04, 0x10, 0x13, 
0x02, 0x15, 0x07, 0x01, 0x10, 0x00, 0x2F, 0x33, 0x33, 0x10, 0xE6, 0x11, 
0x39, 0x2F, 0x33, 0x32, 0x11, 0x33, 0x32, 0x11, 0x33, 0x10, 0xE5, 0x32, 
0x01, 0x10, 0xD6, 0xFD, 0x32, 0x19, 0xDD, 0x32, 0x32, 0xC9, 0x7D, 0x2F, 
0x18, 0xED, 0x33, 0x11, 0x12, 0x39, 0x2F, 0xED, 0xFD, 0xED, 0x31, 0x30, 
0x01, 0x23, 0x11, 0x03, 0x23, 0x03, 0x11, 0x23, 0x11, 0x33, 0x1B, 0x01, 
0x33, 0x05, 0x23, 0x11, 0x23, 0x11, 0x23, 0x35, 0x21, 0x04, 0x83, 0x91, 
0x63, 0x58, 0x62, 0x8F, 0x99, 0x85, 0x88, 0x97, 0xFD, 0x77, 0x9A, 0x91, 
0x9C, 0x01, 0xC7, 0x02, 0x96, 0x01, 0xE5, 0xFE, 0x73, 0x01, 0x8D, 0xFE, 
0x1B, 0x03, 0x87, 0xFE, 0x1E, 0x01, 0xE2, 0x87, 0xFD, 0x00, 0x03, 0x00, 
0x87, 0x00, 0x00, 0x00, 0x00, 0x01, 0x00, 0x91, 0x04, 0x35, 0x02, 0x5C, 
0x05, 0x46, 0x00, 0x05, 0x00, 0x2A, 0x40, 0x13, 0x04, 0x02, 0x05, 0x05, 
0x01, 0x02, 0x02, 0x06, 0x07, 0x08, 0x04, 0x01, 0x08, 0x00, 0x04, 0x98, 
0x01, 0xB5, 0x06, 0x00, 0x10, 0xF6, 0xED, 0x5F, 0x5E, 0x5D, 0x01, 0x11, 
0x12, 0x39, 0x3D, 0x2F, 0x33, 0xC9, 0x18, 0x2F, 0x12, 0x39, 0x31, 0x30, 
0x09, 0x01, 0x23, 0x35, 0x13, 0x21, 0x02, 0x5C, 0xFE, 0xDD, 0xA8, 0xAC, 
0x01, 0x1F, 0x05, 0x3D, 0xFE, 0xF8, 0x08, 0x01, 0x09, 0x00, 0x00, 0x00, 
0x00, 0x02, 0x00, 0x9C, 0x04, 0x35, 0x02, 0xA8, 0x05, 0x0C, 0x00, 0x03, 
0x00, 0x07, 0x00, 0x52, 0x40, 0x36, 0x02, 0x99, 0x9B, 0x03, 0xAB, 0x03, 
0x02, 0x8F, 0x03, 0x01, 0x02, 0x40, 0x03, 0x01, 0x70, 0x03, 0xA0, 0x03, 
0x02, 0x03, 0x09, 0x07, 0x99, 0x6F, 0x06, 0x01, 0xCF, 0x06, 0xDF, 0x06, 
0xEF, 0x06, 0x03, 0x50, 0x06, 0x60, 0x06, 0x70, 0x06, 0x03, 0x3F, 0x06, 
0x4F, 0x06, 0x02, 0x06, 0x08, 0x02, 0x06, 0x7F, 0x01, 0x04, 0xB5, 0x08, 
0x00, 0x10, 0xF6, 0x32, 0xED, 0x32, 0x01, 0x7D, 0x10, 0xD6, 0x5D, 0x5D, 
0x5D, 0x71, 0x18, 0xED, 0x10, 0xD6, 0x5D, 0x71, 0x5F, 0x71, 0x71, 0xED, 
0x31, 0x30, 0x01, 0x23, 0x35, 0x33, 0x05, 0x23, 0x35, 0x33, 0x02, 0xA8, 
0xDB, 0xDB, 0xFE, 0xCF, 0xDB, 0xDB, 0x04, 0x35, 0xD7, 0xD7, 0xD7, 0x00, 
0x00, 0x01, 0x00, 0x66, 0x00, 0x45, 0x03, 0x21, 0x04, 0xAD, 0x00, 0x13, 
0x00, 0x50, 0x40, 0x23, 0x13, 0x0F, 0x04, 0x08, 0x0B, 0x03, 0x03, 0x0C, 
0x01, 0x12, 0x0E, 0x03, 0x02, 0x0D, 0x09, 0x05, 0x02, 0x03, 0x14, 0x0D, 
0x0D, 0x0C, 0x0B, 0x0E, 0x08, 0x11, 0x07, 0x12, 0x04, 0x01, 0x02, 0x03, 
0x03, 0x02, 0x14, 0x00, 0x10, 0xC6, 0x32, 0x19, 0x2F, 0x18, 0x10, 0xD5, 
0x32, 0xDD, 0x32, 0xD6, 0x32, 0xDD, 0x32, 0xC5, 0x32, 0x19, 0x2F, 0x01, 
0x18, 0x10, 0xD6, 0x7D, 0xCD, 0x18, 0xC6, 0x32, 0xD5, 0x11, 0x17, 0x39, 
0x7D, 0xCD, 0x11, 0x17, 0x39, 0x18, 0xC6, 0x32, 0x31, 0x30, 0x01, 0x21, 
0x03, 0x27, 0x13, 0x23, 0x35, 0x21, 0x37, 0x21, 0x35, 0x21, 0x13, 0x17, 
0x03, 0x33, 0x15, 0x21, 0x07, 0x21, 0x03, 0x21, 0xFE, 0xA5, 0x50, 0x75, 
0x48, 0xE3, 0x01, 0x01, 0x3D, 0xFE, 0xC2, 0x01, 0x5C, 0x4F, 0x75, 0x48, 
0xE3, 0xFE, 0xFF, 0x3D, 0x01, 0x3E, 0x01, 0x87, 0xFE, 0xBE, 0x1D, 0x01, 
0x25, 0x77, 0xF6, 0x79, 0x01, 0x40, 0x1D, 0xFE, 0xDD, 0x79, 0xF6, 0x00, 
0x00, 0x02, 0x00, 0x1B, 0x00, 0x00, 0x04, 0xBA, 0x06, 0x1D, 0x00, 0x10, 
0x00, 0x13, 0x00, 0x56, 0x40, 0x2C, 0x15, 0x25, 0x00, 0x0D, 0x0D, 0x09, 
0x09, 0x00, 0xC7, 0x0B, 0x0F, 0x7B, 0x13, 0x03, 0x07, 0x02, 0x12, 0x04, 
0x44, 0x05, 0xD3, 0x14, 0x0E, 0x48, 0x0B, 0x13, 0x48, 0x03, 0x0B, 0x03, 
0x0B, 0x03, 0x01, 0x12, 0x14, 0x0A, 0x48, 0x07, 0x02, 0x14, 0x0F, 0x48, 
0x05, 0x01, 0x00, 0x2F, 0x33, 0xED, 0x10, 0xFE, 0xED, 0x12, 0x39, 0x12, 
0x39, 0x39, 0x2F, 0x7C, 0x2F, 0x18, 0x10, 0xED, 0x10, 0xED, 0x01, 0x10, 
0xF6, 0xFD, 0xDD, 0x32, 0x32, 0x39, 0x39, 0xFD, 0x32, 0xED, 0x32, 0x2F, 
0x32, 0x2F, 0x10, 0xE6, 0x31, 0x30, 0x29, 0x01, 0x11, 0x23, 0x03, 0x23, 
0x35, 0x01, 0x21, 0x15, 0x21, 0x11, 0x21, 0x15, 0x21, 0x11, 0x21, 0x01, 
0x11, 0x03, 0x04, 0xBA, 0xFD, 0x88, 0xF4, 0x4E, 0xE5, 0x01, 0xBE, 0x02, 
0xDB, 0xFE, 0x71, 0x01, 0x56, 0xFE, 0xAA, 0x01, 0x95, 0xFD, 0x88, 0xC1, 
0x01, 0x29, 0xFE, 0xD7, 0x04, 0x06, 0x19, 0xCF, 0xFE, 0x39, 0xCD, 0xFE, 
0x15, 0x01, 0x23, 0x02, 0xF7, 0xFD, 0x09, 0x00, 0x00, 0x02, 0x00, 0x5E, 
0xFF, 0x66, 0x03, 0x73, 0x06, 0xB6, 0x00, 0x15, 0x00, 0x19, 0x00, 0x5C, 
0xB2, 0x0C, 0x10, 0x01, 0xBA, 0xFF, 0xF0, 0x00, 0x0C, 0xFF, 0xF0, 0x40, 
0x29, 0x01, 0x10, 0x0F, 0x44, 0x10, 0x1B, 0x25, 0x02, 0xC0, 0x00, 0x44, 
0x16, 0x19, 0x44, 0x0A, 0x04, 0x44, 0x05, 0x0D, 0xC0, 0x0A, 0x24, 0x1A, 
0x15, 0x0B, 0xC0, 0x18, 0x48, 0x13, 0x0F, 0x0D, 0x02, 0x1A, 0x00, 0x0A, 
0xC0, 0x19, 0x48, 0x08, 0x04, 0x03, 0x00, 0x2F, 0xCD, 0x33, 0xED, 0xE9, 
0x32, 0x10, 0xFC, 0xCE, 0x33, 0xED, 0xE9, 0x32, 0x01, 0x10, 0xF6, 0xE9, 
0xD4, 0xED, 0x10, 0xFD, 0x7D, 0xDE, 0x18, 0xFD, 0xE9, 0xE6, 0xD4, 0xED, 
0x31, 0x30, 0x00, 0x38, 0x38, 0x01, 0x38, 0x38, 0x25, 0x14, 0x23, 0x21, 
0x07, 0x23, 0x34, 0x31, 0x37, 0x26, 0x35, 0x11, 0x34, 0x33, 0x21, 0x37, 
0x33, 0x14, 0x31, 0x07, 0x16, 0x15, 0x03, 0x11, 0x21, 0x11, 0x03, 0x73, 
0x8E, 0xFE, 0xA4, 0x2B, 0xED, 0x2D, 0x40, 0x8B, 0x01, 0x67, 0x2B, 0xEF, 
0x2F, 0x38, 0xEA, 0xFE, 0xBF, 0x8F, 0x8F, 0x9A, 0x0D, 0x9D, 0x23, 0x5C, 
0x04, 0xFE, 0x90, 0x99, 0x0C, 0xA4, 0x22, 0x57, 0xFB, 0x3C, 0x04, 0x8B, 
0xFB, 0x75, 0x00, 0x00, 0x00, 0x03, 0x00, 0x24, 0x00, 0x8B, 0x04, 0xD4, 
0x03, 0x69, 0x00, 0x1B, 0x00, 0x20, 0x00, 0x25, 0x00, 0x39, 0x40, 0x17, 
0x00, 0x1C, 0x21, 0x1F, 0x15, 0x06, 0x24, 0x0E, 0x26, 0x1C, 0x24, 0x0C, 
0x1D, 0x23, 0x18, 0x11, 0x1F, 0x15, 0x06, 0x21, 0x02, 0x0C, 0x26, 0x00, 
0x10, 0xD6, 0x32, 0x19, 0xD4, 0x32, 0x32, 0x32, 0xD4, 0x32, 0x18, 0xC5, 
0x32, 0x10, 0xC5, 0x32, 0x01, 0x10, 0xD6, 0x7D, 0xCD, 0x19, 0xD4, 0x32, 
0x32, 0x32, 0xD4, 0x7D, 0xCD, 0x31, 0x30, 0x25, 0x14, 0x2B, 0x01, 0x22, 
0x2F, 0x01, 0x07, 0x06, 0x07, 0x06, 0x07, 0x23, 0x22, 0x35, 0x11, 0x34, 
0x3B, 0x01, 0x16, 0x1F, 0x01, 0x37, 0x36, 0x3B, 0x01, 0x32, 0x17, 0x03, 
0x11, 0x23, 0x07, 0x17, 0x25, 0x27, 0x23, 0x11, 0x33, 0x04, 0xD4, 0x71, 
0xFB, 0x40, 0x4A, 0x63, 0x62, 0x2A, 0x15, 0x1D, 0x2B, 0xFD, 0x71, 0x71, 
0xFD, 0x42, 0x48, 0x61, 0x62, 0x49, 0x40, 0xFB, 0x70, 0x01, 0x86, 0xEE, 
0xA1, 0xA2, 0xFE, 0xD8, 0xA5, 0xEB, 0xF0, 0xFC, 0x71, 0x71, 0x97, 0x99, 
0x41, 0x13, 0x1A, 0x01, 0x71, 0x01, 0xFC, 0x71, 0x01, 0x70, 0x97, 0x97, 
0x71, 0x71, 0xFE, 0x08, 0x01, 0xF4, 0xF9, 0xFB, 0xF8, 0xFC, 0xFE, 0x0C, 
0x00, 0x02, 0x00, 0x44, 0x00, 0xBE, 0x03, 0x04, 0x04, 0x04, 0x00, 0x0B, 
0x00, 0x0F, 0x00, 0x2C, 0x40, 0x13, 0x11, 0x0F, 0x00, 0x0A, 0x01, 0x07, 
0x04, 0x05, 0x0D, 0x10, 0x0A, 0x07, 0x09, 0x02, 0x01, 0x04, 0x0E, 0x0D, 
0x10, 0x00, 0x10, 0xD6, 0xDD, 0xD6, 0x32, 0xCD, 0xCD, 0xCD, 0x32, 0x01, 
0x10, 0xD6, 0x32, 0xDC, 0x32, 0xDD, 0x32, 0xDD, 0x32, 0xC6, 0x31, 0x30, 
0x01, 0x21, 0x15, 0x23, 0x35, 0x21, 0x35, 0x21, 0x11, 0x33, 0x11, 0x21, 
0x13, 0x21, 0x35, 0x21, 0x03, 0x00, 0xFE, 0xDF, 0x77, 0xFE, 0xDE, 0x01, 
0x22, 0x77, 0x01, 0x21, 0x04, 0xFD, 0x40, 0x02, 0xC0, 0x02, 0x8A, 0xFE, 
0xFE, 0x72, 0x01, 0x08, 0xFE, 0xF8, 0xFD, 0xC2, 0x7B, 0x00, 0x00, 0x00, 
0x00, 0x02, 0x00, 0x4C, 0x00, 0x91, 0x02, 0x48, 0x04, 0x2D, 0x00, 0x07, 
0x00, 0x0B, 0x00, 0x39, 0x40, 0x16, 0x07, 0x07, 0x04, 0x04, 0x08, 0x09, 
0x06, 0x02, 0x02, 0x09, 0x0C, 0x05, 0x04, 0x03, 0x02, 0x06, 0x07, 0x00, 
0x0A, 0x46, 0x09, 0x0C, 0x00, 0x10, 0xDE, 0x76, 0xDD, 0x18, 0xD6, 0x7D, 
0xCD, 0x19, 0xD5, 0x32, 0x32, 0xD5, 0x7D, 0xCD, 0x01, 0x18, 0x10, 0xC6, 
0x32, 0x2F, 0x7D, 0xCD, 0x18, 0x10, 0xC5, 0x32, 0x2F, 0x32, 0x2F, 0x31, 
0x30, 0x01, 0x23, 0x01, 0x35, 0x01, 0x15, 0x0D, 0x01, 0x11, 0x21, 0x35, 
0x21, 0x02, 0x48, 0x06, 0xFE, 0x0A, 0x01, 0xFC, 0xFE, 0x8D, 0x01, 0x73, 
0xFE, 0x04, 0x01, 0xFC, 0x01, 0x2E, 0x01, 0x5A, 0x48, 0x01, 0x5D, 0x8B, 
0xF5, 0xF4, 0xFE, 0xD8, 0x77, 0x00, 0x00, 0x00, 0x00, 0x02, 0x00, 0x60, 
0x00, 0x91, 0x02, 0x5C, 0x04, 0x2D, 0x00, 0x07, 0x00, 0x0B, 0x00, 0x38, 
0x40, 0x16, 0x03, 0x00, 0x00, 0x08, 0x09, 0x04, 0x04, 0x01, 0x01, 0x09, 
0x0C, 0x04, 0x05, 0x07, 0x00, 0x03, 0x02, 0x01, 0x0A, 0x46, 0x09, 0x0C, 
0x00, 0x10, 0xD6, 0x76, 0xDD, 0x18, 0xD6, 0x7D, 0xCD, 0x19, 0xDD, 0x32, 
0x32, 0xDD, 0x7D, 0xCD, 0x01, 0x18, 0x10, 0xCE, 0x32, 0x2F, 0x32, 0x2F, 
0x10, 0xCD, 0x32, 0x2F, 0x7D, 0xCD, 0x31, 0x30, 0x09, 0x01, 0x35, 0x2D, 
0x01, 0x35, 0x33, 0x01, 0x03, 0x21, 0x35, 0x21, 0x02, 0x5C, 0xFE, 0x04, 
0x01, 0x72, 0xFE, 0x8E, 0x06, 0x01, 0xF6, 0x01, 0xFE, 0x05, 0x01, 0xFB, 
0x02, 0x88, 0xFE, 0xA6, 0x8B, 0xF4, 0xF5, 0x8B, 0xFE, 0xA3, 0xFD, 0xC1, 
0x77, 0x00, 0x00, 0x00, 0x00, 0x01, 0x00, 0x19, 0x00, 0x00, 0x03, 0x71, 
0x06, 0x1D, 0x00, 0x19, 0x00, 0x7C, 0x40, 0x3F, 0x12, 0x0E, 0x11, 0x0B, 
0x0D, 0x11, 0x0D, 0x11, 0x14, 0x0B, 0x05, 0x01, 0x06, 0x02, 0x06, 0x02, 
0x08, 0x1B, 0x01, 0x17, 0x44, 0x18, 0xAC, 0x08, 0x16, 0x16, 0x08, 0x44, 
0x0B, 0xAC, 0x15, 0x44, 0x14, 0x01, 0x1A, 0x16, 0x05, 0x15, 0x15, 0x14, 
0x01, 0x12, 0x57, 0x0F, 0x04, 0x0F, 0x08, 0x0B, 0x57, 0x0E, 0x05, 0x0E, 
0x0F, 0x0E, 0x0F, 0x0E, 0x0A, 0x18, 0x17, 0x14, 0x02, 0x1A, 0x0A, 0x00, 
0x2F, 0x10, 0xEC, 0x32, 0x32, 0x11, 0x39, 0x39, 0x2F, 0x2F, 0x11, 0x33, 
0x10, 0xED, 0x32, 0x11, 0x33, 0x10, 0xED, 0x32, 0x11, 0x33, 0x11, 0x12, 
0x39, 0x01, 0x10, 0xF4, 0xED, 0xFC, 0xED, 0x39, 0x3D, 0x2F, 0x18, 0x10, 
0xFC, 0xED, 0xE6, 0x12, 0x39, 0x39, 0x2F, 0x2F, 0x39, 0x39, 0x11, 0x12, 
0x39, 0x39, 0x2F, 0x2F, 0x11, 0x12, 0x39, 0x39, 0x31, 0x30, 0x01, 0x03, 
0x33, 0x15, 0x23, 0x07, 0x21, 0x15, 0x21, 0x11, 0x23, 0x11, 0x21, 0x35, 
0x21, 0x27, 0x23, 0x35, 0x33, 0x02, 0x37, 0x33, 0x1B, 0x01, 0x33, 0x14, 
0x03, 0x71, 0xB5, 0x9E, 0xD9, 0x2D, 0x01, 0x06, 0xFE, 0xE1, 0xEB, 0xFE, 
0xE3, 0x01, 0x04, 0x2D, 0xD7, 0x9C, 0xB6, 0x02, 0xF1, 0xBB, 0xBA, 0xF0, 
0x06, 0x14, 0xFD, 0xC5, 0xBA, 0x94, 0xBC, 0xFE, 0x31, 0x01, 0xCF, 0xBC, 
0x94, 0xBA, 0x02, 0x40, 0x04, 0xFD, 0x58, 0x02, 0xA8, 0x07, 0x00, 0x00, 
0x00, 0x01, 0x00, 0x6D, 0xFE, 0x8F, 0x02, 0xA4, 0x03, 0xCD, 0x00, 0x11, 
0x00, 0x2C, 0x40, 0x13, 0x13, 0x11, 0x02, 0x10, 0x06, 0x0A, 0x09, 0x10, 
0x09, 0x12, 0x0D, 0x04, 0x01, 0x0F, 0x02, 0x01, 0x01, 0x08, 0x12, 0x00, 
0x10, 0xCE, 0x3C, 0x10, 0xDD, 0xCD, 0x10, 0xD4, 0xCD, 0x10, 0xCE, 0x32, 
0x01, 0xD6, 0xDD, 0x32, 0xDE, 0x32, 0xDD, 0xCE, 0x31, 0x30, 0x21, 0x23, 
0x35, 0x06, 0x23, 0x22, 0x27, 0x11, 0x23, 0x11, 0x33, 0x11, 0x14, 0x33, 
0x32, 0x37, 0x11, 0x33, 0x02, 0xA4, 0x83, 0x44, 0x74, 0x5E, 0x1B, 0x83, 
0x83, 0x8A, 0x5F, 0x47, 0x84, 0x1C, 0x1D, 0x28, 0xFE, 0x68, 0x05, 0x3E, 
0xFD, 0x30, 0x8B, 0x10, 0x03, 0x4B, 0x00, 0x00, 0x00, 0x02, 0x00, 0x7C, 
0x00, 0x00, 0x02, 0xE9, 0x06, 0x1D, 0x00, 0x0F, 0x00, 0x13, 0x00, 0x30, 
0x40, 0x15, 0x0D, 0x10, 0x01, 0x0F, 0x0E, 0x0E, 0x08, 0x01, 0x15, 0x13, 
0x08, 0x14, 0x12, 0x00, 0x0C, 0x14, 0x13, 0x05, 0x05, 0x0E, 0x14, 0x00, 
0x10, 0xC4, 0x3C, 0x10, 0xC5, 0x10, 0xD4, 0x32, 0xC5, 0x01, 0x10, 0xDE, 
0xCD, 0x10, 0xCE, 0x11, 0x39, 0x2F, 0xCD, 0x10, 0xCD, 0x32, 0x31, 0x30, 
0x01, 0x11, 0x14, 0x06, 0x23, 0x21, 0x22, 0x26, 0x35, 0x11, 0x34, 0x36, 
0x33, 0x21, 0x01, 0x33, 0x13, 0x11, 0x21, 0x11, 0x02, 0xE9, 0x3E, 0x31, 
0xFE, 0x71, 0x31, 0x3E, 0x3E, 0x31, 0x01, 0x65, 0xFE, 0xB9, 0x97, 0xBD, 
0xFE, 0xAA, 0x03, 0x5B, 0xFD, 0x14, 0x31, 0x3E, 0x3E, 0x31, 0x02, 0x81, 
0x31, 0x3D, 0x02, 0xBF, 0xFA, 0x5E, 0x02, 0x6A, 0xFD, 0x96, 0x00, 0x00, 
0x00, 0x01, 0x00, 0x55, 0x00, 0x00, 0x02, 0x89, 0x06, 0x1D, 0x00, 0x0C, 
0x00, 0x49, 0x40, 0x1E, 0x08, 0x04, 0x04, 0x01, 0x03, 0x0A, 0x0A, 0x0E, 
0x00, 0x07, 0x07, 0x00, 0x0B, 0x01, 0x0D, 0x04, 0x08, 0x06, 0x0A, 0x09, 
0x03, 0x03, 0x00, 0x06, 0x0D, 0x02, 0x0B, 0x00, 0x00, 0x0D, 0x00, 0x10, 
0x3C, 0x10, 0xCD, 0x32, 0x10, 0xCC, 0x11, 0x39, 0x19, 0x2F, 0x33, 0x33, 
0x18, 0x10, 0xCD, 0x32, 0x01, 0x10, 0xD6, 0x7D, 0xC5, 0x18, 0xCD, 0x32, 
0x2F, 0x10, 0xCE, 0x33, 0x2F, 0x7D, 0xCD, 0x11, 0x33, 0x18, 0x2F, 0x7D, 
0xC5, 0x31, 0x30, 0x29, 0x01, 0x35, 0x09, 0x01, 0x35, 0x21, 0x15, 0x21, 
0x01, 0x15, 0x01, 0x21, 0x02, 0x89, 0xFD, 0xCC, 0x01, 0x7E, 0xFE, 0x82, 
0x02, 0x2E, 0xFE, 0x5C, 0x01, 0x65, 0xFE, 0x9C, 0x01, 0xA9, 0x6C, 0x02, 
0xB0, 0x02, 0x84, 0x7D, 0x7B, 0xFD, 0xB5, 0x77, 0xFD, 0x9B, 0x00, 0x00, 
0x00, 0x01, 0x00, 0x27, 0x00, 0x00, 0x02, 0xFC, 0x06, 0x1D, 0x00, 0x0B, 
0x00, 0x2A, 0x40, 0x11, 0x0D, 0x00, 0x01, 0x04, 0x05, 0x09, 0x08, 0x0C, 
0x08, 0x05, 0x01, 0x0A, 0x0C, 0x03, 0x07, 0x07, 0x0C, 0x00, 0x10, 0x3C, 
0x10, 0x3C, 0x10, 0xDE, 0xCD, 0xCD, 0xCD, 0x01, 0x10, 0xD6, 0xCD, 0xDD, 
0x7C, 0xDE, 0x18, 0xDD, 0xDD, 0xC6, 0x31, 0x30, 0x01, 0x23, 0x11, 0x23, 
0x11, 0x23, 0x11, 0x23, 0x11, 0x23, 0x35, 0x21, 0x02, 0xFC, 0x94, 0x87, 
0xA3, 0x87, 0x90, 0x02, 0xD5, 0x05, 0xA2, 0xFA, 0x5E, 0x05, 0xA2, 0xFA, 
0x5E, 0x05, 0xA2, 0x7B, 0x00, 0x01, 0x00, 0x27, 0x00, 0x00, 0x02, 0xFC, 
0x03, 0x7D, 0x00, 0x0B, 0x00, 0x28, 0x40, 0x11, 0x0D, 0x00, 0x01, 0x04, 
0x05, 0x09, 0x08, 0x0C, 0x08, 0x05, 0x01, 0x0A, 0x0C, 0x03, 0x07, 0x07, 
0x0C, 0x00, 0x10, 0x3C, 0x10, 0x3C, 0x10, 0xDE, 0xCD, 0xCD, 0xCD, 0x01, 
0x10, 0xD6, 0xCD, 0xDD, 0xDE, 0xDD, 0xDD, 0xC6, 0x31, 0x30, 0x01, 0x23, 
0x11, 0x23, 0x11, 0x23, 0x11, 0x23, 0x11, 0x23, 0x35, 0x21, 0x02, 0xFC, 
0x94, 0x87, 0xA3, 0x87, 0x90, 0x02, 0xD5, 0x03, 0x02, 0xFC, 0xFE, 0x03, 
0x02, 0xFC, 0xFE, 0x03, 0x02, 0x7B, 0x00, 0x00, 0x00, 0x01, 0xFF, 0xE0, 
0xFE, 0x6F, 0x01, 0xDD, 0x06, 0x1D, 0x00, 0x0D, 0x00, 0x2E, 0x40, 0x16, 
0x0D, 0x0D, 0x06, 0xC0, 0x02, 0x0C, 0xC0, 0x09, 0x07, 0x07, 0x09, 0x0E, 
0x0A, 0xC0, 0x00, 0x0C, 0x0E, 0x09, 0x02, 0xC0, 0x07, 0x0E, 0x00, 0x10, 
0xDC, 0xE9, 0xCD, 0x10, 0xDC, 0xCD, 0xE9, 0x01, 0x10, 0xCE, 0x32, 0x2F, 
0x10, 0xE9, 0xDD, 0xE9, 0x33, 0x2F, 0x31, 0x30, 0x01, 0x23, 0x11, 0x14, 
0x07, 0x06, 0x23, 0x07, 0x35, 0x33, 0x13, 0x34, 0x3B, 0x01, 0x01, 0xDD, 
0xBC, 0x1A, 0x1E, 0x34, 0xD5, 0xBD, 0x01, 0x70, 0xCF, 0x05, 0xA8, 0xF9, 
0x37, 0x2C, 0x1F, 0x24, 0x01, 0x75, 0x06, 0xC8, 0x71, 0x00, 0x00, 0x00, 
0x00, 0x03, 0x00, 0x56, 0x02, 0x00, 0x02, 0x6D, 0x06, 0x1D, 0x00, 0x14, 
0x00, 0x18, 0x00, 0x1C, 0x00, 0x6E, 0xB9, 0x00, 0x13, 0xFF, 0xF0, 0xB2, 
0x05, 0x10, 0x13, 0xB8, 0xFF, 0xF0, 0x40, 0x32, 0x05, 0x10, 0x1E, 0x25, 
0x1C, 0x12, 0xC0, 0x00, 0x51, 0x0A, 0x02, 0x15, 0x0D, 0x18, 0x51, 0x11, 
0x09, 0x04, 0xC0, 0x1B, 0x0E, 0x06, 0x24, 0x1D, 0x14, 0x0F, 0xC0, 0x11, 
0x17, 0x57, 0x0D, 0x07, 0xC0, 0x0A, 0x0A, 0x04, 0x0C, 0x57, 0x11, 0x02, 
0x1D, 0x19, 0x57, 0x1C, 0x18, 0x57, 0x06, 0xC0, 0x01, 0x04, 0x00, 0x7D, 
0x2F, 0x33, 0xE1, 0x18, 0xED, 0xDE, 0xED, 0x10, 0xF4, 0xE5, 0x12, 0x39, 
0x2F, 0xE1, 0xCE, 0xED, 0x10, 0xE1, 0x32, 0x01, 0x10, 0xF6, 0x32, 0x32, 
0xE1, 0x32, 0x32, 0xFD, 0x32, 0xDE, 0x32, 0x32, 0xF5, 0xE1, 0x33, 0xE6, 
0x31, 0x30, 0x00, 0x38, 0x38, 0x01, 0x38, 0x38, 0x01, 0x23, 0x35, 0x06, 
0x23, 0x22, 0x35, 0x11, 0x34, 0x3B, 0x01, 0x35, 0x23, 0x15, 0x23, 0x35, 
0x34, 0x33, 0x21, 0x32, 0x15, 0x03, 0x35, 0x23, 0x15, 0x01, 0x21, 0x35, 
0x21, 0x02, 0x6D, 0xBB, 0xE9, 0x0F, 0x64, 0x68, 0xF6, 0xAA, 0xAC, 0x69, 
0x01, 0x3B, 0x6B, 0xB9, 0xAA, 0x01, 0x63, 0xFD, 0xE9, 0x02, 0x17, 0x02, 
0xFE, 0x1B, 0x1F, 0x60, 0x01, 0x23, 0x62, 0xB2, 0x6C, 0x95, 0x63, 0x63, 
0xFD, 0xD5, 0xD5, 0xDB, 0xFE, 0x77, 0x9A, 0x00, 0x00, 0x03, 0x00, 0x56, 
0x02, 0x00, 0x02, 0x75, 0x06, 0x1D, 0x00, 0x0B, 0x00, 0x0F, 0x00, 0x13, 
0x00, 0x66, 0xB9, 0x00, 0x0A, 0xFF, 0xF0, 0xB4, 0x07, 0x10, 0x04, 0x10, 
0x01, 0xBC, 0xFF, 0xF0, 0x00, 0x0A, 0xFF, 0xF0, 0x00, 0x07, 0xFF, 0xF0, 
0x40, 0x28, 0x04, 0x10, 0x01, 0x10, 0x09, 0x02, 0xC0, 0x15, 0x25, 0x13, 
0x00, 0x51, 0x0C, 0x0F, 0x51, 0x08, 0x03, 0xC0, 0x12, 0x05, 0x24, 0x14, 
0x0B, 0x06, 0xC0, 0x0E, 0x57, 0x08, 0x02, 0x14, 0x11, 0x57, 0x12, 0x12, 
0x00, 0x05, 0xC0, 0x0F, 0x57, 0x03, 0x00, 0x2F, 0xED, 0xE1, 0x32, 0x33, 
0x2F, 0xED, 0x10, 0xFC, 0xED, 0xE1, 0x32, 0x01, 0x10, 0xF6, 0x32, 0xE1, 
0x32, 0xFD, 0xDE, 0xFD, 0x32, 0xE6, 0xE1, 0x32, 0x31, 0x30, 0x00, 0x38, 
0x38, 0x38, 0x38, 0x01, 0x38, 0x38, 0x38, 0x38, 0x01, 0x14, 0x23, 0x21, 
0x22, 0x35, 0x11, 0x34, 0x33, 0x21, 0x32, 0x15, 0x03, 0x11, 0x23, 0x11, 
0x01, 0x21, 0x35, 0x21, 0x02, 0x75, 0x69, 0xFE, 0xB5, 0x6B, 0x6B, 0x01, 
0x4B, 0x69, 0xBB, 0xAC, 0x01, 0x67, 0xFD, 0xE1, 0x02, 0x1F, 0x03, 0x62, 
0x64, 0x64, 0x02, 0x58, 0x63, 0x63, 0xFD, 0xD9, 0x01, 0xF4, 0xFE, 0x0C, 
0xFE, 0x6D, 0x9A, 0x00, 0x00, 0x01, 0x00, 0x3B, 0xFF, 0xFF, 0x03, 0xE8, 
0x06, 0x1D, 0x00, 0x1F, 0x00, 0x41, 0x40, 0x1C, 0x21, 0x19, 0x1F, 0x1F, 
0x19, 0x03, 0x1D, 0x02, 0x07, 0x0C, 0x06, 0x10, 0x0A, 0x0A, 0x10, 0x20, 
0x02, 0x06, 0x1D, 0x0C, 0x0C, 0x09, 0x05, 0x14, 0x1E, 0x0A, 0x01, 0x09, 
0x00, 0x2F, 0x33, 0xCD, 0x32, 0xDC, 0xCD, 0x12, 0x39, 0x7C, 0x2F, 0x33, 
0x7D, 0xCD, 0x32, 0x01, 0x18, 0x10, 0xCE, 0x32, 0x2F, 0x10, 0xDD, 0xDD, 
0xDD, 0xDE, 0xDD, 0xDD, 0xCD, 0x32, 0x2F, 0x10, 0xCE, 0x31, 0x30, 0x05, 
0x21, 0x11, 0x33, 0x11, 0x05, 0x03, 0x33, 0x11, 0x21, 0x35, 0x21, 0x35, 
0x23, 0x22, 0x26, 0x35, 0x11, 0x34, 0x36, 0x33, 0x21, 0x32, 0x16, 0x15, 
0x11, 0x14, 0x06, 0x2B, 0x01, 0x15, 0x21, 0x03, 0xE8, 0xFE, 0x7C, 0xB8, 
0xFD, 0xED, 0x01, 0xB8, 0xFE, 0x7B, 0x01, 0x10, 0x5F, 0x31, 0x3E, 0x3E, 
0x31, 0x02, 0x49, 0x31, 0x41, 0x3E, 0x31, 0x5F, 0x01, 0x0F, 0x01, 0x01, 
0xEA, 0x03, 0xB9, 0x01, 0xFC, 0x48, 0xFE, 0x16, 0x82, 0xED, 0x3E, 0x31, 
0x03, 0xD1, 0x31, 0x3E, 0x3E, 0x31, 0xFC, 0x2F, 0x31, 0x3E, 0xED, 0x00, 
0x00, 0x03, 0x00, 0x4E, 0xFF, 0xFC, 0x04, 0x71, 0x03, 0xF2, 0x00, 0x20, 
0x00, 0x24, 0x00, 0x28, 0x00, 0xB8, 0xB9, 0x00, 0x18, 0xFF, 0xF0, 0xB4, 
0x15, 0x10, 0x0A, 0x10, 0x01, 0xBC, 0xFF, 0xF0, 0x00, 0x18, 0xFF, 0xF0, 
0x00, 0x15, 0xFF, 0xF0, 0x40, 0x53, 0x0A, 0x10, 0x01, 0x10, 0x17, 0x02, 
0xC0, 0x2A, 0x27, 0x00, 0x1A, 0x1A, 0x00, 0x51, 0x1E, 0x21, 0x21, 0x1E, 
0xC8, 0x24, 0x05, 0x1D, 0x51, 0x0F, 0x03, 0xC0, 0x25, 0xC8, 0x28, 0x12, 
0x12, 0x28, 0x51, 0x16, 0x0E, 0x09, 0xC0, 0x0B, 0x13, 0x13, 0x0B, 0x26, 
0x29, 0x19, 0x14, 0xC0, 0x16, 0x20, 0x1C, 0x1C, 0x25, 0x28, 0x26, 0x26, 
0x1D, 0x24, 0x24, 0x12, 0x0C, 0xC0, 0x0F, 0x0F, 0x28, 0x23, 0x11, 0x57, 
0x16, 0x06, 0x29, 0x1D, 0x1D, 0x28, 0x57, 0x40, 0x00, 0x0B, 0xC0, 0x05, 
0x09, 0x30, 0x03, 0x03, 0x09, 0x00, 0x2F, 0x33, 0x2F, 0x1A, 0x10, 0xCD, 
0xE1, 0x32, 0x1A, 0xED, 0x32, 0x2F, 0x10, 0xFC, 0xED, 0x32, 0x11, 0x39, 
0x2F, 0xE1, 0xCE, 0x33, 0x2F, 0x12, 0x39, 0x2F, 0x12, 0x39, 0x33, 0x10, 
0xCE, 0x10, 0xE1, 0x32, 0x01, 0x10, 0xE6, 0x32, 0x2F, 0x10, 0xE1, 0x32, 
0x32, 0xED, 0x32, 0x2F, 0x10, 0xFE, 0xE1, 0x33, 0xFD, 0x39, 0x32, 0xEE, 
0x32, 0x2F, 0x10, 0xED, 0x32, 0x2F, 0x10, 0xE6, 0xE1, 0x32, 0x31, 0x30, 
0x00, 0x38, 0x38, 0x38, 0x38, 0x01, 0x38, 0x38, 0x38, 0x38, 0x25, 0x14, 
0x23, 0x21, 0x22, 0x27, 0x06, 0x07, 0x06, 0x23, 0x22, 0x35, 0x11, 0x34, 
0x33, 0x21, 0x35, 0x23, 0x15, 0x23, 0x35, 0x34, 0x33, 0x21, 0x32, 0x15, 
0x11, 0x07, 0x21, 0x11, 0x33, 0x35, 0x33, 0x03, 0x35, 0x23, 0x15, 0x03, 
0x11, 0x23, 0x11, 0x04, 0x71, 0x7F, 0xFE, 0x89, 0x4B, 0x1E, 0x52, 0x52, 
0x6D, 0x36, 0x7D, 0x81, 0x01, 0x2B, 0xD1, 0xCF, 0x81, 0x03, 0x17, 0x7F, 
0x40, 0xFE, 0x98, 0xCD, 0xDB, 0xDB, 0xCD, 0xCF, 0xD1, 0x7D, 0x7D, 0x27, 
0x0D, 0x0D, 0x11, 0x7B, 0x01, 0x6A, 0x7D, 0xEA, 0x92, 0xBF, 0x7D, 0x7D, 
0xFE, 0x8D, 0x3D, 0xFE, 0xE3, 0xAA, 0x01, 0x0A, 0xEE, 0xEE, 0xFE, 0x58, 
0x01, 0x11, 0xFE, 0xE7, 0x00, 0x02, 0x00, 0x52, 0xFF, 0x66, 0x02, 0xEC, 
0x04, 0x8B, 0x00, 0x15, 0x00, 0x19, 0x00, 0x60, 0xB2, 0x0C, 0x10, 0x01, 
0xBA, 0xFF, 0xF0, 0x00, 0x0C, 0xFF, 0xF0, 0x40, 0x2B, 0x01, 0x10, 0x0F, 
0x51, 0x10, 0x13, 0x02, 0xC4, 0x1B, 0x25, 0x00, 0x51, 0x16, 0x19, 0x51, 
0x08, 0x0D, 0xC4, 0x0A, 0x04, 0x51, 0x05, 0x0A, 0x24, 0x1A, 0x15, 0x0B, 
0xC4, 0x18, 0x57, 0x13, 0x0F, 0x0D, 0x06, 0x1A, 0x00, 0x0A, 0xC4, 0x19, 
0x57, 0x08, 0x04, 0x03, 0x00, 0x2F, 0xCD, 0x33, 0xED, 0xE9, 0x32, 0x10, 
0xFC, 0xCE, 0x33, 0xED, 0xE9, 0x32, 0x01, 0x10, 0xF6, 0xD4, 0xED, 0x10, 
0xE9, 0x32, 0xFD, 0x7D, 0xDE, 0x18, 0xFD, 0xE6, 0xE9, 0x32, 0xD4, 0xED, 
0x31, 0x30, 0x00, 0x38, 0x38, 0x01, 0x38, 0x38, 0x25, 0x14, 0x23, 0x21, 
0x07, 0x23, 0x34, 0x35, 0x37, 0x26, 0x35, 0x11, 0x34, 0x33, 0x21, 0x37, 
0x33, 0x16, 0x0F, 0x01, 0x16, 0x15, 0x03, 0x11, 0x23, 0x11, 0x02, 0xEC, 
0x7F, 0xFE, 0xF5, 0x35, 0xD9, 0x35, 0x37, 0x81, 0x01, 0x06, 0x35, 0xDB, 
0x01, 0x01, 0x35, 0x38, 0xE0, 0xD9, 0x7D, 0x7D, 0x9A, 0x0B, 0x02, 0x9B, 
0x1C, 0x53, 0x02, 0xF8, 0x7D, 0x99, 0x0B, 0x01, 0x9C, 0x1B, 0x53, 0xFD, 
0x49, 0x02, 0x75, 0xFD, 0x8B, 0x00, 0x00, 0x00, 0x00, 0x02, 0x00, 0x4A, 
0x00, 0x00, 0x03, 0x1D, 0x06, 0x1D, 0x00, 0x03, 0x00, 0x17, 0x00, 0x5C, 
0xB2, 0x08, 0x10, 0x05, 0xB8, 0xFF, 0xF0, 0x40, 0x2A, 0x08, 0x10, 0x05, 
0x10, 0x0E, 0x01, 0x44, 0x0F, 0x00, 0x00, 0x0A, 0x19, 0x25, 0x06, 0xC0, 
0x17, 0x44, 0x16, 0x14, 0x44, 0x07, 0xC0, 0x0A, 0x24, 0x18, 0x0A, 0x07, 
0x0F, 0x00, 0x7F, 0x02, 0x02, 0x18, 0x04, 0x09, 0xC0, 0x07, 0x17, 0x17, 
0x14, 0x48, 0x07, 0x00, 0x2F, 0xED, 0x33, 0x2F, 0x10, 0xE1, 0x32, 0x10, 
0xFC, 0xFD, 0xCE, 0x11, 0x39, 0x01, 0x10, 0xF6, 0xE1, 0xFD, 0x7D, 0xDE, 
0x18, 0xFD, 0xE1, 0xE6, 0x12, 0x39, 0x7C, 0x2F, 0x33, 0x18, 0xED, 0x32, 
0x31, 0x30, 0x00, 0x38, 0x38, 0x01, 0x38, 0x38, 0x01, 0x23, 0x35, 0x33, 
0x13, 0x14, 0x23, 0x21, 0x22, 0x35, 0x11, 0x34, 0x37, 0x13, 0x11, 0x33, 
0x11, 0x14, 0x07, 0x03, 0x11, 0x21, 0x11, 0x33, 0x02, 0x3D, 0xEB, 0xEB, 
0xE0, 0x90, 0xFE, 0x4C, 0x8F, 0x29, 0xE3, 0xE3, 0x27, 0xE3, 0x01, 0x0A, 
0xE4, 0x05, 0x2D, 0xF0, 0xFA, 0x72, 0x8F, 0x8F, 0x01, 0x44, 0x4C, 0x37, 
0x01, 0x33, 0x01, 0x27, 0xFE, 0xF6, 0x53, 0x34, 0xFE, 0xCF, 0xFE, 0xD5, 
0x01, 0x1C, 0x00, 0x00, 0x00, 0x02, 0x00, 0x5E, 0x00, 0x00, 0x01, 0x58, 
0x06, 0x1D, 0x00, 0x03, 0x00, 0x07, 0x00, 0x1D, 0x40, 0x0D, 0x04, 0x03, 
0x44, 0x05, 0x02, 0x08, 0x07, 0x00, 0x7F, 0x02, 0x02, 0x08, 0x05, 0x00, 
0x2F, 0x10, 0xFE, 0xFD, 0xCE, 0x01, 0x10, 0xDE, 0x32, 0xED, 0x32, 0x31, 
0x30, 0x01, 0x23, 0x35, 0x33, 0x13, 0x23, 0x13, 0x33, 0x01, 0x4E, 0xE8, 
0xE8, 0x0A, 0xFA, 0x21, 0xB8, 0x05, 0x2D, 0xF0, 0xF9, 0xE3, 0x04, 0xB0, 
0x00, 0x01, 0x00, 0x77, 0x01, 0x4C, 0x03, 0x37, 0x02, 0xEC, 0x00, 0x05, 
0x00, 0x1C, 0x40, 0x0B, 0x01, 0x00, 0x07, 0x03, 0x06, 0x05, 0x02, 0x01, 
0x01, 0x02, 0x06, 0x00, 0x10, 0xCE, 0x32, 0x2F, 0x10, 0xCD, 0x01, 0x10, 
0xCE, 0x10, 0xDE, 0xCD, 0x31, 0x30, 0x01, 0x23, 0x11, 0x21, 0x35, 0x21, 
0x03, 0x37, 0x7C, 0xFD, 0xBC, 0x02, 0xC0, 0x01, 0x4C, 0x01, 0x24, 0x7C, 
0x00, 0x01, 0x00, 0x12, 0xFF, 0xFE, 0x03, 0xBA, 0x06, 0x1D, 0x00, 0x06, 
0x00, 0x30, 0x40, 0x17, 0x02, 0x01, 0x05, 0x05, 0x04, 0x06, 0x44, 0x00, 
0x01, 0x08, 0x04, 0x44, 0x03, 0x01, 0x07, 0x03, 0x03, 0x02, 0x06, 0x02, 
0x07, 0x05, 0x02, 0x00, 0x2F, 0x33, 0x10, 0xEC, 0x11, 0x39, 0x2F, 0x01, 
0x10, 0xF6, 0xED, 0x10, 0xF6, 0xED, 0x11, 0x39, 0x19, 0x2F, 0x33, 0x33, 
0x31, 0x30, 0x09, 0x01, 0x23, 0x01, 0x33, 0x13, 0x01, 0x03, 0xBA, 0xFE, 
0x48, 0xE5, 0xFE, 0xF5, 0xFE, 0x6D, 0x01, 0x4C, 0x06, 0x1D, 0xF9, 0xE1, 
0x02, 0x1F, 0xFE, 0xE3, 0x05, 0x1D, 0x00, 0x00, 0x00, 0x01, 0xFF, 0x8F, 
0xFE, 0x8F, 0x02, 0xC9, 0x06, 0x1D, 0x00, 0x13, 0x00, 0x4D, 0x40, 0x28, 
0x10, 0x0D, 0x0C, 0x11, 0x44, 0x06, 0x03, 0x07, 0x02, 0x02, 0x00, 0x00, 
0x15, 0x07, 0x44, 0x0C, 0x0C, 0x0A, 0x00, 0x14, 0x0D, 0x06, 0x48, 0x03, 
0x11, 0x13, 0x07, 0x10, 0x10, 0x0A, 0x01, 0x48, 0x13, 0x02, 0x14, 0x0C, 
0x48, 0x0A, 0x13, 0x14, 0x00, 0x10, 0xFC, 0xED, 0x10, 0xFC, 0xED, 0x12, 
0x39, 0x2F, 0x39, 0x12, 0x39, 0x33, 0xED, 0x32, 0x01, 0x10, 0xE4, 0x32, 
0x2F, 0xED, 0x10, 0xE6, 0x32, 0x2F, 0x12, 0x39, 0x39, 0xED, 0x11, 0x39, 
0x39, 0x31, 0x30, 0x01, 0x07, 0x23, 0x03, 0x33, 0x07, 0x23, 0x03, 0x06, 
0x2B, 0x01, 0x37, 0x33, 0x13, 0x23, 0x37, 0x33, 0x13, 0x36, 0x33, 0x02, 
0xC9, 0x19, 0xBE, 0x2F, 0xA5, 0x18, 0xA8, 0x8D, 0x11, 0x7D, 0xFE, 0x19, 
0x9A, 0x85, 0x71, 0x19, 0x70, 0x3A, 0x10, 0x7F, 0x06, 0x1D, 0xC7, 0xFE, 
0x9C, 0xC3, 0xFB, 0xDD, 0x7D, 0xBF, 0x03, 0xE1, 0xC3, 0x01, 0xAE, 0x7D, 
0x00, 0x02, 0x00, 0xAA, 0x01, 0x43, 0x03, 0x60, 0x03, 0xFB, 0x00, 0x0F, 
0x00, 0x1F, 0x00, 0x46, 0x40, 0x20, 0x1E, 0x0D, 0x1F, 0x0F, 0x16, 0x06, 
0x17, 0x07, 0x20, 0x1D, 0x12, 0x12, 0x17, 0x17, 0x1E, 0x1A, 0x1A, 0x15, 
0x1E, 0x0E, 0x0D, 0x07, 0x02, 0x02, 0x07, 0x07, 0x0E, 0x0A, 0x0A, 0x05, 
0x0E, 0x20, 0x00, 0x10, 0xDC, 0xCC, 0x33, 0x2F, 0x11, 0x33, 0x2F, 0x33, 
0x2F, 0x10, 0xCC, 0x10, 0xD4, 0xC4, 0x33, 0x2F, 0x11, 0x33, 0x2F, 0x33, 
0x2F, 0xC5, 0x01, 0x10, 0xD6, 0x32, 0xCD, 0x32, 0xDC, 0x32, 0xCD, 0x32, 
0x31, 0x30, 0x01, 0x14, 0x23, 0x22, 0x27, 0x25, 0x15, 0x23, 0x35, 0x34, 
0x33, 0x32, 0x17, 0x05, 0x35, 0x33, 0x11, 0x14, 0x23, 0x22, 0x27, 0x25, 
0x15, 0x23, 0x35, 0x34, 0x33, 0x32, 0x17, 0x05, 0x35, 0x33, 0x03, 0x60, 
0x52, 0x32, 0x36, 0xFE, 0x87, 0x83, 0x52, 0x33, 0x35, 0x01, 0x79, 0x83, 
0x52, 0x32, 0x36, 0xFE, 0x87, 0x83, 0x52, 0x33, 0x35, 0x01, 0x79, 0x83, 
0x03, 0x24, 0x56, 0x14, 0x90, 0x9E, 0xD1, 0x56, 0x15, 0x8F, 0x9E, 0xFD, 
0xA4, 0x56, 0x14, 0x90, 0x9E, 0xD1, 0x56, 0x15, 0x8F, 0x9E, 0x00, 0x00, 
0x00, 0x02, 0x00, 0x2D, 0x00, 0x00, 0x03, 0x08, 0x06, 0x21, 0x00, 0x08, 
0x00, 0x0B, 0x00, 0x26, 0x40, 0x0F, 0x09, 0x00, 0x04, 0x03, 0x0A, 0x0B, 
0x01, 0x0C, 0x08, 0x02, 0x0B, 0x01, 0x0A, 0x03, 0x01, 0x00, 0x2F, 0xD5, 
0xC5, 0x10, 0xC5, 0x32, 0x32, 0x01, 0x10, 0xD6, 0xD5, 0x19, 0xD6, 0x32, 
0x32, 0xD5, 0x18, 0xC5, 0x31, 0x30, 0x29, 0x01, 0x35, 0x01, 0x33, 0x16, 
0x13, 0x12, 0x07, 0x27, 0x0B, 0x01, 0x03, 0x07, 0xFD, 0x26, 0x01, 0x29, 
0x89, 0x0A, 0x92, 0x8D, 0x01, 0x8A, 0xE5, 0xE4, 0x7A, 0x05, 0xA7, 0x3A, 
0xFD, 0x3F, 0xFD, 0x52, 0x02, 0x0E, 0x04, 0xA3, 0xFB, 0x5D, 0x00, 0x00, 
0x00, 0x02, 0x00, 0x42, 0x00, 0x9C, 0x03, 0xBC, 0x03, 0xBA, 0x00, 0x07, 
0x00, 0x0F, 0x00, 0x3D, 0x40, 0x1D, 0x01, 0x04, 0x51, 0x05, 0x00, 0x00, 
0x05, 0x07, 0x51, 0x02, 0x0F, 0x51, 0x0A, 0x09, 0x0C, 0x51, 0x08, 0x0D, 
0x0A, 0x01, 0x10, 0x04, 0x00, 0x07, 0x07, 0x0C, 0x09, 0x0F, 0x10, 0x00, 
0x19, 0x10, 0xDC, 0xCD, 0xCD, 0x33, 0x2F, 0xCD, 0xCD, 0x01, 0x18, 0x10, 
0xF6, 0xDD, 0x32, 0xED, 0x32, 0x10, 0xFD, 0xDE, 0xED, 0xCD, 0x32, 0x2F, 
0x10, 0xED, 0x32, 0x31, 0x30, 0x25, 0x23, 0x03, 0x35, 0x13, 0x33, 0x15, 
0x01, 0x03, 0x23, 0x03, 0x35, 0x13, 0x33, 0x15, 0x01, 0x03, 0xBC, 0xF9, 
0xFE, 0xFE, 0xF9, 0xFE, 0xFC, 0x7F, 0xFA, 0xFD, 0xFD, 0xFA, 0xFE, 0xFE, 
0x9C, 0x01, 0x7D, 0x24, 0x01, 0x7D, 0x08, 0xFE, 0x79, 0xFE, 0x71, 0x01, 
0x7D, 0x24, 0x01, 0x7D, 0x08, 0xFE, 0x79, 0x00, 0x00, 0x02, 0x00, 0x50, 
0x00, 0x9C, 0x03, 0xCB, 0x03, 0xBA, 0x00, 0x07, 0x00, 0x0F, 0x00, 0x39, 
0x40, 0x1B, 0x01, 0x06, 0x51, 0x02, 0x05, 0x00, 0x09, 0x0E, 0x51, 0x0A, 
0x0D, 0x0C, 0x51, 0x08, 0x04, 0x51, 0x00, 0x01, 0x11, 0x06, 0x01, 0x04, 
0x04, 0x0E, 0x09, 0x0C, 0x10, 0x00, 0x19, 0x10, 0xDC, 0xCD, 0xCD, 0x33, 
0x2F, 0xCD, 0xCD, 0x01, 0x18, 0x10, 0xFE, 0xFD, 0xDE, 0xED, 0xDD, 0x32, 
0xED, 0x32, 0x10, 0xDD, 0x32, 0xED, 0x32, 0x31, 0x30, 0x01, 0x03, 0x23, 
0x35, 0x09, 0x01, 0x33, 0x13, 0x05, 0x03, 0x23, 0x35, 0x09, 0x01, 0x33, 
0x13, 0x03, 0xCB, 0xFC, 0xFC, 0x01, 0x04, 0xFE, 0xFC, 0xFC, 0xFC, 0xFE, 
0x7D, 0xFE, 0xFA, 0x01, 0x04, 0xFE, 0xFC, 0xFA, 0xFE, 0x02, 0x19, 0xFE, 
0x83, 0x08, 0x01, 0x87, 0x01, 0x8F, 0xFE, 0x83, 0x24, 0xFE, 0x83, 0x08, 
0x01, 0x87, 0x01, 0x8F, 0xFE, 0x83, 0x00, 0x00, 0x00, 0x03, 0x00, 0x4C, 
0x00, 0x00, 0x04, 0x1F, 0x00, 0xF2, 0x00, 0x03, 0x00, 0x07, 0x00, 0x0B, 
0x00, 0x2A, 0x40, 0x16, 0x0D, 0x27, 0x00, 0x44, 0x01, 0x04, 0x44, 0x05, 
0x08, 0x44, 0x09, 0x26, 0x0C, 0x0A, 0x7F, 0x09, 0x06, 0x7F, 0x05, 0x02, 
0x7F, 0x01, 0x00, 0x2F, 0xE5, 0x2F, 0xE5, 0x2F, 0xE5, 0x01, 0x10, 0xF6, 
0xF5, 0xDE, 0xF5, 0xDE, 0xF5, 0xE6, 0x31, 0x30, 0x21, 0x23, 0x35, 0x33, 
0x05, 0x23, 0x35, 0x33, 0x05, 0x23, 0x35, 0x33, 0x04, 0x1F, 0xE2, 0xE2, 
0xFE, 0x87, 0xE1, 0xE1, 0xFE, 0x87, 0xE1, 0xE1, 0xF2, 0xF2, 0xF2, 0xF2, 
0xF2, 0x00, 0x00, 0x00, 0xFF, 0xFF, 0x00, 0x25, 0x00, 0x00, 0x03, 0x77, 
0x07, 0x74, 0x02, 0x36, 0x00, 0x24, 0x00, 0x00, 0x01, 0x17, 0x00, 0x43, 
0xFF, 0xA7, 0x02, 0x2E, 0x00, 0x10, 0x40, 0x0B, 0x02, 0x07, 0x0D, 0x4F, 
0x02, 0x00, 0x0C, 0x0D, 0x07, 0x08, 0x50, 0x2B, 0x34, 0x2B, 0x00, 0x00, 
0xFF, 0xFF, 0x00, 0x25, 0x00, 0x00, 0x03, 0x77, 0x07, 0x62, 0x02, 0x36, 
0x00, 0x24, 0x00, 0x00, 0x01, 0x17, 0x00, 0xD9, 0x00, 0x1E, 0x02, 0x31, 
0x00, 0x10, 0x40, 0x0B, 0x02, 0x07, 0x14, 0x4F, 0x02, 0x00, 0x10, 0x10, 
0x07, 0x08, 0x50, 0x2B, 0x34, 0x2B, 0x00, 0x00, 0xFF, 0xFF, 0x00, 0x5E, 
0x00, 0x00, 0x03, 0x73, 0x07, 0x62, 0x02, 0x36, 0x00, 0x32, 0x00, 0x00, 
0x01, 0x17, 0x00, 0xD9, 0x00, 0x45, 0x02, 0x31, 0x00, 0x10, 0x40, 0x0B, 
0x02, 0x09, 0x19, 0x4F, 0x02, 0x00, 0x1D, 0x14, 0x06, 0x0B, 0x50, 0x2B, 
0x34, 0x2B, 0x00, 0x00, 0x00, 0x02, 0x00, 0x5E, 0x00, 0x00, 0x04, 0xE9, 
0x06, 0x1D, 0x00, 0x0F, 0x00, 0x13, 0x00, 0x67, 0xB4, 0x05, 0x10, 0x02, 
0x10, 0x05, 0xB8, 0xFF, 0xF0, 0x40, 0x2E, 0x02, 0x10, 0x15, 0x25, 0x00, 
0x0B, 0x0B, 0x08, 0x08, 0x00, 0xC7, 0x0A, 0x0E, 0x44, 0x10, 0xC7, 0x13, 
0x44, 0x06, 0x01, 0xC0, 0x03, 0x24, 0x14, 0x09, 0x09, 0x11, 0x48, 0x06, 
0x0D, 0x48, 0x0A, 0x4A, 0x0A, 0x01, 0x04, 0xC0, 0x06, 0x02, 0x14, 0x0E, 
0x10, 0x48, 0x03, 0xC0, 0x01, 0x00, 0x2F, 0xE1, 0xE5, 0x32, 0x10, 0xF4, 
0xE1, 0x12, 0x39, 0x76, 0x2F, 0x18, 0xE5, 0x10, 0xE5, 0x32, 0x2F, 0x01, 
0x10, 0xF6, 0xE1, 0x32, 0xF5, 0x7D, 0xFE, 0x18, 0xF5, 0x32, 0xED, 0x32, 
0x2F, 0x32, 0x7C, 0x2F, 0x18, 0x10, 0xE6, 0x31, 0x30, 0x00, 0x38, 0x38, 
0x01, 0x38, 0x38, 0x29, 0x01, 0x22, 0x35, 0x11, 0x34, 0x33, 0x21, 0x15, 
0x21, 0x11, 0x21, 0x15, 0x21, 0x11, 0x21, 0x05, 0x11, 0x21, 0x11, 0x04, 
0xE9, 0xFC, 0x03, 0x8E, 0x8E, 0x03, 0xF7, 0xFE, 0x71, 0x01, 0x56, 0xFE, 
0xAA, 0x01, 0x95, 0xFD, 0x84, 0xFE, 0xDB, 0x8F, 0x04, 0xFE, 0x90, 0xCF, 
0xFE, 0x39, 0xCD, 0xFE, 0x15, 0x06, 0x04, 0x8B, 0xFB, 0x75, 0x00, 0x00, 
0x00, 0x03, 0x00, 0x52, 0x00, 0x00, 0x04, 0x81, 0x03, 0xF2, 0x00, 0x12, 
0x00, 0x16, 0x00, 0x1A, 0x00, 0x7E, 0xB9, 0x00, 0x0A, 0xFF, 0xF0, 0xB4, 
0x07, 0x10, 0x04, 0x10, 0x01, 0xBC, 0xFF, 0xF0, 0x00, 0x0A, 0xFF, 0xF0, 
0x00, 0x07, 0xFF, 0xF0, 0x40, 0x34, 0x04, 0x10, 0x01, 0x10, 0x09, 0x02, 
0xC4, 0x1C, 0x27, 0x12, 0x0C, 0x51, 0x11, 0x13, 0xC8, 0x16, 0x0F, 0x51, 
0x17, 0xC8, 0x1A, 0x51, 0x08, 0x03, 0xC4, 0x05, 0x26, 0x1B, 0x15, 0x15, 
0x18, 0x57, 0x08, 0x11, 0x0E, 0x16, 0x16, 0x03, 0x0B, 0x06, 0xC4, 0x08, 
0x06, 0x1B, 0x0F, 0x0F, 0x1A, 0x57, 0x00, 0x05, 0xC4, 0x03, 0x00, 0x2F, 
0xE1, 0x32, 0xE5, 0x32, 0x2F, 0x10, 0xF4, 0xE1, 0x32, 0x12, 0x39, 0x2F, 
0x7D, 0xDD, 0x18, 0xCE, 0x10, 0xE5, 0x32, 0x2F, 0x01, 0x10, 0xF6, 0xE1, 
0x32, 0xF5, 0xFE, 0xF5, 0x32, 0xFC, 0x32, 0xF5, 0x32, 0xE6, 0xE0, 0x32, 
0x31, 0x30, 0x00, 0x38, 0x38, 0x38, 0x38, 0x01, 0x38, 0x38, 0x38, 0x38, 
0x25, 0x14, 0x23, 0x21, 0x22, 0x35, 0x11, 0x34, 0x33, 0x21, 0x32, 0x15, 
0x11, 0x07, 0x21, 0x11, 0x33, 0x35, 0x33, 0x03, 0x35, 0x23, 0x15, 0x03, 
0x11, 0x23, 0x11, 0x04, 0x81, 0x7F, 0xFC, 0xD1, 0x81, 0x81, 0x03, 0x2F, 
0x7F, 0x3F, 0xFE, 0x95, 0xCF, 0xDB, 0xDB, 0xCF, 0xD1, 0xD5, 0x7D, 0x7D, 
0x7D, 0x02, 0xF8, 0x7D, 0x7D, 0xFE, 0x8D, 0x3F, 0xFE, 0xE5, 0xA8, 0x01, 
0x08, 0xF2, 0xF2, 0xFE, 0x62, 0x02, 0x7D, 0xFD, 0x83, 0x00, 0x00, 0x00, 
0x00, 0x01, 0x00, 0x4C, 0x01, 0xEE, 0x03, 0x25, 0x02, 0xC3, 0x00, 0x03, 
0x00, 0x14, 0xB7, 0x00, 0x05, 0x01, 0x04, 0x00, 0x51, 0x02, 0x04, 0x00, 
0x10, 0xDE, 0xED, 0x01, 0x10, 0xC6, 0x10, 0xC6, 0x31, 0x30, 0x01, 0x21, 
0x35, 0x21, 0x03, 0x25, 0xFD, 0x27, 0x02, 0xD9, 0x01, 0xEE, 0xD5, 0x00, 
0x00, 0x01, 0x00, 0x4C, 0x01, 0xEE, 0x04, 0xE9, 0x02, 0xC3, 0x00, 0x03, 
0x00, 0x14, 0xB7, 0x00, 0x05, 0x01, 0x04, 0x00, 0x51, 0x02, 0x04, 0x00, 
0x10, 0xDE, 0xED, 0x01, 0x10, 0xC6, 0x10, 0xC6, 0x31, 0x30, 0x01, 0x21, 
0x35, 0x21, 0x04, 0xE9, 0xFB, 0x63, 0x04, 0x9D, 0x01, 0xEE, 0xD5, 0x00, 
0x00, 0x02, 0x00, 0x31, 0x04, 0x33, 0x02, 0x9E, 0x06, 0x1D, 0x00, 0x03, 
0x00, 0x07, 0x00, 0x30, 0x40, 0x14, 0x09, 0x01, 0x51, 0x02, 0x03, 0x00, 
0x02, 0x05, 0x51, 0x06, 0x07, 0x04, 0x06, 0x08, 0x01, 0x05, 0x03, 0x07, 
0x02, 0x08, 0x00, 0x10, 0xFC, 0x32, 0xC5, 0x32, 0x01, 0x10, 0xD6, 0x7C, 
0xDD, 0x18, 0xCD, 0x10, 0xFD, 0x7D, 0xDE, 0x7C, 0xDD, 0x18, 0xCD, 0x10, 
0xFD, 0xC6, 0x31, 0x30, 0x01, 0x03, 0x23, 0x13, 0x23, 0x03, 0x23, 0x13, 
0x02, 0x9E, 0x31, 0xEE, 0x8B, 0xB8, 0x33, 0xEE, 0x8D, 0x06, 0x1D, 0xFE, 
0x16, 0x01, 0xEA, 0xFE, 0x16, 0x01, 0xEA, 0x00, 0x00, 0x02, 0x00, 0x3F, 
0x04, 0x33, 0x02, 0xAC, 0x06, 0x1D, 0x00, 0x03, 0x00, 0x07, 0x00, 0x2F, 
0x40, 0x12, 0x01, 0x02, 0x09, 0x00, 0x51, 0x03, 0x07, 0x51, 0x04, 0x05, 
0x06, 0x08, 0x02, 0x05, 0x03, 0x07, 0x02, 0x08, 0x00, 0x10, 0xFC, 0x32, 
0xC5, 0x32, 0x01, 0x7D, 0x10, 0xD6, 0x18, 0xCD, 0x7C, 0xDD, 0x18, 0xED, 
0x7D, 0xDE, 0x18, 0xFD, 0xC6, 0x7C, 0xDD, 0x18, 0xCD, 0x31, 0x30, 0x01, 
0x03, 0x23, 0x13, 0x23, 0x03, 0x23, 0x13, 0x02, 0xAC, 0x8B, 0x94, 0x34, 
0x63, 0x89, 0x96, 0x34, 0x06, 0x1D, 0xFE, 0x16, 0x01, 0xEA, 0xFE, 0x16, 
0x01, 0xEA, 0x00, 0x00, 0x00, 0x01, 0x00, 0x33, 0x04, 0x33, 0x01, 0x52, 
0x06, 0x1D, 0x00, 0x03, 0x00, 0x1C, 0x40, 0x0B, 0x05, 0x03, 0x00, 0x01, 
0x51, 0x02, 0x04, 0x02, 0x03, 0x02, 0x04, 0x00, 0x10, 0xFC, 0xCD, 0x01, 
0x10, 0xD6, 0xED, 0x7C, 0xD5, 0x18, 0xCD, 0xC6, 0x31, 0x30, 0x01, 0x03, 
0x23, 0x13, 0x01, 0x52, 0x33, 0xEC, 0x8B, 0x06, 0x1D, 0xFE, 0x16, 0x01, 
0xEA, 0x00, 0x00, 0x00, 0x00, 0x01, 0x00, 0x3F, 0x04, 0x33, 0x01, 0x5E, 
0x06, 0x1D, 0x00, 0x03, 0x00, 0x1E, 0x40, 0x0B, 0x05, 0x03, 0x51, 0x00, 
0x01, 0x02, 0x04, 0x01, 0x03, 0x02, 0x04, 0x00, 0x10, 0xFC, 0xCD, 0x01, 
0x7D, 0x10, 0xD6, 0x18, 0xCD, 0x7C, 0xDD, 0x18, 0xED, 0xC6, 0x31, 0x30, 
0x01, 0x03, 0x23, 0x13, 0x01, 0x5E, 0x89, 0x96, 0x34, 0x06, 0x1D, 0xFE, 
0x16, 0x01, 0xEA, 0x00, 0x00, 0x03, 0x00, 0x46, 0x01, 0x44, 0x03, 0x00, 
0x04, 0x1A, 0x00, 0x0B, 0x00, 0x0F, 0x00, 0x1B, 0x00, 0x2C, 0x40, 0x13, 
0x0C, 0x10, 0x00, 0x00, 0x10, 0x16, 0x06, 0x06, 0x16, 0x0D, 0x1C, 0x13, 
0x19, 0x0D, 0x09, 0x03, 0x0E, 0x0D, 0x1C, 0x00, 0x10, 0xD6, 0xD5, 0xD6, 
0xC5, 0x10, 0xD6, 0xC5, 0x01, 0x10, 0xD6, 0xC6, 0x32, 0x2F, 0x10, 0xC5, 
0x32, 0x2F, 0x10, 0xC6, 0x31, 0x30, 0x01, 0x14, 0x06, 0x23, 0x22, 0x26, 
0x35, 0x34, 0x36, 0x33, 0x32, 0x16, 0x13, 0x21, 0x35, 0x21, 0x03, 0x14, 
0x06, 0x23, 0x22, 0x26, 0x35, 0x34, 0x36, 0x33, 0x32, 0x16, 0x02, 0x0B, 
0x3D, 0x2C, 0x2B, 0x3D, 0x3D, 0x2B, 0x2C, 0x3D, 0xF5, 0xFD, 0x46, 0x02, 
0xBA, 0xF5, 0x3D, 0x2C, 0x2B, 0x3D, 0x3D, 0x2B, 0x2C, 0x3D, 0x03, 0xB0, 
0x2C, 0x3F, 0x3F, 0x2C, 0x2C, 0x3E, 0x3E, 0xFE, 0x95, 0x7E, 0xFE, 0xBF, 
0x2C, 0x3E, 0x3E, 0x2C, 0x2C, 0x3F, 0x3F, 0x00, 0x00, 0x02, 0x00, 0x1E, 
0x00, 0x42, 0x03, 0x1E, 0x04, 0x3A, 0x00, 0x05, 0x00, 0x09, 0x00, 0x3F, 
0x40, 0x19, 0x0B, 0x00, 0x08, 0x03, 0x09, 0x06, 0x00, 0x07, 0x09, 0x09, 
0x0A, 0x0B, 0x07, 0x04, 0x03, 0x09, 0x02, 0x08, 0x08, 0x09, 0x06, 0x06, 
0x07, 0x00, 0x03, 0x00, 0x19, 0x2F, 0x3C, 0x08, 0x3C, 0x08, 0x3C, 0x00, 
0xDD, 0x18, 0xCD, 0x19, 0x10, 0xDD, 0x18, 0xCD, 0x01, 0x11, 0x12, 0x39, 
0x19, 0x2F, 0x3C, 0xDD, 0x18, 0xCD, 0x19, 0x10, 0xDD, 0x18, 0xCD, 0x10, 
0xC6, 0x31, 0x30, 0x09, 0x01, 0x23, 0x09, 0x01, 0x33, 0x13, 0x0B, 0x01, 
0x13, 0x03, 0x1E, 0xFE, 0xA5, 0x48, 0xFE, 0xA3, 0x01, 0x5D, 0x48, 0xD0, 
0xF5, 0xF5, 0xF5, 0x02, 0x3E, 0xFE, 0x04, 0x01, 0xFC, 0x01, 0xFC, 0xFE, 
0x04, 0x01, 0x73, 0xFE, 0x8D, 0xFE, 0x8D, 0x00, 0xFF, 0xFF, 0x00, 0x1F, 
0xFE, 0x8F, 0x02, 0xFE, 0x05, 0x0C, 0x02, 0x36, 0x00, 0x5C, 0x00, 0x00, 
0x01, 0x16, 0x00, 0x8E, 0xED, 0x00, 0x00, 0x17, 0x40, 0x10, 0x01, 0x05, 
0x0A, 0x4F, 0x02, 0x05, 0x0D, 0x4F, 0x02, 0x01, 0x00, 0x0D, 0x0A, 0x05, 
0x00, 0x50, 0x2B, 0x34, 0x34, 0x2B, 0x2B, 0x00, 0xFF, 0xFF, 0x00, 0x1A, 
0x00, 0x00, 0x03, 0x71, 0x07, 0x38, 0x02, 0x36, 0x00, 0x3C, 0x00, 0x00, 
0x01, 0x17, 0x00, 0x8E, 0x00, 0x24, 0x02, 0x2C, 0x00, 0x17, 0x40, 0x10, 
0x01, 0x0E, 0x14, 0x4F, 0x02, 0x0E, 0x17, 0x4F, 0x02, 0x01, 0x00, 0x17, 
0x14, 0x00, 0x0B, 0x50, 0x2B, 0x34, 0x34, 0x2B, 0x2B, 0x00, 0x00, 0x00, 
0x00, 0x01, 0xFE, 0xBA, 0x00, 0x00, 0x02, 0x89, 0x06, 0x1D, 0x00, 0x05, 
0x00, 0x00, 0x09, 0x01, 0x23, 0x35, 0x01, 0x33, 0x02, 0x89, 0xFC, 0xB8, 
0x87, 0x03, 0x49, 0x86, 0x06, 0x00, 0xFA, 0x00, 0x1C, 0x06, 0x01, 0x00, 
0x00, 0x02, 0x00, 0x8E, 0x00, 0xE7, 0x04, 0x47, 0x04, 0xC1, 0x00, 0x0F, 
0x00, 0x13, 0x00, 0x57, 0x40, 0x25, 0x0F, 0x04, 0x15, 0x00, 0x03, 0x02, 
0x0E, 0x05, 0x10, 0x0D, 0x06, 0x13, 0x09, 0x0C, 0x07, 0x0B, 0x08, 0x09, 
0x14, 0x00, 0x0B, 0x0F, 0x0C, 0x0D, 0x0A, 0x01, 0x12, 0x09, 0x02, 0x13, 
0x06, 0x03, 0x08, 0x04, 0x07, 0x06, 0x14, 0x00, 0x10, 0xD4, 0xD5, 0x32, 
0x19, 0xC5, 0x32, 0x18, 0x10, 0xD5, 0x32, 0x32, 0xD6, 0x32, 0x32, 0xD5, 
0xD5, 0x32, 0x19, 0xC5, 0x32, 0x01, 0x18, 0x10, 0xD4, 0xD5, 0x32, 0x19, 
0xC5, 0x32, 0x18, 0x10, 0xD5, 0x32, 0x32, 0xDE, 0x32, 0x32, 0xD5, 0xD5, 
0x32, 0xC6, 0x19, 0xC5, 0x32, 0x31, 0x30, 0x01, 0x07, 0x11, 0x17, 0x07, 
0x27, 0x21, 0x07, 0x27, 0x37, 0x11, 0x27, 0x37, 0x17, 0x21, 0x37, 0x03, 
0x11, 0x21, 0x11, 0x04, 0x47, 0xB1, 0xB1, 0x76, 0xC2, 0xFE, 0xB6, 0xC1, 
0x76, 0xB1, 0xB1, 0x76, 0xC2, 0x01, 0x4A, 0xC1, 0xDF, 0xFE, 0xF1, 0x04, 
0x4B, 0xB2, 0xFE, 0x75, 0xB1, 0x76, 0xC2, 0xC2, 0x76, 0xB2, 0x01, 0x8B, 
0xB1, 0x76, 0xC2, 0xC2, 0xFD, 0x7D, 0x01, 0x2E, 0xFE, 0xD1, 0x00, 0x00, 
0x00, 0x01, 0x00, 0x42, 0x00, 0x9C, 0x02, 0x39, 0x03, 0xBA, 0x00, 0x07, 
0x00, 0x20, 0x40, 0x0D, 0x01, 0x04, 0x51, 0x00, 0x06, 0x07, 0x51, 0x02, 
0x08, 0x04, 0x00, 0x07, 0x08, 0x00, 0x19, 0x10, 0xDC, 0xCD, 0xCD, 0x01, 
0x18, 0x10, 0xDE, 0xED, 0xDD, 0x32, 0xED, 0x32, 0x31, 0x30, 0x25, 0x23, 
0x03, 0x35, 0x13, 0x33, 0x15, 0x01, 0x02, 0x39, 0xFA, 0xFD, 0xFD, 0xFA, 
0xFE, 0xFC, 0x9C, 0x01, 0x7D, 0x24, 0x01, 0x7D, 0x08, 0xFE, 0x79, 0x00, 
0x00, 0x01, 0x00, 0x50, 0x00, 0x9C, 0x02, 0x4A, 0x03, 0xBA, 0x00, 0x07, 
0x00, 0x21, 0x40, 0x0E, 0x01, 0x06, 0x51, 0x02, 0x05, 0x04, 0x51, 0x00, 
0x01, 0x09, 0x06, 0x01, 0x04, 0x08, 0x00, 0x19, 0x10, 0xDC, 0xCD, 0xCD, 
0x01, 0x18, 0x10, 0xFE, 0xED, 0xDD, 0x32, 0xED, 0x32, 0x31, 0x30, 0x09, 
0x01, 0x23, 0x35, 0x09, 0x01, 0x33, 0x01, 0x02, 0x4A, 0xFF, 0x00, 0xFA, 
0x01, 0x04, 0xFE, 0xFC, 0xFA, 0x01, 0x00, 0x02, 0x19, 0xFE, 0x83, 0x08, 
0x01, 0x87, 0x01, 0x8F, 0xFE, 0x83, 0x00, 0x00, 0x00, 0x01, 0x00, 0x1B, 
0x00, 0x00, 0x03, 0x44, 0x06, 0x1D, 0x00, 0x15, 0x00, 0x5C, 0xB9, 0x00, 
0x0E, 0xFF, 0xF0, 0xB2, 0x0B, 0x10, 0x0E, 0xBA, 0xFF, 0xF0, 0x00, 0x0B, 
0xFF, 0xF0, 0x40, 0x25, 0x17, 0x27, 0x10, 0x0D, 0xC0, 0x00, 0x51, 0x11, 
0x01, 0xC8, 0x14, 0x03, 0x51, 0x0C, 0xC4, 0x09, 0x08, 0x06, 0x16, 0x06, 
0x03, 0x57, 0x10, 0x09, 0x14, 0x14, 0x04, 0x0F, 0x0A, 0xC4, 0x13, 0x57, 
0x0C, 0x02, 0x16, 0x01, 0x04, 0x00, 0x2F, 0x33, 0x10, 0xFC, 0xED, 0xE1, 
0x32, 0x12, 0x39, 0x2F, 0x33, 0xCE, 0xED, 0x32, 0x01, 0x10, 0xDE, 0xCD, 
0x33, 0xE1, 0xFD, 0x32, 0xFE, 0x32, 0xFD, 0xE0, 0x33, 0xE6, 0x31, 0x30, 
0x00, 0x38, 0x38, 0x01, 0x38, 0x38, 0x21, 0x23, 0x11, 0x23, 0x11, 0x23, 
0x11, 0x23, 0x35, 0x33, 0x11, 0x34, 0x33, 0x21, 0x32, 0x15, 0x11, 0x23, 
0x35, 0x23, 0x11, 0x21, 0x03, 0x44, 0xE4, 0xFA, 0xE3, 0x68, 0x68, 0x7F, 
0x01, 0xC3, 0x7F, 0xE4, 0xFA, 0x01, 0xDE, 0x03, 0x2F, 0xFC, 0xD1, 0x03, 
0x2F, 0xC3, 0x01, 0xAE, 0x7D, 0x7D, 0xFE, 0xE3, 0xD3, 0xFE, 0x9C, 0x00, 
0x00, 0x01, 0x00, 0x1B, 0x00, 0x00, 0x03, 0x44, 0x06, 0x1D, 0x00, 0x11, 
0x00, 0x45, 0xB2, 0x0F, 0x10, 0x0F, 0xB8, 0xFF, 0xF0, 0x40, 0x1F, 0x13, 
0x27, 0x00, 0x51, 0x06, 0x01, 0xC8, 0x04, 0x07, 0x51, 0x10, 0xC0, 0x0D, 
0x0A, 0x12, 0x0E, 0xC0, 0x03, 0x57, 0x10, 0x02, 0x12, 0x0A, 0x07, 0x57, 
0x0D, 0x04, 0x06, 0x12, 0x01, 0x09, 0x00, 0x2F, 0x33, 0x10, 0xF4, 0x32, 
0xED, 0x32, 0x10, 0xFC, 0xED, 0xE1, 0x01, 0x10, 0xDE, 0x32, 0xE1, 0xFD, 
0x32, 0xFE, 0xCE, 0xFD, 0xE6, 0x31, 0x30, 0x00, 0x38, 0x01, 0x38, 0x21, 
0x23, 0x11, 0x23, 0x11, 0x33, 0x15, 0x23, 0x11, 0x23, 0x11, 0x23, 0x35, 
0x33, 0x11, 0x34, 0x33, 0x21, 0x03, 0x44, 0xE4, 0xFA, 0x92, 0x92, 0xE3, 
0x68, 0x68, 0x7F, 0x02, 0x42, 0x05, 0x56, 0xFE, 0x9C, 0xC3, 0xFC, 0xD1, 
0x03, 0x2F, 0xC3, 0x01, 0xAE, 0x7D, 0x00, 0x00, 0x00, 0x01, 0x00, 0x46, 
0x00, 0x00, 0x03, 0x4C, 0x06, 0x1D, 0x00, 0x13, 0x00, 0x36, 0x40, 0x1A, 
0x13, 0x0F, 0x15, 0x11, 0x01, 0x0E, 0x44, 0x06, 0x0A, 0x08, 0x04, 0x0B, 
0x0C, 0x02, 0x14, 0x03, 0x01, 0x04, 0x51, 0x07, 0x12, 0x08, 0x11, 0x51, 
0x0E, 0x0B, 0x00, 0x2F, 0x33, 0xED, 0x32, 0x2F, 0x33, 0xFD, 0x32, 0xCD, 
0x10, 0xEC, 0x01, 0xDC, 0x32, 0x32, 0xCD, 0x32, 0xFD, 0x32, 0x32, 0xCC, 
0xCD, 0x32, 0x31, 0x30, 0x01, 0x21, 0x11, 0x23, 0x11, 0x21, 0x35, 0x21, 
0x11, 0x21, 0x35, 0x21, 0x11, 0x33, 0x11, 0x21, 0x15, 0x21, 0x11, 0x21, 
0x03, 0x4C, 0xFE, 0xE9, 0xD9, 0xFE, 0xEA, 0x01, 0x16, 0xFE, 0xEA, 0x01, 
0x16, 0xD9, 0x01, 0x17, 0xFE, 0xE9, 0x01, 0x17, 0x01, 0x85, 0xFE, 0x7B, 
0x01, 0x85, 0xCB, 0x01, 0x8D, 0xCB, 0x01, 0x75, 0xFE, 0x8B, 0xCB, 0xFE, 
0x73, 0x00, 0x00, 0x00, 0x00, 0x01, 0x00, 0x4C, 0x01, 0xE3, 0x01, 0x46, 
0x02, 0xE5, 0x00, 0x03, 0x00, 0x16, 0x40, 0x0A, 0x05, 0x25, 0x03, 0x44, 
0x02, 0x24, 0x04, 0x02, 0x44, 0x01, 0x00, 0x2F, 0xED, 0x01, 0x10, 0xFE, 
0xFD, 0xEE, 0x31, 0x30, 0x01, 0x23, 0x11, 0x33, 0x01, 0x46, 0xFA, 0xFA, 
0x01, 0xE3, 0x01, 0x02, 0x00, 0x01, 0x00, 0x35, 0xFF, 0x29, 0x01, 0x56, 
0x01, 0x12, 0x00, 0x03, 0x00, 0x18, 0x40, 0x09, 0x01, 0x02, 0x00, 0x44, 
0x03, 0x03, 0x44, 0x02, 0x04, 0x00, 0x10, 0xCE, 0xEE, 0x01, 0xDE, 0x7C, 
0xFD, 0x18, 0xDD, 0xCD, 0x31, 0x30, 0x01, 0x03, 0x23, 0x13, 0x01, 0x56, 
0x8B, 0x96, 0x33, 0x01, 0x12, 0xFE, 0x17, 0x01, 0xE9, 0x00, 0x00, 0x00, 
0x00, 0x02, 0x00, 0x3F, 0xFF, 0x29, 0x02, 0xAC, 0x01, 0x12, 0x00, 0x03, 
0x00, 0x07, 0x00, 0x2D, 0x40, 0x12, 0x01, 0x02, 0x09, 0x00, 0x44, 0x03, 
0x07, 0x44, 0x04, 0x05, 0x06, 0x08, 0x02, 0x05, 0x03, 0x07, 0x44, 0x08, 
0x00, 0x10, 0xFE, 0x32, 0xC5, 0x32, 0x01, 0x7D, 0x10, 0xD6, 0x18, 0xCD, 
0xDD, 0xED, 0x7D, 0xDE, 0x18, 0xFD, 0xC6, 0x7C, 0xDD, 0x18, 0xCD, 0x31, 
0x30, 0x01, 0x03, 0x23, 0x13, 0x23, 0x03, 0x23, 0x13, 0x02, 0xAC, 0x8B, 
0x94, 0x34, 0x63, 0x89, 0x96, 0x34, 0x01, 0x12, 0xFE, 0x17, 0x01, 0xE9, 
0xFE, 0x17, 0x01, 0xE9, 0x00, 0x07, 0x00, 0x33, 0x00, 0x00, 0x07, 0x6B, 
0x06, 0x1D, 0x00, 0x0B, 0x00, 0x0F, 0x00, 0x1B, 0x00, 0x1F, 0x00, 0x25, 
0x00, 0x31, 0x00, 0x35, 0x00, 0xAF, 0x40, 0x62, 0x2F, 0x28, 0xC4, 0x37, 
0xFF, 0x31, 0x01, 0x31, 0x94, 0x40, 0x33, 0x80, 0x2E, 0x29, 0xC4, 0x34, 
0x94, 0x2C, 0x1B, 0x21, 0x23, 0x24, 0x20, 0x23, 0x20, 0x23, 0x20, 0x06, 
0x19, 0x12, 0xC4, 0x1B, 0x94, 0x40, 0x1D, 0x80, 0x18, 0x13, 0xC4, 0x1E, 
0x94, 0x16, 0x02, 0x09, 0xC4, 0x0B, 0x94, 0x40, 0x0D, 0x80, 0x03, 0x08, 
0xC4, 0x0E, 0x94, 0x06, 0x26, 0x36, 0x1C, 0x35, 0x9B, 0x29, 0x1D, 0x34, 
0x9B, 0x31, 0x1B, 0x16, 0x2C, 0xC4, 0x19, 0x2E, 0xB6, 0x26, 0x15, 0x10, 
0x2B, 0xC4, 0x21, 0x12, 0x29, 0x08, 0x0B, 0x06, 0xC4, 0x08, 0x00, 0x05, 
0xC4, 0x0F, 0x9B, 0x03, 0xB6, 0x24, 0x0E, 0x9B, 0x08, 0x02, 0x00, 0x3F, 
0xED, 0x33, 0xFD, 0xED, 0xE9, 0x32, 0x10, 0xE9, 0x32, 0x3F, 0x33, 0x33, 
0xE9, 0x32, 0x32, 0x32, 0xFD, 0x32, 0xE9, 0x32, 0x32, 0x32, 0xED, 0x32, 
0x10, 0xED, 0x32, 0x01, 0x10, 0xF6, 0xED, 0xE9, 0x32, 0x1A, 0xDD, 0x1A, 
0xFD, 0xE9, 0x32, 0xDC, 0xED, 0xE9, 0x32, 0x1A, 0xDD, 0x1A, 0xFD, 0xE9, 
0x32, 0x12, 0x39, 0x39, 0x2F, 0x2F, 0x10, 0xCD, 0x10, 0xCD, 0x10, 0xDE, 
0xED, 0xE9, 0x32, 0x1A, 0xDD, 0x1A, 0xFD, 0x5D, 0xC6, 0xE9, 0x32, 0x31, 
0x30, 0x01, 0x14, 0x23, 0x21, 0x22, 0x35, 0x11, 0x34, 0x33, 0x21, 0x32, 
0x15, 0x03, 0x11, 0x23, 0x11, 0x01, 0x14, 0x23, 0x21, 0x22, 0x35, 0x11, 
0x34, 0x33, 0x21, 0x32, 0x15, 0x03, 0x11, 0x23, 0x11, 0x13, 0x01, 0x23, 
0x35, 0x01, 0x33, 0x01, 0x14, 0x23, 0x21, 0x22, 0x35, 0x11, 0x34, 0x33, 
0x21, 0x32, 0x15, 0x03, 0x11, 0x23, 0x11, 0x02, 0x33, 0x79, 0xFE, 0xF2, 
0x79, 0x79, 0x01, 0x0E, 0x79, 0xA8, 0xB2, 0x04, 0x40, 0x79, 0xFE, 0xF2, 
0x79, 0x79, 0x01, 0x0E, 0x79, 0xA8, 0xB2, 0xD0, 0xFC, 0xB8, 0x87, 0x03, 
0x49, 0x86, 0x02, 0xDC, 0x79, 0xFE, 0xF2, 0x79, 0x79, 0x01, 0x0E, 0x79, 
0xA8, 0xB2, 0x03, 0x7A, 0x79, 0x79, 0x02, 0x2A, 0x79, 0x79, 0xFD, 0xEF, 
0x01, 0xF8, 0xFE, 0x08, 0xFC, 0xE6, 0x79, 0x79, 0x02, 0x2A, 0x79, 0x79, 
0xFD, 0xEF, 0x01, 0xF8, 0xFE, 0x08, 0x05, 0x6E, 0xFA, 0x00, 0x1C, 0x06, 
0x01, 0xFA, 0x5C, 0x79, 0x79, 0x02, 0x2A, 0x79, 0x79, 0xFD, 0xEF, 0x01, 
0xF8, 0xFE, 0x08, 0x00, 0xFF, 0xFF, 0x00, 0x25, 0x00, 0x00, 0x03, 0x77, 
0x07, 0x66, 0x02, 0x36, 0x00, 0x24, 0x00, 0x00, 0x01, 0x17, 0x00, 0xD8, 
0x00, 0x2C, 0x02, 0x24, 0x00, 0x10, 0x40, 0x0B, 0x02, 0x08, 0x0D, 0x4F, 
0x02, 0x00, 0x0E, 0x0E, 0x07, 0x08, 0x50, 0x2B, 0x34, 0x2B, 0x00, 0x00, 
0xFF, 0xFF, 0x00, 0x5E, 0x00, 0x00, 0x02, 0xE7, 0x07, 0x6E, 0x02, 0x36, 
0x00, 0x28, 0x00, 0x00, 0x01, 0x17, 0x00, 0xD8, 0x00, 0x01, 0x02, 0x2C, 
0x00, 0x10, 0x40, 0x0B, 0x01, 0x03, 0x0F, 0x4F, 0x01, 0x00, 0x0E, 0x0E, 
0x02, 0x03, 0x50, 0x2B, 0x34, 0x2B, 0x00, 0x00, 0xFF, 0xFF, 0x00, 0x25, 
0x00, 0x00, 0x03, 0x77, 0x07, 0x72, 0x02, 0x36, 0x00, 0x24, 0x00, 0x00, 
0x01, 0x17, 0x00, 0x8D, 0x00, 0xAB, 0x02, 0x2C, 0x00, 0x10, 0x40, 0x0B, 
0x02, 0x07, 0x0D, 0x4F, 0x02, 0x00, 0x0D, 0x0D, 0x07, 0x08, 0x50, 0x2B, 
0x34, 0x2B, 0x00, 0x00, 0xFF, 0xFF, 0x00, 0x5E, 0x00, 0x00, 0x02, 0xE7, 
0x07, 0x38, 0x02, 0x36, 0x00, 0x28, 0x00, 0x00, 0x01, 0x17, 0x00, 0x8E, 
0x00, 0x01, 0x02, 0x2C, 0x00, 0x17, 0x40, 0x10, 0x02, 0x03, 0x10, 0x4F, 
0x01, 0x03, 0x0D, 0x4F, 0x02, 0x01, 0x00, 0x10, 0x0D, 0x02, 0x03, 0x50, 
0x2B, 0x34, 0x34, 0x2B, 0x2B, 0x00, 0x00, 0x00, 0xFF, 0xFF, 0x00, 0x5E, 
0x00, 0x00, 0x02, 0xE7, 0x07, 0x72, 0x02, 0x36, 0x00, 0x28, 0x00, 0x00, 
0x01, 0x17, 0x00, 0x43, 0xFF, 0x97, 0x02, 0x2C, 0x00, 0x10, 0x40, 0x0B, 
0x01, 0x03, 0x0C, 0x4F, 0x01, 0x00, 0x0C, 0x0D, 0x02, 0x03, 0x50, 0x2B, 
0x34, 0x2B, 0x00, 0x00, 0xFF, 0xFF, 0x00, 0x37, 0x00, 0x00, 0x02, 0x02, 
0x07, 0x72, 0x02, 0x36, 0x00, 0x2C, 0x00, 0x00, 0x01, 0x17, 0x00, 0x8D, 
0xFF, 0xA6, 0x02, 0x2C, 0x00, 0x10, 0x40, 0x0B, 0x01, 0x02, 0x06, 0x4F, 
0x01, 0x00, 0x05, 0x05, 0x02, 0x03, 0x50, 0x2B, 0x34, 0x2B, 0x00, 0x00, 
0xFF, 0xFF, 0xFF, 0xBA, 0x00, 0x00, 0x01, 0xF6, 0x07, 0x6C, 0x02, 0x36, 
0x00, 0x2C, 0x00, 0x00, 0x01, 0x17, 0x00, 0xD8, 0xFF, 0x35, 0x02, 0x2A, 
0x00, 0x10, 0x40, 0x0B, 0x01, 0x02, 0x05, 0x4F, 0x01, 0x00, 0x06, 0x06, 
0x02, 0x03, 0x50, 0x2B, 0x34, 0x2B, 0x00, 0x00, 0xFF, 0xFF, 0xFF, 0xD1, 
0x00, 0x00, 0x01, 0xDD, 0x07, 0x38, 0x02, 0x36, 0x00, 0x2C, 0x00, 0x00, 
0x01, 0x17, 0x00, 0x8E, 0xFF, 0x35, 0x02, 0x2C, 0x00, 0x17, 0x40, 0x10, 
0x02, 0x02, 0x09, 0x4F, 0x01, 0x02, 0x05, 0x4F, 0x02, 0x01, 0x00, 0x08, 
0x05, 0x02, 0x03, 0x50, 0x2B, 0x34, 0x34, 0x2B, 0x2B, 0x00, 0x00, 0x00, 
0xFF, 0xFF, 0xFF, 0xAA, 0x00, 0x00, 0x01, 0x75, 0x07, 0x72, 0x02, 0x36, 
0x00, 0x2C, 0x00, 0x00, 0x01, 0x17, 0x00, 0x43, 0xFE, 0xC3, 0x02, 0x2C, 
0x00, 0x10, 0x40, 0x0B, 0x01, 0x02, 0x05, 0x4F, 0x01, 0x00, 0x05, 0x05, 
0x02, 0x03, 0x50, 0x2B, 0x34, 0x2B, 0x00, 0x00, 0xFF, 0xFF, 0x00, 0x5E, 
0x00, 0x00, 0x03, 0x73, 0x07, 0x72, 0x02, 0x36, 0x00, 0x32, 0x00, 0x00, 
0x01, 0x17, 0x00, 0x8D, 0x00, 0xC1, 0x02, 0x2C, 0x00, 0x10, 0x40, 0x0B, 
0x02, 0x08, 0x12, 0x4F, 0x02, 0x00, 0x11, 0x11, 0x06, 0x0B, 0x50, 0x2B, 
0x34, 0x2B, 0x00, 0x00, 0xFF, 0xFF, 0x00, 0x5E, 0x00, 0x00, 0x03, 0x73, 
0x07, 0x6E, 0x02, 0x36, 0x00, 0x32, 0x00, 0x00, 0x01, 0x17, 0x00, 0xD8, 
0x00, 0x45, 0x02, 0x2C, 0x00, 0x10, 0x40, 0x0B, 0x02, 0x08, 0x11, 0x4F, 
0x02, 0x00, 0x12, 0x12, 0x06, 0x0B, 0x50, 0x2B, 0x34, 0x2B, 0x00, 0x00, 
0x00, 0x02, 0x00, 0x80, 0x00, 0x00, 0x03, 0x80, 0x06, 0x61, 0x00, 0x03, 
0x00, 0x07, 0x00, 0x1C, 0x40, 0x0A, 0x05, 0x03, 0x09, 0x04, 0x00, 0x08, 
0x07, 0x01, 0x04, 0x00, 0x00, 0x2F, 0xCD, 0x7D, 0x2F, 0x18, 0xCD, 0x01, 
0x10, 0xDE, 0xCD, 0x10, 0xDE, 0xCD, 0x31, 0x30, 0x33, 0x11, 0x21, 0x11, 
0x25, 0x21, 0x11, 0x21, 0x80, 0x03, 0x00, 0xFD, 0x80, 0x02, 0x00, 0xFE, 
0x00, 0x06, 0x61, 0xF9, 0x9F, 0x80, 0x05, 0x61, 0xFF, 0xFF, 0x00, 0x5E, 
0x00, 0x00, 0x03, 0x73, 0x07, 0x72, 0x02, 0x36, 0x00, 0x32, 0x00, 0x00, 
0x01, 0x17, 0x00, 0x43, 0xFF, 0xCC, 0x02, 0x2C, 0x00, 0x10, 0x40, 0x0B, 
0x02, 0x08, 0x11, 0x4F, 0x02, 0x00, 0x10, 0x10, 0x06, 0x0B, 0x50, 0x2B, 
0x34, 0x2B, 0x00, 0x00, 0xFF, 0xFF, 0x00, 0x5E, 0x00, 0x00, 0x03, 0x6D, 
0x07, 0x72, 0x02, 0x36, 0x00, 0x38, 0x00, 0x00, 0x01, 0x17, 0x00, 0x8D, 
0x00, 0xB8, 0x02, 0x2C, 0x00, 0x10, 0x40, 0x0B, 0x01, 0x07, 0x0E, 0x4F, 
0x01, 0x00, 0x0D, 0x0D, 0x06, 0x0B, 0x50, 0x2B, 0x34, 0x2B, 0x00, 0x00, 
0xFF, 0xFF, 0x00, 0x5E, 0x00, 0x00, 0x03, 0x6D, 0x07, 0x6F, 0x02, 0x36, 
0x00, 0x38, 0x00, 0x00, 0x01, 0x17, 0x00, 0xD8, 0x00, 0x42, 0x02, 0x2D, 
0x00, 0x10, 0x40, 0x0B, 0x01, 0x07, 0x0D, 0x4F, 0x01, 0x00, 0x0E, 0x0E, 
0x06, 0x0B, 0x50, 0x2B, 0x34, 0x2B, 0x00, 0x00, 0xFF, 0xFF, 0x00, 0x5E, 
0x00, 0x00, 0x03, 0x6D, 0x07, 0x72, 0x02, 0x36, 0x00, 0x38, 0x00, 0x00, 
0x01, 0x17, 0x00, 0x43, 0xFF, 0xCB, 0x02, 0x2C, 0x00, 0x10, 0x40, 0x0B, 
0x01, 0x07, 0x0D, 0x4F, 0x01, 0x00, 0x0C, 0x0C, 0x06, 0x0B, 0x50, 0x2B, 
0x34, 0x2B, 0x00, 0x00, 0x00, 0x01, 0x00, 0x58, 0x00, 0x00, 0x01, 0x39, 
0x03, 0xF2, 0x00, 0x03, 0x00, 0x16, 0x40, 0x0A, 0x05, 0x27, 0x00, 0x51, 
0x01, 0x26, 0x02, 0x06, 0x04, 0x01, 0x00, 0x2F, 0x10, 0xEE, 0x01, 0xF6, 
0xFD, 0xE6, 0x31, 0x30, 0x21, 0x23, 0x11, 0x33, 0x01, 0x39, 0xE1, 0xE1, 
0x03, 0xF2, 0x00, 0x00, 0x00, 0x01, 0x00, 0x85, 0x04, 0x35, 0x02, 0xC1, 
0x05, 0x42, 0x00, 0x08, 0x00, 0x38, 0x40, 0x1C, 0x16, 0x02, 0x01, 0x05, 
0x02, 0x01, 0x02, 0x10, 0x04, 0x09, 0x01, 0x08, 0x07, 0x06, 0x02, 0x03, 
0x05, 0x02, 0x0F, 0x07, 0x01, 0x08, 0x07, 0x98, 0x01, 0x03, 0xB5, 0x09, 
0x00, 0x10, 0xF6, 0x32, 0xED, 0x5E, 0x5D, 0x32, 0x01, 0x2F, 0x33, 0x19, 
0xD5, 0x32, 0x32, 0xC5, 0x32, 0x18, 0x10, 0xC6, 0x31, 0x30, 0x00, 0x38, 
0x5D, 0x5D, 0x01, 0x23, 0x27, 0x07, 0x23, 0x35, 0x13, 0x33, 0x13, 0x02, 
0xC1, 0x96, 0x89, 0x89, 0x94, 0xCF, 0x9E, 0xCF, 0x04, 0x35, 0x73, 0x73, 
0x08, 0x01, 0x05, 0xFE, 0xFB, 0x00, 0x00, 0x00, 0x00, 0x01, 0x00, 0x9A, 
0x04, 0x33, 0x02, 0xAA, 0x05, 0x31, 0x00, 0x11, 0x00, 0x45, 0xB4, 0x0F, 
0x40, 0x02, 0xC1, 0x11, 0xB8, 0x01, 0x00, 0x40, 0x19, 0x0B, 0xC1, 0x06, 
0x08, 0x12, 0x0F, 0x10, 0x10, 0x0E, 0x04, 0x02, 0x09, 0xC0, 0x40, 0x0B, 
0x80, 0x06, 0x50, 0x07, 0x07, 0x00, 0xC4, 0x02, 0xB5, 0x12, 0x00, 0x10, 
0xFE, 0xE9, 0x33, 0x2F, 0x1A, 0xCD, 0x1A, 0xDD, 0x1A, 0xED, 0x12, 0x39, 
0x39, 0x33, 0x2F, 0xCD, 0x01, 0x7D, 0x10, 0xD6, 0xCD, 0x7C, 0xE5, 0x1A, 
0xDC, 0xE5, 0x1A, 0x7D, 0xCD, 0x31, 0x30, 0x01, 0x14, 0x23, 0x22, 0x27, 
0x26, 0x27, 0x15, 0x23, 0x35, 0x34, 0x33, 0x32, 0x17, 0x16, 0x17, 0x35, 
0x33, 0x02, 0xAA, 0x5E, 0x34, 0x5B, 0x43, 0x43, 0x9D, 0x5E, 0x36, 0x57, 
0x43, 0x45, 0x9D, 0x04, 0x91, 0x5E, 0x23, 0x1C, 0x1B, 0x58, 0x9E, 0x5E, 
0x22, 0x1C, 0x1C, 0x58, 0x00, 0x01, 0x00, 0x9C, 0x04, 0x48, 0x02, 0xA8, 
0x04, 0xE5, 0x00, 0x03, 0x00, 0x14, 0xB7, 0x05, 0x00, 0x01, 0x04, 0x03, 
0x01, 0xB5, 0x04, 0x00, 0x10, 0xF6, 0xCD, 0x01, 0x10, 0xDE, 0xDD, 0xCE, 
0x31, 0x30, 0x01, 0x21, 0x35, 0x21, 0x02, 0xA8, 0xFD, 0xF4, 0x02, 0x0C, 
0x04, 0x48, 0x9D, 0x00, 0x00, 0x01, 0x00, 0xAE, 0x04, 0x35, 0x02, 0x98, 
0x05, 0x37, 0x00, 0x0B, 0x00, 0x27, 0x40, 0x11, 0x0D, 0x02, 0x0B, 0x09, 
0x07, 0x06, 0x0C, 0x03, 0x05, 0x0A, 0x07, 0x08, 0x05, 0x00, 0x03, 0xB5, 
0x0C, 0x00, 0x10, 0xF6, 0xC9, 0xC9, 0xDD, 0xCD, 0x32, 0x01, 0x2F, 0xC9, 
0x10, 0xDE, 0xDD, 0xDE, 0xDD, 0xC9, 0xCE, 0x31, 0x30, 0x01, 0x14, 0x2B, 
0x01, 0x22, 0x3D, 0x01, 0x33, 0x15, 0x33, 0x35, 0x33, 0x02, 0x98, 0x79, 
0xF8, 0x79, 0xA6, 0x9E, 0xA6, 0x04, 0xAE, 0x79, 0x79, 0x89, 0x74, 0x74, 
0x00, 0x01, 0x01, 0x33, 0x04, 0x35, 0x02, 0x12, 0x05, 0x14, 0x00, 0x03, 
0x00, 0x14, 0xB5, 0x00, 0x01, 0x04, 0x02, 0x01, 0x04, 0x00, 0x10, 0xDE, 
0x7C, 0xCD, 0x01, 0x18, 0x10, 0xDE, 0x7C, 0xCD, 0x31, 0x30, 0x01, 0x23, 
0x35, 0x33, 0x02, 0x12, 0xDF, 0xDF, 0x04, 0x35, 0xDF, 0x00, 0x00, 0x00, 
0x00, 0x02, 0x00, 0xBE, 0x04, 0x35, 0x02, 0x87, 0x05, 0xCF, 0x00, 0x0B, 
0x00, 0x0F, 0x00, 0x53, 0xB9, 0x00, 0x0A, 0xFF, 0xE0, 0xB4, 0x07, 0x20, 
0x04, 0x20, 0x01, 0xBC, 0xFF, 0xE0, 0x00, 0x0A, 0xFF, 0xE0, 0x00, 0x07, 
0xFF, 0xE0, 0x40, 0x19, 0x04, 0x20, 0x01, 0x20, 0x09, 0x02, 0x00, 0x40, 
0x0C, 0x80, 0x08, 0x03, 0x0F, 0x05, 0x10, 0x0B, 0x06, 0x08, 0x0E, 0x0F, 
0x00, 0x05, 0x03, 0xB5, 0x10, 0x00, 0x10, 0xF6, 0xC1, 0x32, 0xDD, 0xDE, 
0xDD, 0xC1, 0x32, 0x01, 0x10, 0xDE, 0xCD, 0xC1, 0x32, 0x1A, 0xDD, 0x1A, 
0xDD, 0xC1, 0x32, 0x31, 0x30, 0x00, 0x38, 0x38, 0x38, 0x38, 0x01, 0x38, 
0x38, 0x38, 0x38, 0x01, 0x14, 0x2B, 0x01, 0x22, 0x3D, 0x01, 0x34, 0x3B, 
0x01, 0x32, 0x15, 0x07, 0x35, 0x23, 0x15, 0x02, 0x87, 0x6A, 0xF6, 0x69, 
0x69, 0xF6, 0x6A, 0x9B, 0x93, 0x04, 0x9E, 0x69, 0x69, 0xC8, 0x69, 0x69, 
0xB0, 0x98, 0x98, 0x00, 0x00, 0x01, 0x00, 0xC3, 0xFE, 0x7D, 0x02, 0x7D, 
0x00, 0x14, 0x00, 0x15, 0x00, 0x36, 0x40, 0x16, 0x10, 0x0F, 0x0F, 0x06, 
0x02, 0x00, 0x07, 0x0A, 0x03, 0x06, 0x16, 0x00, 0x05, 0x08, 0x03, 0x07, 
0x07, 0x03, 0x16, 0x15, 0x0E, 0x0F, 0x00, 0x2F, 0x33, 0x33, 0x10, 0xCC, 
0x32, 0x7C, 0x2F, 0x18, 0x10, 0xCD, 0xC9, 0x32, 0x01, 0x7D, 0x10, 0xDE, 
0xC9, 0x18, 0xDC, 0xCE, 0xDD, 0xC9, 0x12, 0x39, 0x2F, 0xCD, 0x31, 0x30, 
0x01, 0x14, 0x2B, 0x01, 0x22, 0x3D, 0x01, 0x33, 0x15, 0x33, 0x35, 0x26, 
0x27, 0x26, 0x3D, 0x01, 0x33, 0x15, 0x16, 0x17, 0x16, 0x15, 0x02, 0x7D, 
0x60, 0xFA, 0x60, 0x9B, 0x83, 0x32, 0x33, 0x2C, 0x97, 0x34, 0x34, 0x2E, 
0xFE, 0xDD, 0x60, 0x60, 0x6D, 0x54, 0x54, 0x16, 0x16, 0x1C, 0x3D, 0x45, 
0x3D, 0x19, 0x1A, 0x1F, 0x3D, 0x00, 0x00, 0x00, 0x00, 0x02, 0x00, 0x3B, 
0x04, 0x35, 0x03, 0x10, 0x05, 0x3F, 0x00, 0x05, 0x00, 0x0B, 0x00, 0x2A, 
0x40, 0x14, 0x07, 0x09, 0xC8, 0x0B, 0x0B, 0x05, 0x01, 0x02, 0xC8, 0x05, 
0x0D, 0x04, 0x0A, 0x98, 0x07, 0x02, 0x02, 0x07, 0xB5, 0x0C, 0x00, 0x10, 
0xE6, 0x32, 0x2F, 0x10, 0xED, 0x32, 0x01, 0x10, 0xDE, 0xFD, 0xCD, 0x11, 
0x33, 0x2F, 0xFD, 0xCD, 0x31, 0x30, 0x09, 0x01, 0x23, 0x35, 0x13, 0x33, 
0x05, 0x01, 0x23, 0x35, 0x13, 0x33, 0x03, 0x10, 0xFE, 0xF2, 0x8D, 0x9F, 
0xFC, 0xFE, 0xC7, 0xFE, 0xF2, 0x8E, 0xA0, 0xFC, 0x05, 0x39, 0xFE, 0xFC, 
0x08, 0x01, 0x02, 0x06, 0xFE, 0xFC, 0x08, 0x01, 0x02, 0x00, 0x00, 0x00, 
0x00, 0x01, 0x00, 0xBE, 0xFE, 0x7D, 0x02, 0x75, 0x00, 0x14, 0x00, 0x0C, 
0x00, 0x26, 0x40, 0x10, 0x07, 0x08, 0x0D, 0x0A, 0x00, 0x04, 0x0D, 0x0A, 
0x04, 0x07, 0x07, 0x0D, 0x0B, 0x03, 0x01, 0x0D, 0x00, 0x10, 0xDC, 0xC9, 
0xCD, 0x11, 0x33, 0x2F, 0x33, 0x33, 0x01, 0x10, 0xDE, 0xCD, 0xCD, 0x10, 
0xDC, 0xCD, 0x31, 0x30, 0x01, 0x21, 0x22, 0x3D, 0x01, 0x34, 0x3F, 0x01, 
0x33, 0x15, 0x07, 0x15, 0x21, 0x02, 0x75, 0xFE, 0xAA, 0x61, 0x2E, 0x6C, 
0xCB, 0xB6, 0x01, 0x08, 0xFE, 0x7D, 0x60, 0x6B, 0x3B, 0x2B, 0x66, 0x0A, 
0xB0, 0x58, 0x00, 0x00, 0x00, 0x01, 0x00, 0x85, 0x04, 0x35, 0x02, 0xC1, 
0x05, 0x42, 0x00, 0x08, 0x00, 0x35, 0x40, 0x1E, 0x05, 0x03, 0x07, 0x00, 
0x02, 0x01, 0x20, 0x06, 0x30, 0x06, 0x70, 0x06, 0x80, 0x06, 0x90, 0x06, 
0x05, 0x06, 0x09, 0x07, 0x0F, 0x05, 0x01, 0x08, 0x05, 0x98, 0x06, 0x02, 
0xB5, 0x09, 0x00, 0x10, 0xF6, 0x32, 0xED, 0x5E, 0x5D, 0x32, 0x01, 0x19, 
0x10, 0xDC, 0x5D, 0x32, 0x32, 0xCD, 0x32, 0xCD, 0x32, 0x31, 0x30, 0x01, 
0x03, 0x23, 0x03, 0x35, 0x33, 0x17, 0x37, 0x33, 0x02, 0xC1, 0xCF, 0x9E, 
0xCF, 0x94, 0x89, 0x89, 0x96, 0x05, 0x39, 0xFE, 0xFC, 0x01, 0x04, 0x09, 
0x73, 0x73, 0x00, 0x00, 0xFF, 0xFF, 0x00, 0x06, 0x00, 0x00, 0x02, 0xC5, 
0x06, 0x1D, 0x02, 0x36, 0x00, 0x2F, 0x00, 0x00, 0x01, 0x16, 0x00, 0xF8, 
0x00, 0x00, 0x00, 0x0A, 0xB6, 0x01, 0x00, 0x08, 0x06, 0x02, 0x03, 0x50, 
0x2B, 0x34, 0x00, 0x00, 0xFF, 0xFF, 0x00, 0x17, 0x00, 0x00, 0x01, 0x86, 
0x06, 0x1D, 0x02, 0x36, 0x00, 0x4F, 0x00, 0x00, 0x01, 0x16, 0x00, 0xF9, 
0x13, 0x00, 0x00, 0x0A, 0xB6, 0x01, 0x00, 0x04, 0x05, 0x02, 0x03, 0x50, 
0x2B, 0x34, 0x00, 0x00, 0xFF, 0xFF, 0x00, 0x5A, 0x00, 0x00, 0x03, 0x4C, 
0x07, 0x65, 0x02, 0x36, 0x00, 0x36, 0x00, 0x00, 0x01, 0x17, 0x00, 0xE1, 
0x00, 0x31, 0x02, 0x23, 0x00, 0x10, 0x40, 0x0B, 0x01, 0x10, 0x1D, 0x4F, 
0x01, 0x00, 0x22, 0x22, 0x0E, 0x13, 0x50, 0x2B, 0x34, 0x2B, 0x00, 0x00, 
0xFF, 0xFF, 0x00, 0x4E, 0x00, 0x00, 0x02, 0xCD, 0x05, 0x42, 0x02, 0x36, 
0x00, 0x56, 0x00, 0x00, 0x01, 0x16, 0x00, 0xE1, 0xE9, 0x00, 0x00, 0x10, 
0x40, 0x0B, 0x01, 0x10, 0x1D, 0x4F, 0x01, 0x00, 0x22, 0x22, 0x0E, 0x13, 
0x50, 0x2B, 0x34, 0x2B, 0xFF, 0xFF, 0x00, 0x27, 0x00, 0x00, 0x02, 0xF6, 
0x07, 0x5F, 0x02, 0x36, 0x00, 0x3D, 0x00, 0x00, 0x01, 0x17, 0x00, 0xE1, 
0xFF, 0xFF, 0x02, 0x1D, 0x00, 0x10, 0x40, 0x0B, 0x01, 0x05, 0x0C, 0x4F, 
0x01, 0x00, 0x10, 0x10, 0x05, 0x06, 0x50, 0x2B, 0x34, 0x2B, 0x00, 0x00, 
0xFF, 0xFF, 0x00, 0x2D, 0x00, 0x00, 0x02, 0x8D, 0x05, 0x42, 0x02, 0x36, 
0x00, 0x5D, 0x00, 0x00, 0x01, 0x16, 0x00, 0xE1, 0xCC, 0x00, 0x00, 0x10, 
0x40, 0x0B, 0x01, 0x05, 0x0C, 0x4F, 0x01, 0x00, 0x10, 0x10, 0x05, 0x06, 
0x50, 0x2B, 0x34, 0x2B, 0x00, 0x02, 0x00, 0x81, 0xFE, 0x67, 0x01, 0x0C, 
0x06, 0x66, 0x00, 0x03, 0x00, 0x07, 0x00, 0x24, 0x40, 0x0F, 0x01, 0x06, 
0x00, 0x07, 0x08, 0x01, 0x06, 0x06, 0x01, 0x02, 0x05, 0x13, 0x02, 0x02, 
0x08, 0x00, 0x10, 0xEE, 0xEE, 0x11, 0x39, 0x39, 0x2F, 0x7C, 0x2F, 0x01, 
0x10, 0xDC, 0x32, 0x18, 0xCD, 0x32, 0x31, 0x30, 0x01, 0x23, 0x11, 0x33, 
0x11, 0x23, 0x11, 0x33, 0x01, 0x0C, 0x8B, 0x8B, 0x8B, 0x8B, 0x03, 0x2B, 
0x03, 0x3B, 0xF8, 0x01, 0x03, 0x3A, 0x00, 0x00, 0xFF, 0xFF, 0x00, 0x1A, 
0x00, 0x00, 0x03, 0x6A, 0x06, 0x1D, 0x02, 0x36, 0x00, 0x27, 0x00, 0x00, 
0x01, 0x06, 0x00, 0xF7, 0xEE, 0x00, 0x00, 0x0A, 0xB6, 0x02, 0x00, 0x14, 
0x15, 0x05, 0x0E, 0x50, 0x2B, 0x34, 0x00, 0x00, 0x00, 0x02, 0x00, 0x56, 
0x00, 0x00, 0x02, 0xFA, 0x06, 0x1D, 0x00, 0x1F, 0x00, 0x23, 0x00, 0x9B, 
0xB4, 0x0A, 0x10, 0x07, 0x10, 0x0A, 0xB8, 0xFF, 0xE8, 0x40, 0x49, 0x07, 
0x18, 0x11, 0x0F, 0x0D, 0x20, 0x51, 0x02, 0x05, 0x1A, 0xC4, 0x1E, 0x1E, 
0x25, 0x27, 0x1F, 0x02, 0x23, 0x14, 0x14, 0x23, 0x51, 0x08, 0x0B, 0x06, 
0x19, 0xC4, 0x15, 0x15, 0x08, 0x26, 0x24, 0x1C, 0x16, 0xC4, 0x19, 0x0D, 
0x01, 0x0F, 0x00, 0x1F, 0x1E, 0x11, 0x1F, 0x10, 0x0F, 0x15, 0x15, 0x0F, 
0x22, 0x57, 0x09, 0xC4, 0x0B, 0x0F, 0x0B, 0x1F, 0x0B, 0x0F, 0x1F, 0x03, 
0x06, 0x12, 0x57, 0x19, 0x02, 0x24, 0x02, 0x08, 0xC4, 0x23, 0x57, 0x06, 
0x00, 0x2F, 0xED, 0xE1, 0x32, 0x10, 0xFC, 0xED, 0x12, 0x17, 0x39, 0x2F, 
0x7D, 0x2F, 0x7C, 0x2F, 0x18, 0x10, 0xE5, 0xED, 0x11, 0x33, 0x2F, 0x10, 
0xC1, 0x11, 0x39, 0x39, 0x10, 0xC1, 0x11, 0x39, 0x39, 0x10, 0xE1, 0x32, 
0x01, 0x10, 0xE6, 0x32, 0x2F, 0xED, 0x32, 0x32, 0x10, 0xED, 0x32, 0x2F, 
0x7C, 0x10, 0xDD, 0x18, 0xCC, 0xE6, 0x33, 0x2F, 0xED, 0x32, 0x10, 0xFD, 
0x32, 0xCC, 0x33, 0x31, 0x30, 0x00, 0x38, 0x38, 0x01, 0x38, 0x38, 0x01, 
0x07, 0x11, 0x14, 0x06, 0x23, 0x21, 0x22, 0x35, 0x11, 0x34, 0x3B, 0x01, 
0x35, 0x07, 0x23, 0x35, 0x37, 0x35, 0x23, 0x15, 0x23, 0x35, 0x34, 0x36, 
0x33, 0x21, 0x32, 0x17, 0x16, 0x15, 0x37, 0x01, 0x11, 0x23, 0x11, 0x02, 
0xFA, 0x75, 0x45, 0x36, 0xFE, 0xC7, 0x7B, 0x81, 0xE5, 0x8F, 0x35, 0xC4, 
0xA3, 0xAC, 0x48, 0x32, 0x01, 0x23, 0x52, 0x1A, 0x0F, 0x75, 0xFE, 0xC9, 
0xAA, 0x04, 0xE1, 0x35, 0xFB, 0xD3, 0x37, 0x48, 0x7F, 0x02, 0xCF, 0x7F, 
0x83, 0x42, 0x8C, 0x58, 0x8D, 0x6F, 0x8E, 0x32, 0x4D, 0x48, 0x28, 0x5F, 
0x35, 0xFB, 0x27, 0x02, 0x7D, 0xFD, 0x83, 0x00, 0xFF, 0xFF, 0x00, 0x1A, 
0x00, 0x00, 0x03, 0x71, 0x07, 0x72, 0x02, 0x36, 0x00, 0x3C, 0x00, 0x00, 
0x01, 0x17, 0x00, 0x8D, 0x00, 0xB3, 0x02, 0x2C, 0x00, 0x10, 0x40, 0x0B, 
0x01, 0x10, 0x14, 0x4F, 0x01, 0x00, 0x14, 0x15, 0x0B, 0x00, 0x50, 0x2B, 
0x34, 0x2B, 0x00, 0x00, 0xFF, 0xFF, 0x00, 0x1F, 0xFE, 0x8F, 0x02, 0xFE, 
0x05, 0x46, 0x02, 0x36, 0x00, 0x5C, 0x00, 0x00, 0x01, 0x16, 0x00, 0x8D, 
0x7B, 0x00, 0x00, 0x10, 0x40, 0x0B, 0x01, 0x06, 0x0A, 0x4F, 0x01, 0x00, 
0x0A, 0x0A, 0x05, 0x00, 0x50, 0x2B, 0x34, 0x2B, 0x00, 0x02, 0x00, 0x6D, 
0x00, 0x00, 0x02, 0xF0, 0x06, 0x1D, 0x00, 0x0B, 0x00, 0x0F, 0x00, 0x55, 
0xBD, 0x00, 0x0A, 0xFF, 0xF0, 0x00, 0x01, 0xFF, 0xF0, 0x00, 0x0A, 0xFF, 
0xF0, 0x40, 0x24, 0x01, 0x10, 0x09, 0x02, 0xC0, 0x11, 0x25, 0x00, 0x44, 
0x0C, 0x0F, 0x08, 0x03, 0x44, 0x06, 0x24, 0x07, 0x02, 0x10, 0x0D, 0x57, 
0x0B, 0xC0, 0x09, 0x0C, 0x57, 0x00, 0xC0, 0x02, 0x09, 0x02, 0x09, 0x02, 
0x05, 0x06, 0x05, 0x00, 0x2F, 0x2F, 0x12, 0x39, 0x39, 0x2F, 0x2F, 0x10, 
0xE1, 0xED, 0x10, 0xE1, 0xED, 0x10, 0xEC, 0x01, 0xF6, 0xFD, 0x32, 0x32, 
0xDD, 0xFD, 0xE6, 0xE1, 0x32, 0x31, 0x30, 0x00, 0x38, 0x38, 0x01, 0x38, 
0x38, 0x01, 0x14, 0x23, 0x21, 0x15, 0x23, 0x11, 0x33, 0x11, 0x21, 0x32, 
0x15, 0x03, 0x11, 0x23, 0x11, 0x02, 0xF0, 0x8A, 0xFE, 0xCF, 0xC8, 0xC8, 
0x01, 0x27, 0x94, 0xC9, 0xF2, 0x01, 0x83, 0x85, 0xFE, 0x06, 0x1D, 0xFE, 
0xA4, 0x84, 0xFD, 0x6B, 0x02, 0x6F, 0xFD, 0x91, 0x00, 0x02, 0x00, 0x5A, 
0xFE, 0x66, 0x02, 0x89, 0x06, 0x1D, 0x00, 0x0D, 0x00, 0x13, 0x00, 0x56, 
0xBD, 0x00, 0x0C, 0xFF, 0xF0, 0x00, 0x01, 0xFF, 0xF0, 0x00, 0x0C, 0xFF, 
0xF0, 0x40, 0x25, 0x02, 0x10, 0x03, 0x0B, 0xC4, 0x15, 0x27, 0x0D, 0x51, 
0x0F, 0x09, 0x04, 0x11, 0x51, 0x06, 0x26, 0x14, 0x10, 0x57, 0x09, 0x0F, 
0x57, 0x0D, 0xC4, 0x0A, 0x06, 0x07, 0x02, 0x06, 0x13, 0x14, 0x11, 0x57, 
0x04, 0x00, 0xC4, 0x03, 0x00, 0x2F, 0xED, 0x2F, 0xED, 0x10, 0xEE, 0xEE, 
0xFC, 0xE0, 0xEC, 0xD6, 0xED, 0x01, 0x10, 0xF6, 0xFD, 0x32, 0x32, 0x7D, 
0xDE, 0x18, 0xFD, 0xE6, 0xE4, 0x32, 0x31, 0x30, 0x00, 0x38, 0x38, 0x01, 
0x38, 0x38, 0x25, 0x14, 0x06, 0x2B, 0x01, 0x11, 0x23, 0x11, 0x33, 0x11, 
0x36, 0x31, 0x32, 0x15, 0x03, 0x11, 0x23, 0x11, 0x33, 0x32, 0x02, 0x89, 
0x77, 0x64, 0x91, 0xC3, 0xC3, 0xC4, 0xA8, 0xC2, 0xAA, 0x39, 0x71, 0xE1, 
0x64, 0x7D, 0xFE, 0x66, 0x07, 0xB7, 0xFD, 0x9B, 0x21, 0xA6, 0xFD, 0xE8, 
0x02, 0x06, 0xFD, 0x7D, 0x00, 0x01, 0x00, 0x77, 0x02, 0x59, 0x03, 0x37, 
0x03, 0x03, 0x00, 0x03, 0x00, 0x14, 0xB6, 0x00, 0x01, 0x04, 0x02, 0x48, 
0x01, 0x04, 0x00, 0x7C, 0x10, 0xDE, 0x18, 0xED, 0x01, 0x10, 0xD6, 0xC5, 
0x31, 0x30, 0x01, 0x21, 0x35, 0x21, 0x03, 0x37, 0xFD, 0x40, 0x02, 0xC0, 
0x02, 0x59, 0xAA, 0x00, 0x00, 0x01, 0x00, 0x86, 0x01, 0x57, 0x03, 0x27, 
0x03, 0xF7, 0x00, 0x0B, 0x00, 0x3F, 0x40, 0x1C, 0x09, 0x05, 0x08, 0x06, 
0x04, 0x0B, 0x03, 0x00, 0x02, 0x0A, 0x07, 0x01, 0x04, 0x0C, 0x00, 0x08, 
0x0B, 0x09, 0x07, 0x02, 0x06, 0x03, 0x05, 0x0A, 0x04, 0x01, 0x07, 0x0C, 
0x00, 0x19, 0x10, 0xD4, 0x32, 0x32, 0x32, 0xD5, 0x32, 0xC5, 0x32, 0x10, 
0xD5, 0x32, 0xC5, 0x32, 0x01, 0x10, 0xD6, 0x32, 0x32, 0x32, 0xD5, 0x32, 
0xC5, 0x32, 0x10, 0xD5, 0x32, 0xC5, 0x32, 0x31, 0x30, 0x01, 0x07, 0x17, 
0x07, 0x27, 0x07, 0x27, 0x37, 0x27, 0x37, 0x17, 0x37, 0x03, 0x27, 0xCD, 
0xCC, 0x84, 0xCC, 0xCC, 0x84, 0xCD, 0xCC, 0x84, 0xCC, 0xCC, 0x03, 0x73, 
0xCC, 0xCC, 0x84, 0xCD, 0xCD, 0x83, 0xCD, 0xCC, 0x83, 0xCC, 0xCD, 0x00, 
0x00, 0x01, 0x00, 0x48, 0x03, 0x01, 0x01, 0x29, 0x06, 0x1D, 0x00, 0x05, 
0x00, 0x1D, 0x40, 0x0C, 0x04, 0x00, 0x95, 0x03, 0x02, 0x06, 0x02, 0x00, 
0xB6, 0x04, 0x02, 0x06, 0x00, 0x10, 0xFC, 0xFD, 0x7C, 0xCD, 0x01, 0x18, 
0x10, 0xD6, 0xCD, 0xED, 0x39, 0x31, 0x30, 0x01, 0x23, 0x11, 0x23, 0x13, 
0x33, 0x01, 0x29, 0xAD, 0x34, 0x5A, 0x87, 0x03, 0x01, 0x01, 0xA8, 0x01, 
0x74, 0x00, 0x00, 0x00, 0x00, 0x01, 0x00, 0x3C, 0x03, 0x01, 0x02, 0x32, 
0x06, 0x1D, 0x00, 0x14, 0x00, 0x5C, 0x40, 0x2F, 0x12, 0x13, 0x95, 0x02, 
0x02, 0x03, 0x16, 0x27, 0x0F, 0x14, 0x14, 0x0C, 0xC4, 0x0F, 0x95, 0x03, 
0x06, 0x95, 0x0B, 0xC4, 0x08, 0x02, 0x02, 0x08, 0x26, 0x15, 0x0F, 0x06, 
0x06, 0x13, 0x08, 0xC4, 0x0B, 0x12, 0x10, 0x10, 0x13, 0x95, 0x03, 0x02, 
0x01, 0xB6, 0x04, 0xC2, 0x0B, 0x02, 0x15, 0x00, 0x10, 0xFC, 0xED, 0xFC, 
0xCD, 0x32, 0xED, 0x32, 0x11, 0x33, 0x10, 0xE1, 0x11, 0x39, 0x7C, 0x2F, 
0x32, 0x01, 0x18, 0x10, 0xE6, 0x32, 0x2F, 0x10, 0xE1, 0xFD, 0x7D, 0xDE, 
0x18, 0xFD, 0xE1, 0x33, 0x2F, 0x10, 0xE6, 0x07, 0x10, 0xFD, 0x04, 0xC0, 
0x31, 0x30, 0x01, 0x21, 0x35, 0x01, 0x35, 0x23, 0x15, 0x23, 0x35, 0x34, 
0x36, 0x3B, 0x01, 0x32, 0x16, 0x1D, 0x01, 0x14, 0x07, 0x03, 0x21, 0x02, 
0x32, 0xFE, 0x0A, 0x01, 0x55, 0xAA, 0xA0, 0x46, 0x35, 0xEE, 0x38, 0x49, 
0x25, 0xED, 0x01, 0x13, 0x03, 0x01, 0x58, 0x01, 0xA7, 0x8C, 0xA1, 0xAF, 
0x35, 0x4E, 0x4A, 0x39, 0x62, 0x5D, 0x2C, 0xFE, 0xE5, 0x00, 0x00, 0x00, 
0x00, 0x01, 0x00, 0x41, 0x03, 0x01, 0x02, 0x3B, 0x06, 0x1D, 0x00, 0x21, 
0x00, 0x9D, 0x40, 0x5A, 0x67, 0x17, 0x77, 0x17, 0x02, 0x46, 0x17, 0x56, 
0x17, 0x02, 0xA6, 0x0E, 0x01, 0x97, 0x0E, 0x01, 0x99, 0x0B, 0xA9, 0x0B, 
0x02, 0x88, 0x0B, 0x01, 0x59, 0x05, 0x79, 0x05, 0x02, 0x1D, 0x18, 0x0D, 
0x0D, 0x00, 0x12, 0x12, 0x06, 0x18, 0x18, 0x16, 0x03, 0x94, 0x23, 0x27, 
0x00, 0x95, 0x0A, 0x0F, 0x0F, 0x0A, 0x09, 0x11, 0x11, 0x09, 0x95, 0x15, 
0x04, 0xC4, 0x06, 0x26, 0x22, 0x18, 0x13, 0xC4, 0x15, 0x12, 0x0D, 0x0D, 
0x1D, 0x07, 0x0C, 0x0C, 0x0E, 0x0B, 0x1D, 0x1D, 0x0A, 0x0F, 0xC2, 0x15, 
0x0A, 0xC2, 0x00, 0x06, 0xC4, 0x04, 0xB6, 0x15, 0x02, 0x22, 0x00, 0x10, 
0xFC, 0xFC, 0xE1, 0x32, 0xED, 0x10, 0xED, 0x11, 0x39, 0x19, 0x2F, 0x33, 
0x33, 0x33, 0x18, 0x2F, 0xCE, 0x11, 0x33, 0x2F, 0xCE, 0x10, 0xE1, 0x32, 
0x01, 0x10, 0xF6, 0xE9, 0x32, 0xE5, 0x32, 0x7D, 0x2F, 0x18, 0x10, 0xC6, 
0x32, 0x2F, 0x10, 0xF5, 0xE6, 0xE9, 0x32, 0x33, 0x2F, 0x11, 0x33, 0x2F, 
0x12, 0x39, 0x2F, 0x12, 0x39, 0x31, 0x30, 0x00, 0x5D, 0x5D, 0x5D, 0x5D, 
0x5D, 0x5D, 0x5D, 0x01, 0x14, 0x06, 0x23, 0x21, 0x22, 0x3D, 0x01, 0x33, 
0x15, 0x33, 0x35, 0x27, 0x35, 0x37, 0x35, 0x23, 0x15, 0x23, 0x35, 0x34, 
0x3B, 0x01, 0x32, 0x1D, 0x01, 0x14, 0x07, 0x06, 0x07, 0x16, 0x17, 0x16, 
0x15, 0x02, 0x3B, 0x3B, 0x2F, 0xFE, 0xE7, 0x77, 0x9F, 0xBC, 0xAE, 0x9F, 
0xA8, 0x9F, 0x7F, 0xF6, 0x72, 0x2E, 0x2E, 0x2E, 0x60, 0x0B, 0x2D, 0x03, 
0x78, 0x30, 0x47, 0x79, 0x96, 0x84, 0x78, 0x71, 0x43, 0x68, 0x72, 0x7A, 
0x84, 0x81, 0x6F, 0x7F, 0x36, 0x26, 0x1F, 0x1E, 0x3D, 0x09, 0x2A, 0x45, 
0xFF, 0xFF, 0x00, 0x29, 0x00, 0x00, 0x04, 0x87, 0x06, 0x1D, 0x00, 0x36, 
0x00, 0xF1, 0x06, 0x00, 0x00, 0x37, 0x00, 0xBC, 0x01, 0x6F, 0x00, 0x00, 
0x00, 0x17, 0x00, 0xF2, 0x02, 0x55, 0xFC, 0xFF, 0xFF, 0xFF, 0x00, 0x1D, 
0x00, 0x00, 0x04, 0x6F, 0x06, 0x1D, 0x00, 0x36, 0x00, 0xF1, 0x03, 0x00, 
0x00, 0x37, 0x00, 0xBC, 0x01, 0x63, 0x00, 0x00, 0x00, 0x17, 0x01, 0x23, 
0x02, 0x2E, 0x00, 0x00, 0xFF, 0xFF, 0x00, 0x16, 0xFF, 0xF3, 0x05, 0x04, 
0x06, 0x1D, 0x00, 0x37, 0x00, 0xBC, 0x02, 0x0F, 0xFF, 0xF3, 0x00, 0x36, 
0x00, 0xF3, 0xD5, 0x00, 0x00, 0x17, 0x01, 0x23, 0x02, 0xC3, 0x00, 0x00, 
0x00, 0x01, 0x00, 0x2C, 0x02, 0xB9, 0x01, 0xB0, 0x03, 0x6A, 0x00, 0x03, 
0x00, 0x1F, 0x40, 0x0F, 0x3F, 0x00, 0x4F, 0x00, 0x02, 0x00, 0x01, 0x04, 
0x02, 0x48, 0x20, 0x01, 0x01, 0x01, 0x04, 0x00, 0x10, 0xD6, 0x5D, 0xED, 
0x01, 0x7D, 0x10, 0xD6, 0x7C, 0xCD, 0x5D, 0x31, 0x30, 0x01, 0x21, 0x35, 
0x21, 0x01, 0xB0, 0xFE, 0x7C, 0x01, 0x84, 0x02, 0xB9, 0xB1, 0x00, 0x00, 
0x00, 0x01, 0x00, 0x06, 0x01, 0xF2, 0x02, 0x1B, 0x03, 0xF2, 0x00, 0x03, 
0x00, 0x0D, 0xB3, 0x03, 0x01, 0x03, 0x01, 0x00, 0x2F, 0x2F, 0x01, 0x2F, 
0x2F, 0x31, 0x30, 0x09, 0x01, 0x35, 0x01, 0x02, 0x1B, 0xFD, 0xEB, 0x02, 
0x15, 0x03, 0x36, 0xFE, 0xBC, 0xBC, 0x01, 0x44, 0x00, 0x01, 0x00, 0x04, 
0x02, 0x10, 0x01, 0x73, 0x03, 0x9B, 0x00, 0x03, 0x00, 0x0E, 0xB3, 0x03, 
0x01, 0x03, 0x01, 0x00, 0x2F, 0x2F, 0x01, 0x2F, 0x7C, 0x2F, 0x31, 0x30, 
0x01, 0x05, 0x35, 0x25, 0x01, 0x73, 0xFE, 0x91, 0x01, 0x6F, 0x02, 0xE9, 
0xD9, 0xB2, 0xD9, 0x00, 0x00, 0x01, 0x00, 0x08, 0x00, 0x00, 0x03, 0x73, 
0x06, 0x1D, 0x00, 0x03, 0x00, 0x0E, 0xB3, 0x03, 0x01, 0x03, 0x01, 0x00, 
0x2F, 0x2F, 0x01, 0x19, 0x2F, 0x2F, 0x31, 0x30, 0x09, 0x01, 0x35, 0x01, 
0x03, 0x73, 0xFC, 0x95, 0x03, 0x6B, 0x05, 0x46, 0xFA, 0xBA, 0xD7, 0x05, 
0x46, 0x00, 0x00, 0x00, 0x00, 0x01, 0x00, 0x12, 0x00, 0x00, 0x02, 0xC7, 
0x03, 0xCF, 0x00, 0x03, 0x00, 0x0E, 0xB3, 0x03, 0x01, 0x03, 0x01, 0x00, 
0x2F, 0x2F, 0x01, 0x19, 0x2F, 0x2F, 0x31, 0x30, 0x09, 0x01, 0x35, 0x01, 
0x02, 0xC7, 0xFD, 0x4B, 0x02, 0xB5, 0x03, 0x3F, 0xFC, 0xC1, 0x9A, 0x03, 
0x35, 0x00, 0x00, 0x00, 0x00, 0x01, 0x00, 0x19, 0x03, 0x01, 0x02, 0x41, 
0x06, 0x1D, 0x00, 0x0E, 0x00, 0x4A, 0x40, 0x24, 0x07, 0xC3, 0x08, 0x08, 
0x01, 0x06, 0x10, 0x00, 0x01, 0x0D, 0x0D, 0x01, 0x95, 0x04, 0x0A, 0x0A, 
0x04, 0x09, 0xC3, 0x06, 0x0F, 0x06, 0x0A, 0x0A, 0x05, 0x01, 0xC2, 0x0D, 
0x0B, 0x0D, 0x0B, 0x03, 0xB6, 0x07, 0x02, 0x0F, 0x00, 0x10, 0xFC, 0xEC, 
0x39, 0x39, 0x2F, 0x2F, 0xED, 0x32, 0x33, 0x11, 0x33, 0x01, 0x10, 0xD6, 
0xFD, 0xC5, 0x32, 0x2F, 0x10, 0xED, 0x32, 0x2F, 0x7D, 0x10, 0xDD, 0x18, 
0xC6, 0x11, 0x12, 0x39, 0x2F, 0xED, 0x31, 0x30, 0x01, 0x23, 0x15, 0x23, 
0x35, 0x21, 0x35, 0x13, 0x33, 0x03, 0x33, 0x35, 0x33, 0x15, 0x33, 0x02, 
0x41, 0x47, 0x9E, 0xFE, 0xBD, 0xC1, 0xA3, 0xB7, 0x96, 0x9E, 0x47, 0x03, 
0xAA, 0xA9, 0xA9, 0x77, 0x01, 0xFC, 0xFE, 0x1C, 0xC0, 0xC0, 0x00, 0x00, 
0x00, 0x01, 0x00, 0x1B, 0x00, 0x00, 0x03, 0xEC, 0x06, 0x1D, 0x00, 0x1B, 
0x00, 0x6A, 0xB4, 0x19, 0x10, 0x11, 0x10, 0x19, 0xBA, 0xFF, 0xF0, 0x00, 
0x11, 0xFF, 0xF0, 0x40, 0x2E, 0x00, 0x00, 0x03, 0x1D, 0x02, 0x05, 0x51, 
0x1A, 0xC4, 0x08, 0x17, 0x14, 0x14, 0x08, 0xC8, 0x16, 0x09, 0x51, 0x12, 
0xC4, 0x0F, 0x0E, 0x0C, 0x26, 0x1C, 0x0C, 0x05, 0x08, 0x57, 0x0F, 0x02, 
0x16, 0x06, 0x1C, 0x01, 0x15, 0x57, 0x18, 0x10, 0xC4, 0x1A, 0x12, 0x02, 
0x1C, 0x0B, 0x07, 0x00, 0x2F, 0x2F, 0x10, 0xFC, 0x32, 0xE1, 0x32, 0xED, 
0x32, 0x10, 0xFC, 0x32, 0x32, 0xED, 0x32, 0x32, 0x01, 0x10, 0xF6, 0xCD, 
0x33, 0xE1, 0xFD, 0x32, 0xEE, 0x39, 0x2F, 0x32, 0x10, 0xE1, 0xFD, 0x32, 
0xC6, 0xCD, 0x32, 0x2F, 0x31, 0x30, 0x00, 0x38, 0x38, 0x01, 0x38, 0x38, 
0x01, 0x23, 0x11, 0x33, 0x15, 0x23, 0x11, 0x23, 0x11, 0x23, 0x11, 0x23, 
0x11, 0x23, 0x35, 0x33, 0x11, 0x34, 0x33, 0x21, 0x15, 0x23, 0x11, 0x33, 
0x11, 0x34, 0x33, 0x21, 0x03, 0xEC, 0xA8, 0x91, 0x91, 0xE4, 0xFA, 0xE3, 
0x68, 0x68, 0x7F, 0x01, 0x0C, 0xA8, 0xFA, 0x81, 0x01, 0x0B, 0x05, 0x56, 
0xFE, 0x9C, 0xC3, 0xFC, 0xD1, 0x03, 0x2F, 0xFC, 0xD1, 0x03, 0x2F, 0xC3, 
0x01, 0xAE, 0x7D, 0xC7, 0xFE, 0x9C, 0x01, 0xAE, 0x7D, 0x00, 0x00, 0x00, 
0x00, 0x01, 0x00, 0x1B, 0x00, 0x00, 0x05, 0x21, 0x06, 0x1D, 0x00, 0x21, 
0x00, 0x64, 0x40, 0x36, 0x23, 0x27, 0x1C, 0x19, 0xC4, 0x21, 0x51, 0x1D, 
0x02, 0xC8, 0x20, 0x04, 0x51, 0x18, 0xC4, 0x15, 0x12, 0x06, 0xC8, 0x14, 
0x08, 0x51, 0x10, 0xC4, 0x0D, 0x0C, 0x0A, 0x26, 0x22, 0x1F, 0x13, 0x57, 
0x1B, 0x16, 0x0E, 0xC4, 0x18, 0x10, 0x02, 0x22, 0x0A, 0x03, 0x07, 0x57, 
0x20, 0x1D, 0x9C, 0x14, 0x0D, 0x06, 0x22, 0x05, 0x01, 0x09, 0x00, 0x2F, 
0x33, 0x33, 0x10, 0xFC, 0x32, 0xEC, 0x33, 0xED, 0x32, 0x32, 0x10, 0xFC, 
0x32, 0xE1, 0x32, 0x32, 0xED, 0x32, 0x01, 0x10, 0xF6, 0xCD, 0x33, 0xE1, 
0xFD, 0x32, 0xFE, 0x7D, 0xC4, 0x33, 0xE1, 0x18, 0xFD, 0x32, 0xFE, 0x32, 
0xFD, 0xE0, 0x33, 0xEE, 0x31, 0x30, 0x21, 0x23, 0x11, 0x23, 0x11, 0x23, 
0x11, 0x23, 0x11, 0x23, 0x11, 0x23, 0x35, 0x33, 0x11, 0x34, 0x33, 0x21, 
0x15, 0x23, 0x11, 0x33, 0x11, 0x34, 0x33, 0x21, 0x32, 0x15, 0x11, 0x23, 
0x35, 0x23, 0x11, 0x21, 0x05, 0x21, 0xE4, 0xF9, 0xE4, 0xFA, 0xE3, 0x68, 
0x68, 0x7F, 0x01, 0x0C, 0xA8, 0xFA, 0x81, 0x01, 0xC1, 0x7F, 0xE4, 0xF9, 
0x01, 0xDD, 0x03, 0x2F, 0xFC, 0xD1, 0x03, 0x2F, 0xFC, 0xD1, 0x03, 0x2F, 
0xC3, 0x01, 0xAE, 0x7D, 0xC7, 0xFE, 0x9C, 0x01, 0xAE, 0x7D, 0x7D, 0xFE, 
0xE3, 0xD3, 0xFE, 0x9C, 0x00, 0x01, 0x00, 0x1B, 0x00, 0x00, 0x05, 0x21, 
0x06, 0x1D, 0x00, 0x1D, 0x00, 0x58, 0x40, 0x2F, 0x1F, 0x27, 0x00, 0x51, 
0x01, 0xC8, 0x04, 0x08, 0x51, 0x1C, 0xC0, 0x19, 0x16, 0x09, 0xC8, 0x18, 
0x0C, 0x51, 0x14, 0xC0, 0x11, 0x0F, 0x0D, 0x26, 0x1E, 0x03, 0x17, 0x57, 
0x1A, 0x12, 0xC0, 0x1C, 0x14, 0x02, 0x1E, 0x0E, 0x07, 0x0B, 0x57, 0x18, 
0x04, 0x11, 0x06, 0x1E, 0x09, 0x01, 0x0D, 0x00, 0x2F, 0x33, 0x33, 0x10, 
0xFC, 0x32, 0x32, 0xED, 0x32, 0x32, 0x10, 0xFC, 0x32, 0xE1, 0x32, 0xED, 
0x32, 0x01, 0x10, 0xF6, 0xCE, 0x33, 0xE1, 0xFD, 0x32, 0xFE, 0x7D, 0xC4, 
0x33, 0xE1, 0x18, 0xFD, 0x32, 0xFE, 0xFD, 0xE6, 0x31, 0x30, 0x21, 0x23, 
0x11, 0x23, 0x11, 0x33, 0x15, 0x23, 0x11, 0x23, 0x11, 0x23, 0x11, 0x23, 
0x11, 0x23, 0x35, 0x33, 0x11, 0x34, 0x33, 0x21, 0x15, 0x23, 0x11, 0x33, 
0x11, 0x34, 0x33, 0x21, 0x05, 0x21, 0xE4, 0xF9, 0x91, 0x91, 0xE4, 0xFA, 
0xE3, 0x68, 0x68, 0x7F, 0x01, 0x0C, 0xA8, 0xFA, 0x81, 0x02, 0x40, 0x05, 
0x56, 0xFE, 0x9C, 0xC3, 0xFC, 0xD1, 0x03, 0x2F, 0xFC, 0xD1, 0x03, 0x2F, 
0xC3, 0x01, 0xAE, 0x7D, 0xC7, 0xFE, 0x9C, 0x01, 0xAE, 0x7D, 0x00, 0x00, 
0x00, 0x04, 0x00, 0x5C, 0x00, 0x00, 0x04, 0x4E, 0x06, 0x1D, 0x00, 0x0B, 
0x00, 0x0F, 0x00, 0x19, 0x00, 0x1D, 0x00, 0x8D, 0xB9, 0x00, 0x0A, 0xFF, 
0xF0, 0xB4, 0x07, 0x10, 0x04, 0x10, 0x01, 0xBC, 0xFF, 0xF0, 0x00, 0x0A, 
0xFF, 0xF0, 0x00, 0x07, 0xFF, 0xF0, 0x40, 0x3D, 0x04, 0x10, 0x01, 0x10, 
0x10, 0x94, 0x1A, 0x1A, 0x0C, 0x16, 0x94, 0x13, 0x1D, 0x1D, 0x05, 0x0C, 
0x94, 0x09, 0x02, 0xC0, 0x00, 0x25, 0x1F, 0x08, 0x03, 0xC0, 0x0F, 0x94, 
0x05, 0x24, 0x1E, 0x13, 0x9B, 0x1D, 0x1D, 0x17, 0x14, 0x17, 0x1C, 0x9B, 
0x14, 0x15, 0x16, 0x15, 0x16, 0x15, 0x03, 0x0B, 0x06, 0xC0, 0x0E, 0x9B, 
0x08, 0x9C, 0x1E, 0x00, 0x05, 0xC0, 0x0F, 0x9B, 0x03, 0x00, 0x2F, 0xED, 
0xE1, 0x32, 0x10, 0xFC, 0xED, 0xE1, 0x32, 0x12, 0x39, 0x39, 0x2F, 0x2F, 
0x11, 0x33, 0xED, 0x33, 0x11, 0x12, 0x39, 0x2F, 0xED, 0x01, 0x10, 0xF6, 
0xED, 0xE1, 0x32, 0x10, 0xF6, 0xE1, 0x32, 0xED, 0x12, 0x39, 0x2F, 0x33, 
0xED, 0x12, 0x39, 0x2F, 0xED, 0x31, 0x30, 0x00, 0x38, 0x38, 0x38, 0x38, 
0x01, 0x38, 0x38, 0x38, 0x38, 0x25, 0x14, 0x23, 0x21, 0x22, 0x35, 0x11, 
0x34, 0x33, 0x21, 0x32, 0x15, 0x03, 0x11, 0x21, 0x11, 0x01, 0x14, 0x2B, 
0x01, 0x11, 0x23, 0x11, 0x21, 0x32, 0x15, 0x03, 0x11, 0x23, 0x11, 0x04, 
0x4E, 0x5A, 0xFC, 0xC2, 0x5A, 0x5A, 0x03, 0x3E, 0x5A, 0x6B, 0xFC, 0xE4, 
0x02, 0x74, 0x5E, 0xCD, 0xA3, 0x01, 0x70, 0x5E, 0xA1, 0x8A, 0x5A, 0x5A, 
0x5A, 0x05, 0x69, 0x5A, 0x5A, 0xFA, 0xA3, 0x05, 0x50, 0xFA, 0xB0, 0x02, 
0x88, 0x5F, 0xFE, 0xC9, 0x03, 0x71, 0x5F, 0xFE, 0xAD, 0x01, 0x2B, 0xFE, 
0xD5, 0x00, 0x00, 0x00, 0x00, 0x02, 0x00, 0x5A, 0x00, 0x00, 0x04, 0x02, 
0x06, 0x1D, 0x00, 0x1F, 0x00, 0x24, 0x00, 0x9A, 0xB2, 0x12, 0x10, 0x12, 
0xB8, 0xFF, 0xF0, 0x40, 0x4E, 0x1F, 0x1C, 0x00, 0x1B, 0x44, 0x13, 0xC0, 
0x10, 0x24, 0x1D, 0x44, 0x1E, 0x18, 0x44, 0x14, 0xC0, 0x17, 0x17, 0x23, 
0x06, 0x1E, 0x1E, 0x00, 0x09, 0x02, 0x20, 0x21, 0x0D, 0x04, 0x10, 0x01, 
0x44, 0x00, 0x10, 0x00, 0x10, 0x00, 0x26, 0x23, 0x44, 0x07, 0xC0, 0x09, 
0x24, 0x25, 0x20, 0x1C, 0x23, 0x1F, 0x07, 0x1B, 0x18, 0x1D, 0x18, 0x1D, 
0x18, 0x07, 0x1A, 0x48, 0x16, 0x11, 0xC0, 0x02, 0x21, 0x0D, 0x03, 0x07, 
0x13, 0x02, 0x25, 0x23, 0x48, 0x09, 0xC0, 0x07, 0x01, 0x01, 0x07, 0x00, 
0x2F, 0x33, 0x2F, 0x10, 0xE9, 0xED, 0x10, 0xFC, 0x11, 0x17, 0x39, 0xE9, 
0x32, 0xED, 0x11, 0x39, 0x39, 0x2F, 0x2F, 0x12, 0x39, 0x12, 0x39, 0x12, 
0x39, 0x39, 0x01, 0x10, 0xF6, 0xE9, 0xED, 0x12, 0x39, 0x39, 0x2F, 0x2F, 
0x10, 0xED, 0x11, 0x17, 0x39, 0x11, 0x12, 0x39, 0x2F, 0x33, 0x12, 0x39, 
0x2F, 0xE9, 0xED, 0x10, 0xED, 0x32, 0x10, 0xE9, 0xED, 0x11, 0x39, 0x39, 
0x31, 0x30, 0x00, 0x38, 0x01, 0x38, 0x21, 0x23, 0x27, 0x06, 0x07, 0x06, 
0x23, 0x21, 0x22, 0x35, 0x11, 0x34, 0x3F, 0x01, 0x27, 0x26, 0x3D, 0x01, 
0x34, 0x33, 0x21, 0x32, 0x1D, 0x01, 0x23, 0x35, 0x23, 0x15, 0x01, 0x37, 
0x33, 0x03, 0x07, 0x03, 0x07, 0x11, 0x33, 0x04, 0x02, 0xE7, 0x65, 0x20, 
0x20, 0x28, 0x52, 0xFE, 0xED, 0x8F, 0x35, 0xB7, 0x73, 0x27, 0x8F, 0x01, 
0x83, 0x90, 0xE4, 0xDD, 0x01, 0x27, 0x5E, 0xE2, 0xCD, 0xE3, 0x94, 0x75, 
0xA0, 0xC1, 0x44, 0x43, 0x3A, 0x8D, 0x01, 0x9C, 0x4C, 0x39, 0xC3, 0xD9, 
0x49, 0x3C, 0xBE, 0x90, 0x90, 0xE7, 0xB2, 0xBE, 0xFD, 0xD3, 0xBE, 0xFE, 
0x6D, 0x02, 0x01, 0x14, 0x85, 0xFE, 0xA0, 0x00, 0x00, 0x02, 0x00, 0x5E, 
0x00, 0x00, 0x03, 0x5C, 0x06, 0x1D, 0x00, 0x0B, 0x00, 0x0F, 0x00, 0x53, 
0xB9, 0x00, 0x0A, 0xFF, 0xF0, 0xB2, 0x07, 0x10, 0x0A, 0xBA, 0xFF, 0xF0, 
0x00, 0x07, 0xFF, 0xF0, 0x40, 0x20, 0x11, 0x25, 0x09, 0xC0, 0x00, 0x44, 
0x0C, 0x01, 0xC7, 0x0F, 0x04, 0x44, 0x08, 0xC0, 0x05, 0x24, 0x10, 0x03, 
0x48, 0x0F, 0x0F, 0x05, 0x0B, 0x06, 0xC0, 0x0E, 0x48, 0x08, 0x02, 0x10, 
0x01, 0x05, 0x00, 0x2F, 0x33, 0x10, 0xFC, 0xED, 0xE1, 0x32, 0x12, 0x39, 
0x2F, 0xED, 0x01, 0x10, 0xF6, 0xE1, 0xFD, 0x32, 0x7D, 0xFE, 0x32, 0x18, 
0xF5, 0xE1, 0xE6, 0x31, 0x30, 0x00, 0x38, 0x38, 0x01, 0x38, 0x38, 0x21, 
0x23, 0x11, 0x21, 0x11, 0x23, 0x11, 0x34, 0x33, 0x21, 0x32, 0x15, 0x03, 
0x11, 0x21, 0x11, 0x03, 0x5C, 0xE9, 0xFE, 0xD5, 0xEA, 0x8E, 0x01, 0xE1, 
0x8F, 0xE9, 0xFE, 0xD5, 0x02, 0x76, 0xFD, 0x8A, 0x05, 0x8D, 0x90, 0x90, 
0xFD, 0xAA, 0x02, 0x1D, 0xFD, 0xE3, 0x00, 0x00, 0x00, 0x02, 0x00, 0x5E, 
0x00, 0x00, 0x03, 0x4A, 0x06, 0x1D, 0x00, 0x0B, 0x00, 0x0F, 0x00, 0x46, 
0x40, 0x25, 0x01, 0x44, 0x09, 0x09, 0x0C, 0x06, 0x0A, 0x44, 0x0B, 0x0B, 
0x11, 0x25, 0x02, 0xC0, 0x05, 0x44, 0x06, 0xC7, 0x0C, 0x44, 0x0D, 0x24, 
0x10, 0x07, 0x48, 0x04, 0xC0, 0x02, 0x4A, 0x02, 0x0D, 0x0A, 0x0E, 0x02, 
0x10, 0x06, 0x0D, 0x00, 0x2F, 0x33, 0x10, 0xE6, 0x32, 0x11, 0x39, 0x76, 
0x2F, 0xE1, 0x18, 0xED, 0x01, 0x10, 0xF6, 0xFD, 0xFE, 0xFD, 0xE1, 0xE6, 
0x33, 0x2F, 0xED, 0x11, 0x12, 0x39, 0x2F, 0xED, 0x31, 0x30, 0x01, 0x03, 
0x33, 0x32, 0x15, 0x11, 0x23, 0x11, 0x23, 0x35, 0x01, 0x33, 0x01, 0x23, 
0x11, 0x33, 0x03, 0x4A, 0xFB, 0x76, 0x68, 0xE8, 0xD6, 0x01, 0x01, 0xDA, 
0xFD, 0xFE, 0xEA, 0xEA, 0x06, 0x14, 0xFD, 0x59, 0x71, 0xFD, 0x04, 0x02, 
0xB3, 0xBA, 0x02, 0xB0, 0xF9, 0xE3, 0x06, 0x1D, 0x00, 0x01, 0x00, 0x5E, 
0x00, 0x00, 0x04, 0xB2, 0x06, 0x1D, 0x00, 0x0E, 0x00, 0x56, 0x40, 0x31, 
0x14, 0x0C, 0x24, 0x0C, 0x02, 0x10, 0x25, 0x00, 0x44, 0x0D, 0xCF, 0x01, 
0x01, 0x01, 0xC6, 0x04, 0x0C, 0x0C, 0x04, 0x44, 0x05, 0xC6, 0x0B, 0x08, 
0x44, 0x09, 0x24, 0x0F, 0x06, 0x03, 0x44, 0x0C, 0x0C, 0x09, 0x07, 0x32, 
0x02, 0x42, 0x02, 0x52, 0x02, 0x03, 0x02, 0x0D, 0x0B, 0x02, 0x05, 0x01, 
0x09, 0x00, 0x2F, 0x33, 0x33, 0xF5, 0x32, 0xCC, 0x5D, 0x32, 0x12, 0x39, 
0x10, 0xE1, 0x32, 0x01, 0x10, 0xF6, 0xFD, 0x32, 0xFE, 0xED, 0x39, 0x3D, 
0x2F, 0x18, 0x10, 0xFE, 0x5D, 0x32, 0xFD, 0xE6, 0x31, 0x30, 0x00, 0x5D, 
0x21, 0x23, 0x11, 0x03, 0x11, 0x23, 0x11, 0x03, 0x11, 0x23, 0x11, 0x33, 
0x09, 0x01, 0x33, 0x04, 0xB2, 0xE3, 0xD7, 0xDF, 0xD7, 0xE4, 0xE8, 0x01, 
0x42, 0x01, 0x43, 0xE7, 0x04, 0xB8, 0xFE, 0xF6, 0xFC, 0x52, 0x03, 0xAE, 
0x01, 0x0A, 0xFB, 0x48, 0x06, 0x1D, 0xFE, 0x61, 0x01, 0x9F, 0x00, 0x00, 
0x00, 0x02, 0x00, 0x5E, 0xFF, 0xFF, 0x03, 0x5E, 0x06, 0x1D, 0x00, 0x13, 
0x00, 0x18, 0x00, 0x7C, 0xBB, 0x00, 0x09, 0xFF, 0xF0, 0x00, 0x09, 0xFF, 
0xF8, 0x40, 0x1E, 0x18, 0x03, 0x17, 0x0B, 0x17, 0x05, 0x0F, 0x08, 0xC0, 
0x0B, 0x0B, 0x1A, 0x25, 0x00, 0x44, 0x01, 0x14, 0x14, 0x4F, 0x01, 0x01, 
0x01, 0xC7, 0x05, 0x44, 0x06, 0x24, 0x19, 0x14, 0x13, 0xB8, 0xFF, 0xD0, 
0x40, 0x19, 0x13, 0x0B, 0x30, 0x0B, 0x02, 0x0F, 0x0F, 0x2F, 0x04, 0x01, 
0x04, 0x48, 0x17, 0x49, 0x17, 0x06, 0x16, 0x48, 0x0A, 0xC0, 0x07, 0x02, 
0x19, 0x01, 0x06, 0x00, 0x2F, 0x33, 0x10, 0xFE, 0xE1, 0xED, 0x12, 0x39, 
0x76, 0x2F, 0x18, 0xED, 0x5D, 0x39, 0x3D, 0x2F, 0x33, 0x33, 0x38, 0x33, 
0x38, 0x33, 0x01, 0x18, 0x10, 0xF6, 0xFD, 0x7D, 0xEE, 0x5D, 0x32, 0x18, 
0x2F, 0x10, 0xFD, 0xE6, 0x33, 0x2F, 0xE1, 0x33, 0x11, 0x33, 0x11, 0x12, 
0x39, 0x39, 0x31, 0x30, 0x00, 0x38, 0x01, 0x38, 0x21, 0x23, 0x03, 0x27, 
0x23, 0x11, 0x07, 0x11, 0x21, 0x32, 0x15, 0x11, 0x14, 0x07, 0x06, 0x07, 
0x16, 0x17, 0x16, 0x15, 0x03, 0x11, 0x21, 0x11, 0x33, 0x03, 0x5E, 0xEA, 
0x01, 0x73, 0xB8, 0xEA, 0x02, 0x6D, 0x8B, 0x32, 0x07, 0x73, 0x77, 0x07, 
0x36, 0xF1, 0xFE, 0xDB, 0xB4, 0x02, 0x6F, 0x4C, 0xFD, 0x45, 0x01, 0x06, 
0x1E, 0x90, 0xFE, 0x59, 0x50, 0x2C, 0x06, 0x47, 0x49, 0x07, 0x2F, 0x52, 
0x01, 0x7D, 0x01, 0x8F, 0xFE, 0x21, 0x00, 0x00, 0x00, 0x01, 0x00, 0x5E, 
0xFF, 0xF8, 0x03, 0x6D, 0x06, 0x1D, 0x00, 0x0E, 0x00, 0x38, 0x40, 0x1D, 
0x10, 0x25, 0x00, 0x44, 0x0C, 0x01, 0xC7, 0x0B, 0x44, 0x05, 0xC0, 0x08, 
0x24, 0x0D, 0x09, 0x02, 0x0F, 0x0C, 0x48, 0x40, 0x02, 0x30, 0x0B, 0x48, 
0x08, 0xC0, 0x05, 0x05, 0x01, 0x00, 0x2F, 0x33, 0x2F, 0xE1, 0xE5, 0x1A, 
0xDD, 0x1A, 0xED, 0x10, 0xEE, 0x32, 0x01, 0xF6, 0xE1, 0xFD, 0x7D, 0xFC, 
0x32, 0x18, 0xFD, 0xE6, 0x31, 0x30, 0x21, 0x23, 0x35, 0x05, 0x06, 0x23, 
0x22, 0x26, 0x35, 0x11, 0x33, 0x11, 0x05, 0x11, 0x33, 0x03, 0x6D, 0xEA, 
0xFE, 0xC6, 0x6C, 0x1A, 0x29, 0x3C, 0xEA, 0x01, 0x3B, 0xEA, 0x20, 0x1F, 
0x09, 0x42, 0x29, 0x05, 0xBA, 0xFA, 0xCA, 0x04, 0x05, 0x3A, 0x00, 0x00, 
0x00, 0x01, 0x00, 0x5E, 0x00, 0x00, 0x03, 0x44, 0x06, 0x1C, 0x00, 0x0A, 
0x00, 0x2F, 0x40, 0x17, 0x0C, 0x25, 0x00, 0x44, 0x08, 0xC7, 0x03, 0x07, 
0x44, 0x04, 0x24, 0x09, 0x05, 0x02, 0x0B, 0x00, 0xC0, 0x02, 0x02, 0x08, 
0x08, 0x07, 0x03, 0x00, 0x2F, 0xC9, 0x32, 0x12, 0x39, 0x10, 0xED, 0x10, 
0xEE, 0x32, 0x01, 0xF6, 0xFD, 0x32, 0x7D, 0xFE, 0x18, 0xFD, 0xE6, 0x31, 
0x30, 0x01, 0x14, 0x07, 0x01, 0x23, 0x11, 0x33, 0x11, 0x25, 0x11, 0x33, 
0x03, 0x44, 0x4F, 0xFE, 0x1D, 0xB4, 0xEA, 0x01, 0x12, 0xEA, 0x02, 0x10, 
0x81, 0x38, 0xFE, 0xA9, 0x06, 0x1C, 0xFB, 0x10, 0xC0, 0x04, 0x30, 0x00, 
0x00, 0x01, 0x00, 0x5F, 0x00, 0x00, 0x04, 0xB3, 0x06, 0x1D, 0x00, 0x0E, 
0x00, 0x7A, 0x40, 0x46, 0xD5, 0x0C, 0x01, 0xD6, 0x07, 0x01, 0x4A, 0x02, 
0x01, 0x18, 0x02, 0x01, 0x09, 0x02, 0x01, 0x99, 0x02, 0xA9, 0x02, 0xE9, 
0x02, 0xF9, 0x02, 0x04, 0x0C, 0x02, 0x1C, 0x02, 0x2C, 0x02, 0x03, 0x10, 
0x25, 0x00, 0x44, 0x0C, 0x01, 0x01, 0x0C, 0xC6, 0x0B, 0x02, 0x02, 0x0B, 
0x44, 0x08, 0xC6, 0x07, 0x03, 0x03, 0x07, 0x44, 0x04, 0x24, 0x0D, 0x09, 
0x05, 0x0F, 0x0B, 0x0B, 0x08, 0x02, 0x02, 0x08, 0x08, 0x0C, 0x0C, 0x07, 
0x00, 0x04, 0x00, 0x2F, 0x33, 0x7D, 0xCD, 0x32, 0x18, 0x2F, 0x32, 0x2F, 
0x33, 0x3D, 0x2F, 0x11, 0x33, 0x18, 0x2F, 0x10, 0xC6, 0x32, 0x32, 0x01, 
0xF6, 0xED, 0x32, 0x2F, 0x10, 0xFE, 0xED, 0x39, 0x3D, 0x2F, 0x18, 0x10, 
0xEE, 0x32, 0x2F, 0x10, 0xFD, 0xE6, 0x31, 0x30, 0x00, 0x5D, 0x5D, 0x71, 
0x71, 0x71, 0x71, 0x71, 0x21, 0x23, 0x09, 0x01, 0x23, 0x11, 0x33, 0x11, 
0x13, 0x11, 0x33, 0x11, 0x13, 0x11, 0x33, 0x04, 0xB3, 0xE8, 0xFE, 0xBE, 
0xFE, 0xBD, 0xE7, 0xE3, 0xD7, 0xDF, 0xD7, 0xE4, 0x01, 0x9F, 0xFE, 0x61, 
0x06, 0x1D, 0xFB, 0x47, 0x01, 0x0B, 0x03, 0xAE, 0xFC, 0x52, 0xFE, 0xF5, 
0x04, 0xB9, 0x00, 0x00, 0x00, 0x01, 0x00, 0x4F, 0x00, 0x00, 0x03, 0x19, 
0x06, 0x1C, 0x00, 0x1B, 0x00, 0x8D, 0x40, 0x09, 0x26, 0x18, 0x01, 0x18, 
0x10, 0x29, 0x0A, 0x01, 0x0A, 0xB8, 0xFF, 0xF0, 0x40, 0x1F, 0x18, 0x11, 
0x0A, 0x03, 0x03, 0x01, 0x05, 0x1D, 0x25, 0x00, 0x15, 0x15, 0x00, 0x44, 
0x01, 0x12, 0x12, 0x01, 0xC6, 0x05, 0x10, 0x10, 0x05, 0x44, 0x06, 0x0D, 
0x0D, 0x06, 0x24, 0x1C, 0x1B, 0xB8, 0xFF, 0xE0, 0x40, 0x0A, 0x1B, 0x18, 
0x15, 0x20, 0x15, 0x11, 0x0D, 0x20, 0x0D, 0x07, 0xB8, 0xFF, 0xE0, 0x40, 
0x0F, 0x07, 0x03, 0x2F, 0x0A, 0x01, 0x0A, 0x0A, 0x06, 0x13, 0x13, 0x0E, 
0x02, 0x1C, 0x01, 0x06, 0x00, 0x2F, 0x33, 0x10, 0xEE, 0x32, 0x2F, 0x11, 
0x39, 0x19, 0x2F, 0x5D, 0x33, 0x33, 0x38, 0x33, 0x38, 0x33, 0x33, 0x38, 
0x33, 0x33, 0x38, 0x01, 0x18, 0x10, 0xE6, 0x32, 0x2F, 0x10, 0xED, 0x32, 
0x2F, 0x7C, 0x10, 0xEE, 0x32, 0x18, 0x2F, 0x10, 0xED, 0x32, 0x2F, 0x10, 
0xE6, 0x11, 0x12, 0x39, 0x3D, 0x2F, 0x33, 0x33, 0x33, 0x31, 0x30, 0x38, 
0x5D, 0x38, 0x5D, 0x21, 0x23, 0x03, 0x27, 0x07, 0x11, 0x23, 0x11, 0x34, 
0x3F, 0x01, 0x27, 0x26, 0x35, 0x11, 0x33, 0x11, 0x17, 0x37, 0x11, 0x33, 
0x11, 0x14, 0x0F, 0x01, 0x17, 0x16, 0x15, 0x03, 0x19, 0xE7, 0x01, 0x7F, 
0x7B, 0xE8, 0x42, 0x96, 0x91, 0x38, 0xE9, 0x6D, 0x6E, 0xE8, 0x37, 0x94, 
0x98, 0x42, 0x02, 0x2F, 0x5E, 0x5E, 0xFD, 0xD1, 0x02, 0x10, 0x4A, 0x31, 
0x6F, 0x71, 0x2A, 0x31, 0x02, 0x56, 0xFD, 0x98, 0x4C, 0x54, 0x02, 0x60, 
0xFD, 0xAA, 0x32, 0x29, 0x6F, 0x71, 0x31, 0x4A, 0x00, 0x01, 0x00, 0x5E, 
0x00, 0x00, 0x03, 0x66, 0x06, 0x1D, 0x00, 0x13, 0x00, 0x51, 0xB2, 0x0C, 
0x10, 0x01, 0xB8, 0xFF, 0xF0, 0x40, 0x27, 0x0C, 0x10, 0x01, 0x10, 0x15, 
0x25, 0x11, 0x44, 0x02, 0xC0, 0xA7, 0x00, 0x01, 0x00, 0x00, 0x05, 0x44, 
0x08, 0x10, 0x44, 0x0B, 0xC0, 0x0D, 0x24, 0x14, 0x00, 0x0D, 0xC0, 0x10, 
0x48, 0x02, 0x0B, 0x0B, 0x07, 0x12, 0x0E, 0x02, 0x14, 0x07, 0x00, 0x2F, 
0x10, 0xEE, 0x32, 0x11, 0x39, 0x2F, 0x33, 0xED, 0xE9, 0x32, 0x01, 0x10, 
0xF6, 0xE9, 0xED, 0xDD, 0xFD, 0xDD, 0x5F, 0x5D, 0xE9, 0xED, 0xE6, 0x31, 
0x30, 0x00, 0x38, 0x38, 0x01, 0x38, 0x38, 0x01, 0x06, 0x07, 0x22, 0x26, 
0x23, 0x11, 0x23, 0x11, 0x22, 0x06, 0x23, 0x26, 0x35, 0x11, 0x33, 0x11, 
0x21, 0x11, 0x33, 0x03, 0x66, 0x01, 0x7F, 0x41, 0x40, 0x0D, 0xEC, 0x11, 
0x3F, 0x4A, 0x74, 0xEE, 0x01, 0x2B, 0xEF, 0x02, 0xD5, 0x8C, 0x05, 0x02, 
0xFD, 0xBA, 0x02, 0x46, 0x02, 0x03, 0x8E, 0x03, 0x48, 0xFC, 0xF3, 0x03, 
0x0D, 0x00, 0x00, 0x00, 0xFF, 0xFF, 0x00, 0x5E, 0x00, 0x00, 0x03, 0x5C, 
0x07, 0x91, 0x02, 0x36, 0x01, 0x02, 0x00, 0x00, 0x01, 0x17, 0x00, 0x8D, 
0x00, 0xB2, 0x02, 0x4B, 0x00, 0x10, 0x40, 0x0B, 0x02, 0x08, 0x11, 0x4F, 
0x02, 0x00, 0x11, 0x12, 0x06, 0x0B, 0x50, 0x2B, 0x34, 0x2B, 0x00, 0x00, 
0xFF, 0xFF, 0x00, 0x5E, 0x00, 0x00, 0x03, 0x5C, 0x07, 0x92, 0x02, 0x36, 
0x01, 0x02, 0x00, 0x00, 0x01, 0x17, 0x00, 0x43, 0xFF, 0xB6, 0x02, 0x4C, 
0x00, 0x10, 0x40, 0x0B, 0x02, 0x08, 0x11, 0x4F, 0x02, 0x00, 0x11, 0x10, 
0x06, 0x0B, 0x50, 0x2B, 0x34, 0x2B, 0x00, 0x00, 0xFF, 0xFF, 0x00, 0x5E, 
0x00, 0x00, 0x03, 0x5C, 0x07, 0x8E, 0x02, 0x36, 0x01, 0x02, 0x00, 0x00, 
0x01, 0x17, 0x00, 0xD8, 0x00, 0x3A, 0x02, 0x4C, 0x00, 0x10, 0x40, 0x0B, 
0x02, 0x08, 0x11, 0x4F, 0x02, 0x00, 0x12, 0x12, 0x06, 0x0B, 0x50, 0x2B, 
0x34, 0x2B, 0x00, 0x00, 0xFF, 0xFF, 0x00, 0x5E, 0x00, 0x00, 0x03, 0x5C, 
0x07, 0x7B, 0x02, 0x36, 0x01, 0x02, 0x00, 0x00, 0x01, 0x17, 0x00, 0xD9, 
0x00, 0x39, 0x02, 0x4A, 0x00, 0x10, 0x40, 0x0B, 0x02, 0x08, 0x12, 0x4F, 
0x02, 0x00, 0x14, 0x1D, 0x06, 0x0B, 0x50, 0x2B, 0x34, 0x2B, 0x00, 0x00, 
0xFF, 0xFF, 0x00, 0x5E, 0x00, 0x00, 0x03, 0x5C, 0x07, 0x56, 0x02, 0x36, 
0x01, 0x02, 0x00, 0x00, 0x01, 0x17, 0x00, 0x8E, 0x00, 0x42, 0x02, 0x4A, 
0x00, 0x17, 0x40, 0x10, 0x02, 0x08, 0x14, 0x4F, 0x02, 0x08, 0x11, 0x4F, 
0x03, 0x02, 0x00, 0x11, 0x14, 0x06, 0x0B, 0x50, 0x2B, 0x34, 0x34, 0x2B, 
0x2B, 0x00, 0x00, 0x00, 0xFF, 0xFF, 0x00, 0x5E, 0x00, 0x00, 0x03, 0x5C, 
0x07, 0xFA, 0x02, 0x36, 0x01, 0x02, 0x00, 0x00, 0x01, 0x17, 0x00, 0xDD, 
0x00, 0x3B, 0x02, 0x2B, 0x00, 0x14, 0x40, 0x0D, 0x03, 0x02, 0x08, 0x13, 
0x4F, 0x03, 0x02, 0x00, 0x10, 0x15, 0x06, 0x0B, 0x50, 0x2B, 0x34, 0x34, 
0x2B, 0x34, 0x00, 0x00, 0xFF, 0xFF, 0x00, 0x5E, 0xFF, 0xF8, 0x03, 0x6D, 
0x07, 0x92, 0x02, 0x36, 0x01, 0x06, 0x00, 0x00, 0x01, 0x17, 0x00, 0x8D, 
0x00, 0xAF, 0x02, 0x4C, 0x00, 0x10, 0x40, 0x0B, 0x01, 0x09, 0x10, 0x4F, 
0x01, 0x00, 0x10, 0x11, 0x09, 0x0E, 0x50, 0x2B, 0x34, 0x2B, 0x00, 0x00, 
0xFF, 0xFF, 0x00, 0x5E, 0xFF, 0xF8, 0x03, 0x6D, 0x07, 0x9B, 0x02, 0x36, 
0x01, 0x06, 0x00, 0x00, 0x01, 0x17, 0x00, 0x43, 0xFF, 0xCE, 0x02, 0x55, 
0x00, 0x10, 0x40, 0x0B, 0x01, 0x09, 0x10, 0x4F, 0x01, 0x00, 0x0F, 0x0F, 
0x09, 0x0E, 0x50, 0x2B, 0x34, 0x2B, 0x00, 0x00, 0xFF, 0xFF, 0x00, 0x5E, 
0xFF, 0xF8, 0x03, 0x6D, 0x07, 0x8C, 0x02, 0x36, 0x01, 0x06, 0x00, 0x00, 
0x01, 0x17, 0x00, 0xD8, 0x00, 0x3C, 0x02, 0x4A, 0x00, 0x10, 0x40, 0x0B, 
0x01, 0x09, 0x10, 0x4F, 0x01, 0x00, 0x11, 0x11, 0x09, 0x0E, 0x50, 0x2B, 
0x34, 0x2B, 0x00, 0x00, 0xFF, 0xFF, 0x00, 0x5E, 0xFF, 0xF8, 0x03, 0x6D, 
0x07, 0x5B, 0x02, 0x36, 0x01, 0x06, 0x00, 0x00, 0x01, 0x17, 0x00, 0x8E, 
0x00, 0x41, 0x02, 0x4F, 0x00, 0x0C, 0xB7, 0x02, 0x01, 0x00, 0x10, 0x13, 
0x09, 0x0E, 0x50, 0x2B, 0x34, 0x34, 0x00, 0x00, 0xFF, 0xFF, 0x00, 0x5E, 
0x00, 0x00, 0x03, 0x66, 0x07, 0x87, 0x02, 0x36, 0x01, 0x0A, 0x00, 0x00, 
0x01, 0x17, 0x00, 0x8D, 0x00, 0xAA, 0x02, 0x41, 0x00, 0x10, 0x40, 0x0B, 
0x01, 0x0F, 0x15, 0x4F, 0x01, 0x00, 0x15, 0x16, 0x13, 0x0E, 0x50, 0x2B, 
0x34, 0x2B, 0x00, 0x00, 0xFF, 0xFF, 0x00, 0x5E, 0x00, 0x00, 0x03, 0x66, 
0x07, 0x58, 0x02, 0x36, 0x01, 0x0A, 0x00, 0x00, 0x01, 0x17, 0x00, 0x8E, 
0x00, 0x41, 0x02, 0x4C, 0x00, 0x17, 0x40, 0x10, 0x02, 0x12, 0x18, 0x4F, 
0x01, 0x12, 0x15, 0x4F, 0x02, 0x01, 0x00, 0x15, 0x18, 0x13, 0x0E, 0x50, 
0x2B, 0x34, 0x34, 0x2B, 0x2B, 0x00, 0x00, 0x00, 0x00, 0x01, 0x00, 0x5E, 
0x00, 0x00, 0x03, 0x6D, 0x06, 0x25, 0x00, 0x0E, 0x00, 0x3B, 0x40, 0x1F, 
0x10, 0x25, 0x05, 0xC0, 0x09, 0x44, 0x0A, 0x45, 0x02, 0x0D, 0x44, 0x0E, 
0x24, 0x0F, 0x0C, 0x48, 0x40, 0x02, 0x01, 0x30, 0x0B, 0x48, 0x08, 0xC0, 
0x05, 0x05, 0x00, 0x02, 0x0F, 0x0A, 0x0E, 0x00, 0x2F, 0x33, 0x10, 0xE6, 
0x32, 0x2F, 0xE9, 0xED, 0x1A, 0xFD, 0x1A, 0xED, 0x01, 0x10, 0xF6, 0xFD, 
0x32, 0x76, 0xDE, 0x18, 0xFD, 0xE9, 0xE6, 0x31, 0x30, 0x13, 0x33, 0x15, 
0x25, 0x36, 0x33, 0x32, 0x16, 0x15, 0x11, 0x23, 0x11, 0x25, 0x11, 0x23, 
0x5E, 0xEA, 0x01, 0x4F, 0x57, 0x1A, 0x28, 0x3D, 0xEA, 0xFE, 0xC5, 0xEA, 
0x06, 0x1D, 0x20, 0x20, 0x08, 0x42, 0x29, 0xFA, 0x46, 0x05, 0x35, 0x05, 
0xFA, 0xC6, 0x00, 0x00, 0xFF, 0xFF, 0x00, 0x5E, 0x00, 0x00, 0x03, 0x6D, 
0x07, 0x45, 0x02, 0x36, 0x01, 0x17, 0x00, 0x00, 0x01, 0x17, 0x00, 0xD9, 
0x00, 0x41, 0x02, 0x14, 0x00, 0x10, 0x40, 0x0B, 0x01, 0x00, 0x16, 0x4F, 
0x01, 0x00, 0x13, 0x1C, 0x00, 0x08, 0x50, 0x2B, 0x34, 0x2B, 0x00, 0x00, 
0x00, 0x02, 0x00, 0x4B, 0x03, 0x01, 0x02, 0x4B, 0x06, 0x1D, 0x00, 0x0B, 
0x00, 0x0F, 0x00, 0x60, 0xB9, 0x00, 0x0A, 0xFF, 0xF0, 0xB4, 0x07, 0x10, 
0x04, 0x10, 0x01, 0xB8, 0xFF, 0xF0, 0x40, 0x2D, 0xC7, 0x0A, 0x01, 0xC7, 
0x07, 0x01, 0xC8, 0x04, 0x01, 0xC8, 0x01, 0x01, 0x02, 0x02, 0x09, 0xC4, 
0x11, 0x27, 0x0B, 0x95, 0x0D, 0x0E, 0x95, 0x03, 0x08, 0xC4, 0x06, 0x26, 
0x10, 0x0B, 0x06, 0xC4, 0x08, 0x00, 0x05, 0xC4, 0x0F, 0x9B, 0x03, 0xB6, 
0x0E, 0x9B, 0x08, 0x02, 0x10, 0x00, 0x10, 0xFC, 0xED, 0xFD, 0xED, 0xE9, 
0x32, 0x10, 0xE9, 0x32, 0x01, 0x10, 0xF6, 0xE9, 0x32, 0xFD, 0xDE, 0xFD, 
0xEE, 0xE9, 0x32, 0x31, 0x30, 0x00, 0x5F, 0x5D, 0x5D, 0x5D, 0x5D, 0x01, 
0x38, 0x38, 0x38, 0x38, 0x01, 0x14, 0x23, 0x21, 0x22, 0x35, 0x11, 0x34, 
0x33, 0x21, 0x32, 0x15, 0x03, 0x11, 0x23, 0x11, 0x02, 0x4B, 0x79, 0xFE, 
0xF2, 0x79, 0x79, 0x01, 0x0E, 0x79, 0xA8, 0xB2, 0x03, 0x7A, 0x79, 0x79, 
0x02, 0x2A, 0x79, 0x79, 0xFD, 0xEF, 0x01, 0xF8, 0xFE, 0x08, 0x00, 0x00, 
0x00, 0x01, 0x00, 0x40, 0x03, 0x02, 0x02, 0x23, 0x06, 0x1C, 0x00, 0x16, 
0x00, 0x54, 0x40, 0x2D, 0x13, 0x95, 0x0E, 0x0E, 0x08, 0x14, 0x04, 0xC4, 
0x18, 0x27, 0x00, 0x11, 0x11, 0x00, 0x95, 0x0C, 0x0B, 0x95, 0x05, 0xC4, 
0x08, 0x26, 0x17, 0x0A, 0x0A, 0x05, 0x0D, 0x9B, 0x16, 0xC4, 0x13, 0x13, 
0x0F, 0x08, 0x00, 0xC4, 0x0B, 0xC2, 0x05, 0xB6, 0x12, 0xC2, 0x0F, 0x02, 
0x17, 0x00, 0x10, 0xFE, 0xED, 0xFC, 0xED, 0xE9, 0x32, 0x12, 0x39, 0x2F, 
0xE9, 0xED, 0x11, 0x39, 0x7D, 0x2F, 0x01, 0x18, 0x10, 0xF6, 0xE9, 0xFD, 
0xDE, 0xED, 0x32, 0x2F, 0x10, 0xEE, 0xE9, 0x32, 0x11, 0x33, 0x2F, 0xED, 
0x31, 0x30, 0x01, 0x14, 0x07, 0x06, 0x23, 0x21, 0x22, 0x26, 0x3D, 0x01, 
0x33, 0x15, 0x33, 0x35, 0x21, 0x13, 0x21, 0x15, 0x21, 0x07, 0x33, 0x32, 
0x15, 0x02, 0x23, 0x16, 0x1A, 0x2B, 0xFE, 0xE1, 0x28, 0x41, 0x9E, 0xA2, 
0xFE, 0xC2, 0x0B, 0x01, 0xC6, 0xFE, 0xC9, 0x07, 0xD5, 0x79, 0x03, 0x73, 
0x2D, 0x20, 0x24, 0x49, 0x28, 0x99, 0x82, 0xF8, 0x01, 0x9A, 0x91, 0x7B, 
0x7A, 0x00, 0x00, 0x00, 0x00, 0x02, 0x00, 0x4B, 0x03, 0x02, 0x02, 0x41, 
0x06, 0x1D, 0x00, 0x13, 0x00, 0x17, 0x00, 0x54, 0x40, 0x2E, 0x11, 0x09, 
0x02, 0xC4, 0x19, 0x27, 0x00, 0x0C, 0x0C, 0x00, 0x95, 0x14, 0x0D, 0x0D, 
0x14, 0x10, 0x17, 0x95, 0x08, 0x03, 0xC4, 0x05, 0x26, 0x18, 0x16, 0xC2, 
0x13, 0xC4, 0x0D, 0x10, 0x10, 0x08, 0x00, 0x05, 0xC4, 0x17, 0xC2, 0x03, 
0xB6, 0x0F, 0xC2, 0x06, 0xC4, 0x08, 0x02, 0x18, 0x00, 0x10, 0xFC, 0xE9, 
0xED, 0xFD, 0xED, 0xE9, 0x32, 0x12, 0x39, 0x2F, 0xCE, 0xE9, 0xED, 0x01, 
0x10, 0xF6, 0xE9, 0x32, 0xFD, 0x32, 0xCE, 0x32, 0x2F, 0x10, 0xED, 0x32, 
0x2F, 0x10, 0xE6, 0xE9, 0x32, 0x32, 0x31, 0x30, 0x01, 0x14, 0x23, 0x21, 
0x22, 0x35, 0x11, 0x34, 0x33, 0x21, 0x32, 0x1D, 0x01, 0x23, 0x35, 0x23, 
0x15, 0x33, 0x32, 0x15, 0x07, 0x35, 0x23, 0x15, 0x02, 0x41, 0x5F, 0xFE, 
0xC9, 0x60, 0x5E, 0x01, 0x36, 0x5F, 0x9B, 0xBD, 0xFC, 0x5F, 0x9B, 0xC0, 
0x03, 0x65, 0x63, 0x63, 0x02, 0x54, 0x64, 0x64, 0x8E, 0x66, 0xBA, 0x68, 
0xE2, 0xC0, 0xC0, 0x00, 0x00, 0x01, 0x00, 0x2C, 0x02, 0xF5, 0x02, 0x1E, 
0x06, 0x1D, 0x00, 0x08, 0x00, 0x32, 0x40, 0x1A, 0x01, 0x95, 0x02, 0x02, 
0x06, 0x0A, 0x27, 0x00, 0x95, 0x03, 0x05, 0xC3, 0x06, 0x26, 0x09, 0x00, 
0x04, 0xC2, 0x07, 0x05, 0x05, 0x02, 0xB6, 0x07, 0x02, 0x09, 0x00, 0x10, 
0xFE, 0xEC, 0x33, 0x2F, 0x10, 0xED, 0x32, 0x01, 0x10, 0xF6, 0xFD, 0xDE, 
0xFD, 0xE6, 0x12, 0x39, 0x2F, 0xED, 0x31, 0x30, 0x01, 0x03, 0x23, 0x13, 
0x23, 0x15, 0x23, 0x11, 0x21, 0x02, 0x1E, 0xE1, 0x9E, 0xDC, 0xBC, 0x93, 
0x01, 0xF2, 0x05, 0xBC, 0xFD, 0x39, 0x02, 0x9A, 0xA1, 0x01, 0x2F, 0x00, 
0x00, 0x03, 0x00, 0x46, 0x03, 0x02, 0x02, 0x3C, 0x06, 0x1D, 0x00, 0x1D, 
0x00, 0x22, 0x00, 0x27, 0x00, 0x8B, 0xB9, 0x00, 0x13, 0xFF, 0xF0, 0xB4, 
0x10, 0x10, 0x04, 0x10, 0x01, 0xBC, 0xFF, 0xF0, 0x00, 0x13, 0xFF, 0xF0, 
0x00, 0x10, 0xFF, 0xF0, 0x40, 0x39, 0x04, 0x10, 0x01, 0x10, 0x22, 0x19, 
0x0A, 0x25, 0x25, 0x27, 0x24, 0x12, 0x02, 0xC4, 0x29, 0x27, 0x14, 0x1D, 
0x95, 0x1E, 0x24, 0x20, 0x27, 0x95, 0x11, 0x03, 0xC4, 0x0E, 0x06, 0x26, 
0x28, 0x14, 0x0F, 0xC4, 0x11, 0x25, 0x22, 0x1D, 0x15, 0x0E, 0x0A, 0x06, 
0x19, 0x19, 0x11, 0x00, 0x05, 0xC0, 0x23, 0xC2, 0x03, 0xB6, 0x20, 0xC2, 
0x11, 0x02, 0x28, 0x00, 0x10, 0xFC, 0xED, 0xFC, 0xED, 0xE9, 0x32, 0x12, 
0x39, 0x19, 0x2F, 0x33, 0x33, 0x33, 0x33, 0x33, 0x33, 0x33, 0x10, 0xE9, 
0x32, 0x01, 0x18, 0x10, 0xF6, 0x32, 0xE9, 0x32, 0xFD, 0x32, 0xDE, 0x32, 
0xFD, 0x32, 0xE6, 0xE9, 0x32, 0x11, 0x12, 0x39, 0x3D, 0x2F, 0x33, 0x33, 
0x33, 0x31, 0x30, 0x00, 0x38, 0x38, 0x38, 0x38, 0x01, 0x38, 0x38, 0x38, 
0x38, 0x01, 0x14, 0x23, 0x21, 0x22, 0x3D, 0x01, 0x34, 0x37, 0x36, 0x37, 
0x26, 0x27, 0x26, 0x3D, 0x01, 0x34, 0x33, 0x21, 0x32, 0x1D, 0x01, 0x14, 
0x07, 0x06, 0x07, 0x16, 0x17, 0x16, 0x15, 0x03, 0x35, 0x23, 0x15, 0x17, 
0x13, 0x35, 0x27, 0x07, 0x15, 0x02, 0x3C, 0x5C, 0xFE, 0xC0, 0x5A, 0x1E, 
0x0B, 0x56, 0x52, 0x02, 0x2A, 0x5C, 0x01, 0x3C, 0x5A, 0x29, 0x02, 0x53, 
0x57, 0x0B, 0x1F, 0x93, 0xD0, 0x66, 0x69, 0x69, 0x65, 0x03, 0x65, 0x63, 
0x63, 0xA6, 0x47, 0x1B, 0x09, 0x28, 0x26, 0x01, 0x1C, 0x30, 0xA9, 0x63, 
0x63, 0xA9, 0x30, 0x1C, 0x01, 0x26, 0x28, 0x09, 0x1B, 0x47, 0x01, 0x04, 
0x87, 0x89, 0x32, 0xFE, 0xAE, 0x94, 0x3C, 0x39, 0x97, 0x00, 0x00, 0x00, 
0x00, 0x02, 0x00, 0x41, 0x03, 0x02, 0x02, 0x37, 0x06, 0x1D, 0x00, 0x13, 
0x00, 0x17, 0x00, 0x83, 0xB9, 0x00, 0x12, 0xFF, 0xF0, 0xB2, 0x0F, 0x10, 
0x01, 0xBC, 0xFF, 0xF0, 0x00, 0x12, 0xFF, 0xF0, 0x00, 0x0F, 0xFF, 0xF0, 
0x40, 0x38, 0x0C, 0x10, 0x01, 0x10, 0x11, 0x02, 0xC4, 0x19, 0x27, 0x00, 
0x95, 0x09, 0x14, 0x14, 0x09, 0x08, 0x17, 0x17, 0x08, 0x95, 0x10, 0x0B, 
0x03, 0xC4, 0x05, 0x0D, 0x0D, 0x05, 0x26, 0x18, 0x13, 0x0E, 0xC4, 0x10, 
0x17, 0xC2, 0x0D, 0xC4, 0x0B, 0x07, 0x0B, 0x0B, 0x07, 0x10, 0x08, 0xC2, 
0x05, 0x00, 0xC4, 0x03, 0xB6, 0x16, 0xC2, 0x10, 0x02, 0x18, 0x00, 0x10, 
0xFC, 0xED, 0xFC, 0xED, 0xC9, 0xED, 0x12, 0x39, 0x39, 0x2F, 0x7D, 0x2F, 
0x10, 0xE9, 0x18, 0xED, 0x10, 0xE9, 0x32, 0x01, 0x10, 0xE6, 0x32, 0x2F, 
0x10, 0xE9, 0x32, 0x32, 0xED, 0x32, 0x2F, 0x10, 0xCE, 0x32, 0x2F, 0x10, 
0xFD, 0xE6, 0xE9, 0x32, 0x31, 0x30, 0x00, 0x38, 0x38, 0x38, 0x38, 0x01, 
0x38, 0x38, 0x38, 0x01, 0x14, 0x23, 0x21, 0x22, 0x3D, 0x01, 0x33, 0x15, 
0x33, 0x35, 0x23, 0x22, 0x35, 0x11, 0x34, 0x33, 0x21, 0x32, 0x15, 0x07, 
0x35, 0x23, 0x15, 0x02, 0x37, 0x5E, 0xFE, 0xCA, 0x5F, 0x9B, 0xBD, 0xFC, 
0x5F, 0x5F, 0x01, 0x37, 0x60, 0x9B, 0xC0, 0x03, 0x65, 0x63, 0x63, 0x8E, 
0x66, 0xBB, 0x67, 0x01, 0x0A, 0x64, 0x64, 0xE8, 0xC0, 0xC0, 0x00, 0x00, 
0xFF, 0xFF, 0x00, 0x4B, 0x00, 0x00, 0x02, 0x4B, 0x03, 0x1C, 0x02, 0x17, 
0x01, 0x19, 0x00, 0x00, 0xFC, 0xFF, 0x00, 0x00, 0xFF, 0xFF, 0x00, 0x48, 
0x00, 0x00, 0x01, 0x29, 0x03, 0x1C, 0x02, 0x17, 0x00, 0xF1, 0x00, 0x00, 
0xFC, 0xFF, 0x00, 0x00, 0xFF, 0xFF, 0x00, 0x3C, 0x00, 0x00, 0x02, 0x32, 
0x03, 0x1C, 0x02, 0x17, 0x00, 0xF2, 0x00, 0x00, 0xFC, 0xFF, 0x00, 0x00, 
0xFF, 0xFF, 0x00, 0x41, 0x00, 0x00, 0x02, 0x3B, 0x03, 0x1C, 0x02, 0x17, 
0x00, 0xF3, 0x00, 0x00, 0xFC, 0xFF, 0x00, 0x00, 0xFF, 0xFF, 0x00, 0x19, 
0x00, 0x00, 0x02, 0x41, 0x03, 0x1C, 0x02, 0x17, 0x00, 0xFC, 0x00, 0x00, 
0xFC, 0xFF, 0x00, 0x00, 0xFF, 0xFF, 0x00, 0x40, 0x00, 0x01, 0x02, 0x23, 
0x03, 0x1B, 0x02, 0x17, 0x01, 0x1A, 0x00, 0x00, 0xFC, 0xFF, 0x00, 0x00, 
0xFF, 0xFF, 0x00, 0x4B, 0x00, 0x01, 0x02, 0x41, 0x03, 0x1C, 0x02, 0x17, 
0x01, 0x1B, 0x00, 0x00, 0xFC, 0xFF, 0x00, 0x00, 0xFF, 0xFF, 0x00, 0x2C, 
0xFF, 0xF4, 0x02, 0x1E, 0x03, 0x1C, 0x02, 0x17, 0x01, 0x1C, 0x00, 0x00, 
0xFC, 0xFF, 0x00, 0x00, 0xFF, 0xFF, 0x00, 0x46, 0x00, 0x01, 0x02, 0x3C, 
0x03, 0x1C, 0x02, 0x17, 0x01, 0x1D, 0x00, 0x00, 0xFC, 0xFF, 0x00, 0x00, 
0xFF, 0xFF, 0x00, 0x41, 0x00, 0x01, 0x02, 0x37, 0x03, 0x1C, 0x02, 0x17, 
0x01, 0x1E, 0x00, 0x00, 0xFC, 0xFF, 0x00, 0x00, 0x00, 0x01, 0x00, 0x50, 
0x00, 0x00, 0x03, 0x63, 0x06, 0x1D, 0x00, 0x23, 0x00, 0xAC, 0xB9, 0x00, 
0x18, 0xFF, 0xF0, 0xB4, 0x15, 0x10, 0x0A, 0x10, 0x07, 0xBC, 0xFF, 0xF0, 
0x00, 0x18, 0xFF, 0xF0, 0x00, 0x15, 0xFF, 0xF0, 0x40, 0x4A, 0x0A, 0x10, 
0x07, 0x10, 0x11, 0x0E, 0x0B, 0x16, 0x16, 0x09, 0xC0, 0x0B, 0x23, 0x23, 
0x20, 0x20, 0x06, 0x17, 0x17, 0x08, 0xC0, 0x25, 0x25, 0x06, 0x1A, 0x1A, 
0x06, 0x44, 0x03, 0x1B, 0x1B, 0x03, 0x02, 0x22, 0x22, 0x1E, 0x1E, 0x02, 
0x44, 0x0B, 0x13, 0x13, 0x0F, 0x0F, 0x0B, 0x24, 0x24, 0x0C, 0x04, 0x01, 
0x0F, 0x22, 0x21, 0x1B, 0x13, 0x1E, 0x10, 0x21, 0x21, 0x08, 0x19, 0x14, 
0xC0, 0x1D, 0x48, 0x16, 0x02, 0x24, 0x06, 0x0B, 0xC0, 0x03, 0x48, 0x08, 
0x00, 0x2F, 0xED, 0xED, 0x32, 0x10, 0xF4, 0xE5, 0xED, 0x32, 0x12, 0x39, 
0x2F, 0x33, 0xDD, 0x32, 0xCE, 0x10, 0xDE, 0x32, 0xDD, 0xCE, 0x33, 0x01, 
0x10, 0xEE, 0x32, 0x2F, 0x32, 0x2F, 0x10, 0xE5, 0x32, 0x2F, 0x32, 0x2F, 
0x10, 0xCE, 0x32, 0x2F, 0x10, 0xED, 0x32, 0x2F, 0x10, 0xEE, 0xED, 0x32, 
0x2F, 0x11, 0x33, 0x2F, 0x33, 0x2F, 0x10, 0xED, 0x32, 0x2F, 0x3D, 0x10, 
0xC4, 0x32, 0x31, 0x30, 0x00, 0x38, 0x38, 0x38, 0x38, 0x01, 0x38, 0x38, 
0x38, 0x38, 0x01, 0x21, 0x11, 0x21, 0x11, 0x33, 0x11, 0x14, 0x23, 0x21, 
0x22, 0x35, 0x11, 0x23, 0x35, 0x33, 0x35, 0x23, 0x35, 0x33, 0x11, 0x34, 
0x33, 0x21, 0x32, 0x15, 0x11, 0x23, 0x35, 0x21, 0x11, 0x21, 0x15, 0x21, 
0x15, 0x21, 0x03, 0x63, 0xFE, 0x0D, 0x01, 0x0E, 0xD8, 0x8F, 0xFE, 0x52, 
0x8C, 0x3D, 0x3D, 0x3D, 0x3D, 0x8C, 0x01, 0xAE, 0x8F, 0xD8, 0xFE, 0xF2, 
0x01, 0xF3, 0xFE, 0x0D, 0x01, 0xF3, 0x02, 0x3A, 0xFE, 0x8A, 0x01, 0x08, 
0xFE, 0xC3, 0x8F, 0x8F, 0x01, 0xAB, 0xA2, 0x86, 0xA4, 0x01, 0x87, 0x90, 
0x90, 0xFE, 0xD7, 0xF5, 0xFE, 0xAD, 0xA4, 0x86, 0x00, 0x02, 0x00, 0x62, 
0x00, 0x00, 0x01, 0x4C, 0x06, 0x7C, 0x00, 0x03, 0x00, 0x07, 0x00, 0x00, 
0x21, 0x23, 0x11, 0x33, 0x27, 0x23, 0x35, 0x33, 0x01, 0x4C, 0xEA, 0xEA, 
0x1B, 0xC4, 0xC4, 0x05, 0x74, 0x33, 0xD5, 0x00, 0x00, 0x02, 0x00, 0x5A, 
0xFF, 0x1D, 0x03, 0x4C, 0x06, 0x1D, 0x00, 0x1B, 0x00, 0x1F, 0x00, 0x00, 
0x25, 0x14, 0x23, 0x21, 0x22, 0x35, 0x11, 0x33, 0x11, 0x21, 0x11, 0x01, 
0x26, 0x35, 0x11, 0x34, 0x33, 0x21, 0x32, 0x15, 0x11, 0x23, 0x11, 0x21, 
0x11, 0x01, 0x16, 0x15, 0x01, 0x07, 0x23, 0x37, 0x03, 0x4C, 0x8E, 0xFE, 
0x29, 0x8D, 0xEA, 0x01, 0x1E, 0xFE, 0x2B, 0x33, 0x8D, 0x01, 0xD7, 0x8E, 
0xEA, 0xFE, 0xE2, 0x01, 0xD5, 0x33, 0xFE, 0xE9, 0x70, 0x78, 0x29, 0x8F, 
0x8F, 0x8F, 0x01, 0x75, 0xFE, 0xC1, 0x01, 0x33, 0x01, 0xBC, 0x31, 0x4C, 
0x01, 0x5C, 0x90, 0x8E, 0xFE, 0xA2, 0x01, 0x27, 0xFE, 0xE5, 0xFE, 0x46, 
0x30, 0x4F, 0xFE, 0x0D, 0xF4, 0xF4, 0x00, 0x00, 0x00, 0x02, 0x00, 0x4E, 
0xFF, 0x61, 0x02, 0xCD, 0x03, 0xF2, 0x00, 0x1B, 0x00, 0x1F, 0x00, 0x00, 
0x25, 0x14, 0x23, 0x21, 0x22, 0x3D, 0x01, 0x33, 0x15, 0x33, 0x35, 0x25, 
0x26, 0x3D, 0x01, 0x34, 0x33, 0x21, 0x32, 0x1D, 0x01, 0x23, 0x35, 0x23, 
0x15, 0x05, 0x16, 0x15, 0x01, 0x07, 0x23, 0x37, 0x02, 0xCD, 0x7F, 0xFE, 
0x7F, 0x7F, 0xDB, 0xC9, 0xFE, 0xA1, 0x45, 0x81, 0x01, 0x7D, 0x7F, 0xD9, 
0xC9, 0x01, 0x5E, 0x46, 0xFE, 0xF8, 0x3C, 0x41, 0x16, 0x7D, 0x7D, 0x7D, 
0xD9, 0xAA, 0xA0, 0xCF, 0x29, 0x45, 0xEC, 0x7D, 0x7D, 0xCB, 0x9C, 0x92, 
0xCD, 0x28, 0x48, 0xFE, 0x9F, 0xB5, 0xB5, 0x00, 0x00, 0x03, 0x00, 0x50, 
0xFE, 0x8F, 0x02, 0xF0, 0x04, 0xC9, 0x00, 0x16, 0x00, 0x1F, 0x00, 0x2B, 
0x00, 0x00, 0x05, 0x14, 0x23, 0x21, 0x22, 0x3D, 0x01, 0x33, 0x15, 0x33, 
0x35, 0x23, 0x22, 0x26, 0x35, 0x11, 0x34, 0x36, 0x33, 0x32, 0x17, 0x35, 
0x33, 0x03, 0x11, 0x26, 0x23, 0x22, 0x15, 0x11, 0x14, 0x33, 0x01, 0x15, 
0x06, 0x07, 0x06, 0x2F, 0x01, 0x33, 0x16, 0x37, 0x36, 0x37, 0x02, 0xF0, 
0x81, 0xFE, 0x72, 0x81, 0xDD, 0xCF, 0xEB, 0x60, 0x71, 0x62, 0x56, 0x2B, 
0xD9, 0xE4, 0xE4, 0x73, 0x1C, 0x4A, 0x4C, 0x01, 0x31, 0x79, 0x90, 0x90, 
0x7B, 0x01, 0x04, 0x7C, 0x8B, 0x8B, 0x7B, 0xF4, 0x7D, 0x7D, 0xA2, 0x79, 
0xD1, 0x6C, 0x5F, 0x02, 0x6A, 0x57, 0x64, 0x29, 0x25, 0xFC, 0xCC, 0x02, 
0x6D, 0x0C, 0x49, 0xFE, 0x1C, 0x4C, 0x04, 0x0B, 0x46, 0x50, 0x02, 0x01, 
0x4D, 0x47, 0x47, 0x01, 0x01, 0x4A, 0x00, 0x00, 0x00, 0x02, 0x00, 0x5E, 
0x00, 0x00, 0x03, 0x64, 0x06, 0xE6, 0x00, 0x15, 0x00, 0x21, 0x00, 0x00, 
0x25, 0x14, 0x23, 0x21, 0x22, 0x35, 0x11, 0x34, 0x33, 0x21, 0x32, 0x15, 
0x11, 0x23, 0x11, 0x21, 0x11, 0x21, 0x11, 0x23, 0x35, 0x21, 0x03, 0x15, 
0x06, 0x07, 0x06, 0x2F, 0x01, 0x33, 0x16, 0x37, 0x36, 0x37, 0x03, 0x64, 
0x8F, 0xFE, 0x14, 0x8B, 0x8E, 0x01, 0xE9, 0x8F, 0xEB, 0xFE, 0xCF, 0x01, 
0x31, 0xAE, 0x01, 0x99, 0x64, 0x79, 0x90, 0x90, 0x7B, 0x01, 0x04, 0x7C, 
0x8B, 0x8B, 0x7B, 0x8F, 0x8F, 0x8F, 0x04, 0xFE, 0x90, 0x90, 0xFE, 0xB2, 
0x01, 0x15, 0xFB, 0x75, 0x01, 0xB6, 0xC7, 0x03, 0xA0, 0x46, 0x50, 0x02, 
0x01, 0x4D, 0x47, 0x47, 0x01, 0x01, 0x4A, 0x00, 0x00, 0x00, 0x00, 0x45, 
0x03, 0x42, 0x00, 0x01, 0x00, 0x00, 0x00, 0x00, 0x00, 0x00, 0x00, 0x4F, 
0x00, 0x00, 0x00, 0x01, 0x00, 0x00, 0x00, 0x00, 0x00, 0x01, 0x00, 0x09, 
0x00, 0x52, 0x00, 0x01, 0x00, 0x00, 0x00, 0x00, 0x00, 0x02, 0x00, 0x04, 
0x00, 0x5C, 0x00, 0x01, 0x00, 0x00, 0x00, 0x00, 0x00, 0x03, 0x00, 0x11, 
0x00, 0x4F, 0x00, 0x01, 0x00, 0x00, 0x00, 0x00, 0x00, 0x04, 0x00, 0x0E, 
0x00, 0x52, 0x00, 0x01, 0x00, 0x00, 0x00, 0x00, 0x00, 0x05, 0x00, 0x0C, 
0x00, 0x60, 0x00, 0x01, 0x00, 0x00, 0x00, 0x00, 0x00, 0x06, 0x00, 0x0D, 
0x00, 0x6C, 0x00, 0x01, 0x00, 0x00, 0x00, 0x00, 0x00, 0x07, 0x00, 0x15, 
0x00, 0x13, 0x00, 0x03, 0x00, 0x01, 0x04, 0x03, 0x00, 0x02, 0x00, 0x0E, 
0x00, 0x8D, 0x00, 0x03, 0x00, 0x01, 0x04, 0x03, 0x00, 0x04, 0x00, 0x22, 
0x00, 0x79, 0x00, 0x03, 0x00, 0x01, 0x04, 0x05, 0x00, 0x02, 0x00, 0x0A, 
0x00, 0xAF, 0x00, 0x03, 0x00, 0x01, 0x04, 0x05, 0x00, 0x04, 0x00, 0x1E, 
0x00, 0x9B, 0x00, 0x03, 0x00, 0x01, 0x04, 0x06, 0x00, 0x02, 0x00, 0x06, 
0x00, 0xCD, 0x00, 0x03, 0x00, 0x01, 0x04, 0x06, 0x00, 0x04, 0x00, 0x1A, 
0x00, 0xB9, 0x00, 0x03, 0x00, 0x01, 0x04, 0x07, 0x00, 0x02, 0x00, 0x08, 
0x00, 0xE7, 0x00, 0x03, 0x00, 0x01, 0x04, 0x07, 0x00, 0x04, 0x00, 0x1C, 
0x00, 0xD3, 0x00, 0x03, 0x00, 0x01, 0x04, 0x08, 0x00, 0x02, 0x00, 0x0C, 
0x01, 0x03, 0x00, 0x03, 0x00, 0x01, 0x04, 0x08, 0x00, 0x04, 0x00, 0x20, 
0x00, 0xEF, 0x00, 0x03, 0x00, 0x01, 0x04, 0x09, 0x00, 0x00, 0x00, 0x9E, 
0x01, 0x0F, 0x00, 0x03, 0x00, 0x01, 0x04, 0x09, 0x00, 0x01, 0x00, 0x12, 
0x06, 0xCB, 0x00, 0x03, 0x00, 0x01, 0x04, 0x09, 0x00, 0x02, 0x00, 0x08, 
0x01, 0xC7, 0x00, 0x03, 0x00, 0x01, 0x04, 0x09, 0x00, 0x03, 0x00, 0x22, 
0x01, 0xAD, 0x00, 0x03, 0x00, 0x01, 0x04, 0x09, 0x00, 0x04, 0x00, 0x1C, 
0x01, 0xB3, 0x00, 0x03, 0x00, 0x01, 0x04, 0x09, 0x00, 0x05, 0x00, 0x18, 
0x01, 0xCF, 0x00, 0x03, 0x00, 0x01, 0x04, 0x09, 0x00, 0x06, 0x00, 0x1A, 
0x01, 0xE7, 0x00, 0x03, 0x00, 0x01, 0x04, 0x09, 0x00, 0x07, 0x00, 0x2A, 
0x01, 0x35, 0x00, 0x03, 0x00, 0x01, 0x04, 0x09, 0x00, 0x08, 0x00, 0x2A, 
0x01, 0x35, 0x00, 0x03, 0x00, 0x01, 0x04, 0x09, 0x00, 0x09, 0x00, 0x2A, 
0x01, 0x35, 0x00, 0x03, 0x00, 0x01, 0x04, 0x09, 0x00, 0x0A, 0x03, 0x8E, 
0x02, 0x01, 0x00, 0x03, 0x00, 0x01, 0x04, 0x09, 0x00, 0x0B, 0x00, 0x32, 
0x05, 0x8F, 0x00, 0x03, 0x00, 0x01, 0x04, 0x09, 0x00, 0x0C, 0x00, 0x46, 
0x05, 0x8F, 0x00, 0x03, 0x00, 0x01, 0x04, 0x0A, 0x00, 0x02, 0x00, 0x0E, 
0x07, 0x81, 0x00, 0x03, 0x00, 0x01, 0x04, 0x0A, 0x00, 0x04, 0x00, 0x22, 
0x07, 0x6D, 0x00, 0x03, 0x00, 0x01, 0x04, 0x0B, 0x00, 0x02, 0x00, 0x12, 
0x05, 0xE9, 0x00, 0x03, 0x00, 0x01, 0x04, 0x0B, 0x00, 0x04, 0x00, 0x26, 
0x05, 0xD5, 0x00, 0x03, 0x00, 0x01, 0x04, 0x0C, 0x00, 0x02, 0x00, 0x08, 
0x06, 0x33, 0x00, 0x03, 0x00, 0x01, 0x04, 0x0C, 0x00, 0x04, 0x00, 0x1C, 
0x06, 0x1F, 0x00, 0x03, 0x00, 0x01, 0x04, 0x0E, 0x00, 0x02, 0x00, 0x10, 
0x06, 0x0F, 0x00, 0x03, 0x00, 0x01, 0x04, 0x0E, 0x00, 0x04, 0x00, 0x24, 
0x05, 0xFB, 0x00, 0x03, 0x00, 0x01, 0x04, 0x10, 0x00, 0x02, 0x00, 0x12, 
0x06, 0x33, 0x00, 0x03, 0x00, 0x01, 0x04, 0x10, 0x00, 0x04, 0x00, 0x26, 
0x06, 0x1F, 0x00, 0x03, 0x00, 0x01, 0x04, 0x13, 0x00, 0x02, 0x00, 0x06, 
0x06, 0x59, 0x00, 0x03, 0x00, 0x01, 0x04, 0x13, 0x00, 0x04, 0x00, 0x1A, 
0x06, 0x45, 0x00, 0x03, 0x00, 0x01, 0x04, 0x14, 0x00, 0x02, 0x00, 0x0E, 
0x06, 0x73, 0x00, 0x03, 0x00, 0x01, 0x04, 0x14, 0x00, 0x04, 0x00, 0x22, 
0x06, 0x5F, 0x00, 0x03, 0x00, 0x01, 0x04, 0x15, 0x00, 0x02, 0x00, 0x14, 
0x06, 0x95, 0x00, 0x03, 0x00, 0x01, 0x04, 0x15, 0x00, 0x04, 0x00, 0x28, 
0x06, 0x81, 0x00, 0x03, 0x00, 0x01, 0x04, 0x16, 0x00, 0x02, 0x00, 0x0E, 
0x06, 0xBD, 0x00, 0x03, 0x00, 0x01, 0x04, 0x16, 0x00, 0x04, 0x00, 0x22, 
0x06, 0xA9, 0x00, 0x03, 0x00, 0x01, 0x04, 0x19, 0x00, 0x02, 0x00, 0x14, 
0x06, 0xDF, 0x00, 0x03, 0x00, 0x01, 0x04, 0x19, 0x00, 0x04, 0x00, 0x28, 
0x06, 0xCB, 0x00, 0x03, 0x00, 0x01, 0x04, 0x1B, 0x00, 0x02, 0x00, 0x0A, 
0x07, 0x07, 0x00, 0x03, 0x00, 0x01, 0x04, 0x1B, 0x00, 0x04, 0x00, 0x1E, 
0x06, 0xF3, 0x00, 0x03, 0x00, 0x01, 0x04, 0x1D, 0x00, 0x02, 0x00, 0x06, 
0x00, 0xE7, 0x00, 0x03, 0x00, 0x01, 0x04, 0x1D, 0x00, 0x04, 0x00, 0x1A, 
0x00, 0xD3, 0x00, 0x03, 0x00, 0x01, 0x04, 0x1F, 0x00, 0x02, 0x00, 0x0A, 
0x07, 0x25, 0x00, 0x03, 0x00, 0x01, 0x04, 0x1F, 0x00, 0x04, 0x00, 0x1E, 
0x07, 0x11, 0x00, 0x03, 0x00, 0x01, 0x04, 0x24, 0x00, 0x02, 0x00, 0x0C, 
0x07, 0x43, 0x00, 0x03, 0x00, 0x01, 0x04, 0x24, 0x00, 0x04, 0x00, 0x20, 
0x07, 0x2F, 0x00, 0x03, 0x00, 0x01, 0x04, 0x2D, 0x00, 0x02, 0x00, 0x0A, 
0x07, 0x63, 0x00, 0x03, 0x00, 0x01, 0x04, 0x2D, 0x00, 0x04, 0x00, 0x1E, 
0x07, 0x4F, 0x00, 0x03, 0x00, 0x01, 0x08, 0x0A, 0x00, 0x02, 0x00, 0x0E, 
0x07, 0x81, 0x00, 0x03, 0x00, 0x01, 0x08, 0x0A, 0x00, 0x04, 0x00, 0x22, 
0x07, 0x6D, 0x00, 0x03, 0x00, 0x01, 0x08, 0x16, 0x00, 0x02, 0x00, 0x0E, 
0x06, 0xBD, 0x00, 0x03, 0x00, 0x01, 0x08, 0x16, 0x00, 0x04, 0x00, 0x22, 
0x06, 0xA9, 0x00, 0x03, 0x00, 0x01, 0x0C, 0x0A, 0x00, 0x02, 0x00, 0x0E, 
0x07, 0x81, 0x00, 0x03, 0x00, 0x01, 0x0C, 0x0A, 0x00, 0x04, 0x00, 0x22, 
0x07, 0x6D, 0x00, 0x03, 0x00, 0x01, 0x0C, 0x0C, 0x00, 0x02, 0x00, 0x08, 
0x06, 0x33, 0x00, 0x03, 0x00, 0x01, 0x0C, 0x0C, 0x00, 0x04, 0x00, 0x1C, 
0x06, 0x1F, 0x43, 0x6F, 0x70, 0x79, 0x72, 0x69, 0x67, 0x68, 0x74, 0x20, 
0x28, 0x63, 0x29, 0x31, 0x39, 0x39, 0x35, 0x2C, 0x20, 0x54, 0x68, 0x65, 
0x20, 0x46, 0x6F, 0x6E, 0x74, 0x20, 0x42, 0x75, 0x72, 0x65, 0x61, 0x75, 
0x2C, 0x20, 0x49, 0x6E, 0x63, 0x2E, 0x20, 0x31, 0x39, 0x39, 0x35, 0x2C, 
0x20, 0x31, 0x39, 0x39, 0x37, 0x2C, 0x20, 0x31, 0x39, 0x39, 0x38, 0x2E, 
0x20, 0x41, 0x6C, 0x6C, 0x20, 0x72, 0x69, 0x67, 0x68, 0x74, 0x73, 0x20, 
0x72, 0x65, 0x73, 0x65, 0x72, 0x76, 0x65, 0x64, 0x2E, 0x46, 0x42, 0x20, 
0x41, 0x67, 0x65, 0x6E, 0x63, 0x79, 0x20, 0x46, 0x42, 0x20, 0x42, 0x6F, 
0x6C, 0x64, 0x56, 0x65, 0x72, 0x73, 0x69, 0x6F, 0x6E, 0x20, 0x31, 0x2E, 
0x30, 0x31, 0x41, 0x67, 0x65, 0x6E, 0x63, 0x79, 0x46, 0x42, 0x2D, 0x42, 
0x6F, 0x6C, 0x64, 0x00, 0x41, 0x00, 0x67, 0x00, 0x65, 0x00, 0x6E, 0x00, 
0x63, 0x00, 0x79, 0x00, 0x20, 0x00, 0x46, 0x00, 0x42, 0x00, 0x20, 0x00, 
0x4E, 0x00, 0x65, 0x00, 0x67, 0x00, 0x72, 0x00, 0x65, 0x00, 0x74, 0x00, 
0x61, 0x00, 0x41, 0x00, 0x67, 0x00, 0x65, 0x00, 0x6E, 0x00, 0x63, 0x00, 
0x79, 0x00, 0x20, 0x00, 0x46, 0x00, 0x42, 0x00, 0x20, 0x00, 0x74, 0x00, 
0x75, 0x01, 0x0D, 0x00, 0x6E, 0x00, 0xE9, 0x00, 0x41, 0x00, 0x67, 0x00, 
0x65, 0x00, 0x6E, 0x00, 0x63, 0x00, 0x79, 0x00, 0x20, 0x00, 0x46, 0x00, 
0x42, 0x00, 0x20, 0x00, 0x66, 0x00, 0x65, 0x00, 0x64, 0x00, 0x41, 0x00, 
0x67, 0x00, 0x65, 0x00, 0x6E, 0x00, 0x63, 0x00, 0x79, 0x00, 0x20, 0x00, 
0x46, 0x00, 0x42, 0x00, 0x20, 0x00, 0x46, 0x00, 0x65, 0x00, 0x74, 0x00, 
0x74, 0x00, 0x41, 0x00, 0x67, 0x00, 0x65, 0x00, 0x6E, 0x00, 0x63, 0x00, 
0x79, 0x00, 0x20, 0x00, 0x46, 0x00, 0x42, 0x00, 0x20, 0x03, 0x88, 0x03, 
0xBD, 0x03, 0xC4, 0x03, 0xBF, 0x03, 0xBD, 0x03, 0xB1, 0x00, 0x43, 0x00, 
0x6F, 0x00, 0x70, 0x00, 0x79, 0x00, 0x72, 0x00, 0x69, 0x00, 0x67, 0x00, 
0x68, 0x00, 0x74, 0x00, 0x20, 0x00, 0x28, 0x00, 0x63, 0x00, 0x29, 0x00, 
0x31, 0x00, 0x39, 0x00, 0x39, 0x00, 0x35, 0x00, 0x2C, 0x00, 0x20, 0x00, 
0x54, 0x00, 0x68, 0x00, 0x65, 0x00, 0x20, 0x00, 0x46, 0x00, 0x6F, 0x00, 
0x6E, 0x00, 0x74, 0x00, 0x20, 0x00, 0x42, 0x00, 0x75, 0x00, 0x72, 0x00, 
0x65, 0x00, 0x61, 0x00, 0x75, 0x00, 0x2C, 0x00, 0x20, 0x00, 0x49, 0x00, 
0x6E, 0x00, 0x63, 0x00, 0x2E, 0x00, 0x20, 0x00, 0x31, 0x00, 0x39, 0x00, 
0x39, 0x00, 0x35, 0x00, 0x2C, 0x00, 0x20, 0x00, 0x31, 0x00, 0x39, 0x00, 
0x39, 0x00, 0x37, 0x00, 0x2C, 0x00, 0x20, 0x00, 0x31, 0x00, 0x39, 0x00, 
0x39, 0x00, 0x38, 0x00, 0x2E, 0x00, 0x20, 0x00, 0x41, 0x00, 0x6C, 0x00, 
0x6C, 0x00, 0x20, 0x00, 0x72, 0x00, 0x69, 0x00, 0x67, 0x00, 0x68, 0x00, 
0x74, 0x00, 0x73, 0x00, 0x20, 0x00, 0x72, 0x00, 0x65, 0x00, 0x73, 0x00, 
0x65, 0x00, 0x72, 0x00, 0x76, 0x00, 0x65, 0x00, 0x64, 0x00, 0x2E, 0x00, 
0x46, 0x00, 0x42, 0x00, 0x20, 0x00, 0x41, 0x00, 0x67, 0x00, 0x65, 0x00, 
0x6E, 0x00, 0x63, 0x00, 0x79, 0x00, 0x20, 0x00, 0x46, 0x00, 0x42, 0x00, 
0x20, 0x00, 0x42, 0x00, 0x6F, 0x00, 0x6C, 0x00, 0x64, 0x00, 0x56, 0x00, 
0x65, 0x00, 0x72, 0x00, 0x73, 0x00, 0x69, 0x00, 0x6F, 0x00, 0x6E, 0x00, 
0x20, 0x00, 0x31, 0x00, 0x2E, 0x00, 0x30, 0x00, 0x31, 0x00, 0x41, 0x00, 
0x67, 0x00, 0x65, 0x00, 0x6E, 0x00, 0x63, 0x00, 0x79, 0x00, 0x46, 0x00, 
0x42, 0x00, 0x2D, 0x00, 0x42, 0x00, 0x6F, 0x00, 0x6C, 0x00, 0x64, 0x00, 
0x41, 0x00, 0x54, 0x00, 0x46, 0x00, 0x20, 0x00, 0x41, 0x00, 0x67, 0x00, 
0x65, 0x00, 0x6E, 0x00, 0x63, 0x00, 0x79, 0x00, 0x20, 0x00, 0x47, 0x00, 
0x6F, 0x00, 0x74, 0x00, 0x68, 0x00, 0x69, 0x00, 0x63, 0x00, 0x20, 0x00, 
0x77, 0x00, 0x61, 0x00, 0x73, 0x00, 0x20, 0x00, 0x64, 0x00, 0x65, 0x00, 
0x73, 0x00, 0x69, 0x00, 0x67, 0x00, 0x6E, 0x00, 0x65, 0x00, 0x64, 0x00, 
0x20, 0x00, 0x62, 0x00, 0x79, 0x00, 0x20, 0x00, 0x4D, 0x00, 0x2E, 0x00, 
0x46, 0x00, 0x2E, 0x00, 0x20, 0x00, 0x42, 0x00, 0x65, 0x00, 0x6E, 0x00, 
0x74, 0x00, 0x6F, 0x00, 0x6E, 0x00, 0x20, 0x00, 0x69, 0x00, 0x6E, 0x00, 
0x20, 0x00, 0x31, 0x00, 0x39, 0x00, 0x33, 0x00, 0x32, 0x00, 0x20, 0x00, 
0x61, 0x00, 0x73, 0x00, 0x20, 0x00, 0x61, 0x00, 0x20, 0x00, 0x73, 0x00, 
0x69, 0x00, 0x6E, 0x00, 0x67, 0x00, 0x6C, 0x00, 0x65, 0x00, 0x20, 0x00, 
0x74, 0x00, 0x69, 0x00, 0x74, 0x00, 0x6C, 0x00, 0x69, 0x00, 0x6E, 0x00, 
0x67, 0x00, 0x20, 0x00, 0x66, 0x00, 0x61, 0x00, 0x63, 0x00, 0x65, 0x00, 
0x2E, 0x00, 0x20, 0x00, 0x49, 0x00, 0x6E, 0x00, 0x20, 0x00, 0x31, 0x00, 
0x39, 0x00, 0x39, 0x00, 0x30, 0x00, 0x20, 0x00, 0x44, 0x00, 0x61, 0x00, 
0x76, 0x00, 0x69, 0x00, 0x64, 0x00, 0x20, 0x00, 0x42, 0x00, 0x65, 0x00, 
0x72, 0x00, 0x6C, 0x00, 0x6F, 0x00, 0x77, 0x00, 0x20, 0x00, 0x73, 0x00, 
0x61, 0x00, 0x77, 0x00, 0x20, 0x00, 0x70, 0x00, 0x6F, 0x00, 0x74, 0x00, 
0x65, 0x00, 0x6E, 0x00, 0x74, 0x00, 0x69, 0x00, 0x61, 0x00, 0x6C, 0x00, 
0x20, 0x00, 0x69, 0x00, 0x6E, 0x00, 0x20, 0x00, 0x74, 0x00, 0x68, 0x00, 
0x65, 0x00, 0x20, 0x00, 0x73, 0x00, 0x71, 0x00, 0x75, 0x00, 0x61, 0x00, 
0x72, 0x00, 0x65, 0x00, 0x64, 0x00, 0x20, 0x00, 0x66, 0x00, 0x6F, 0x00, 
0x72, 0x00, 0x6D, 0x00, 0x73, 0x00, 0x20, 0x00, 0x6F, 0x00, 0x66, 0x00, 
0x20, 0x00, 0x74, 0x00, 0x68, 0x00, 0x65, 0x00, 0x20, 0x00, 0x6E, 0x00, 
0x61, 0x00, 0x72, 0x00, 0x72, 0x00, 0x6F, 0x00, 0x77, 0x00, 0x2C, 0x00, 
0x20, 0x00, 0x6D, 0x00, 0x6F, 0x00, 0x6E, 0x00, 0x6F, 0x00, 0x74, 0x00, 
0x6F, 0x00, 0x6E, 0x00, 0x65, 0x00, 0x20, 0x00, 0x63, 0x00, 0x61, 0x00, 
0x70, 0x00, 0x69, 0x00, 0x74, 0x00, 0x61, 0x00, 0x6C, 0x00, 0x73, 0x00, 
0x2E, 0x00, 0x20, 0x00, 0x48, 0x00, 0x65, 0x00, 0x20, 0x00, 0x64, 0x00, 
0x65, 0x00, 0x73, 0x00, 0x69, 0x00, 0x67, 0x00, 0x6E, 0x00, 0x65, 0x00, 
0x64, 0x00, 0x20, 0x00, 0x61, 0x00, 0x20, 0x00, 0x6C, 0x00, 0x6F, 0x00, 
0x77, 0x00, 0x65, 0x00, 0x72, 0x00, 0x63, 0x00, 0x61, 0x00, 0x73, 0x00, 
0x65, 0x00, 0x20, 0x00, 0x61, 0x00, 0x6E, 0x00, 0x64, 0x00, 0x20, 0x00, 
0x61, 0x00, 0x64, 0x00, 0x64, 0x00, 0x65, 0x00, 0x64, 0x00, 0x20, 0x00, 
0x61, 0x00, 0x20, 0x00, 0x62, 0x00, 0x6F, 0x00, 0x6C, 0x00, 0x64, 0x00, 
0x20, 0x00, 0x74, 0x00, 0x6F, 0x00, 0x20, 0x00, 0x70, 0x00, 0x72, 0x00, 
0x6F, 0x00, 0x64, 0x00, 0x75, 0x00, 0x63, 0x00, 0x65, 0x00, 0x20, 0x00, 
0x46, 0x00, 0x6F, 0x00, 0x6E, 0x00, 0x74, 0x00, 0x20, 0x00, 0x42, 0x00, 
0x75, 0x00, 0x72, 0x00, 0x65, 0x00, 0x61, 0x00, 0x75, 0x00, 0x20, 0x00, 
0x41, 0x00, 0x67, 0x00, 0x65, 0x00, 0x6E, 0x00, 0x63, 0x00, 0x79, 0x00, 
0x2C, 0x00, 0x20, 0x00, 0x61, 0x00, 0x6E, 0x00, 0x20, 0x00, 0x69, 0x00, 
0x6D, 0x00, 0x6D, 0x00, 0x65, 0x00, 0x64, 0x00, 0x69, 0x00, 0x61, 0x00, 
0x74, 0x00, 0x65, 0x00, 0x20, 0x00, 0x70, 0x00, 0x6F, 0x00, 0x70, 0x00, 
0x75, 0x00, 0x6C, 0x00, 0x61, 0x00, 0x72, 0x00, 0x20, 0x00, 0x68, 0x00, 
0x69, 0x00, 0x74, 0x00, 0x2E, 0x00, 0x20, 0x00, 0x53, 0x00, 0x65, 0x00, 
0x6E, 0x00, 0x73, 0x00, 0x69, 0x00, 0x6E, 0x00, 0x67, 0x00, 0x20, 0x00, 
0x66, 0x00, 0x75, 0x00, 0x72, 0x00, 0x74, 0x00, 0x68, 0x00, 0x65, 0x00, 
0x72, 0x00, 0x20, 0x00, 0x70, 0x00, 0x6F, 0x00, 0x73, 0x00, 0x73, 0x00, 
0x69, 0x00, 0x62, 0x00, 0x69, 0x00, 0x6C, 0x00, 0x69, 0x00, 0x74, 0x00, 
0x69, 0x00, 0x65, 0x00, 0x73, 0x00, 0x2C, 0x00, 0x20, 0x00, 0x68, 0x00, 
0x65, 0x00, 0x20, 0x00, 0x77, 0x00, 0x6F, 0x00, 0x72, 0x00, 0x6B, 0x00, 
0x65, 0x00, 0x64, 0x00, 0x20, 0x00, 0x77, 0x00, 0x69, 0x00, 0x74, 0x00, 
0x68, 0x00, 0x20, 0x00, 0x54, 0x00, 0x6F, 0x00, 0x62, 0x00, 0x69, 0x00, 
0x61, 0x00, 0x73, 0x00, 0x20, 0x00, 0x46, 0x00, 0x72, 0x00, 0x65, 0x00, 
0x72, 0x00, 0x65, 0x00, 0x2D, 0x00, 0x4A, 0x00, 0x6F, 0x00, 0x6E, 0x00, 
0x65, 0x00, 0x73, 0x00, 0x20, 0x00, 0x61, 0x00, 0x6E, 0x00, 0x64, 0x00, 
0x20, 0x00, 0x4A, 0x00, 0x6F, 0x00, 0x6E, 0x00, 0x61, 0x00, 0x74, 0x00, 
0x68, 0x00, 0x61, 0x00, 0x6E, 0x00, 0x20, 0x00, 0x43, 0x00, 0x6F, 0x00, 
0x72, 0x00, 0x75, 0x00, 0x6D, 0x00, 0x20, 0x00, 0x74, 0x00, 0x6F, 0x00, 
0x20, 0x00, 0x65, 0x00, 0x78, 0x00, 0x70, 0x00, 0x61, 0x00, 0x6E, 0x00, 
0x64, 0x00, 0x20, 0x00, 0x41, 0x00, 0x67, 0x00, 0x65, 0x00, 0x6E, 0x00, 
0x63, 0x00, 0x79, 0x00, 0x20, 0x00, 0x69, 0x00, 0x6E, 0x00, 0x74, 0x00, 
0x6F, 0x00, 0x20, 0x00, 0x61, 0x00, 0x20, 0x00, 0x6D, 0x00, 0x61, 0x00, 
0x6A, 0x00, 0x6F, 0x00, 0x72, 0x00, 0x20, 0x00, 0x73, 0x00, 0x65, 0x00, 
0x72, 0x00, 0x69, 0x00, 0x65, 0x00, 0x73, 0x00, 0x2C, 0x00, 0x20, 0x00, 
0x6F, 0x00, 0x66, 0x00, 0x66, 0x00, 0x65, 0x00, 0x72, 0x00, 0x69, 0x00, 
0x6E, 0x00, 0x67, 0x00, 0x20, 0x00, 0x66, 0x00, 0x69, 0x00, 0x76, 0x00, 
0x65, 0x00, 0x20, 0x00, 0x77, 0x00, 0x65, 0x00, 0x69, 0x00, 0x67, 0x00, 
0x68, 0x00, 0x74, 0x00, 0x73, 0x00, 0x20, 0x00, 0x69, 0x00, 0x6E, 0x00, 
0x20, 0x00, 0x66, 0x00, 0x69, 0x00, 0x76, 0x00, 0x65, 0x00, 0x20, 0x00, 
0x77, 0x00, 0x69, 0x00, 0x64, 0x00, 0x74, 0x00, 0x68, 0x00, 0x73, 0x00, 
0x20, 0x00, 0x66, 0x00, 0x6F, 0x00, 0x72, 0x00, 0x20, 0x00, 0x74, 0x00, 
0x65, 0x00, 0x78, 0x00, 0x74, 0x00, 0x20, 0x00, 0x26, 0x00, 0x20, 0x00, 
0x64, 0x00, 0x69, 0x00, 0x73, 0x00, 0x70, 0x00, 0x6C, 0x00, 0x61, 0x00, 
0x79, 0x00, 0x20, 0x00, 0x73, 0x00, 0x65, 0x00, 0x74, 0x00, 0x74, 0x00, 
0x69, 0x00, 0x6E, 0x00, 0x67, 0x00, 0x73, 0x00, 0x2E, 0x00, 0x68, 0x00, 
0x74, 0x00, 0x74, 0x00, 0x70, 0x00, 0x3A, 0x00, 0x2F, 0x00, 0x2F, 0x00, 
0x77, 0x00, 0x77, 0x00, 0x77, 0x00, 0x2E, 0x00, 0x66, 0x00, 0x6F, 0x00, 
0x6E, 0x00, 0x74, 0x00, 0x62, 0x00, 0x75, 0x00, 0x72, 0x00, 0x65, 0x00, 
0x61, 0x00, 0x75, 0x00, 0x2E, 0x00, 0x63, 0x00, 0x6F, 0x00, 0x6D, 0x00, 
0x2F, 0x00, 0x64, 0x00, 0x65, 0x00, 0x73, 0x00, 0x69, 0x00, 0x67, 0x00, 
0x6E, 0x00, 0x65, 0x00, 0x72, 0x00, 0x73, 0x00, 0x41, 0x00, 0x67, 0x00, 
0x65, 0x00, 0x6E, 0x00, 0x63, 0x00, 0x79, 0x00, 0x20, 0x00, 0x46, 0x00, 
0x42, 0x00, 0x20, 0x00, 0x4C, 0x00, 0x69, 0x00, 0x68, 0x00, 0x61, 0x00, 
0x76, 0x00, 0x6F, 0x00, 0x69, 0x00, 0x74, 0x00, 0x75, 0x00, 0x41, 0x00, 
0x67, 0x00, 0x65, 0x00, 0x6E, 0x00, 0x63, 0x00, 0x79, 0x00, 0x20, 0x00, 
0x46, 0x00, 0x42, 0x00, 0x20, 0x00, 0x46, 0x00, 0xE9, 0x00, 0x6C, 0x00, 
0x6B, 0x00, 0xF6, 0x00, 0x76, 0x00, 0xE9, 0x00, 0x72, 0x00, 0x41, 0x00, 
0x67, 0x00, 0x65, 0x00, 0x6E, 0x00, 0x63, 0x00, 0x79, 0x00, 0x20, 0x00, 
0x46, 0x00, 0x42, 0x00, 0x20, 0x00, 0x47, 0x00, 0x72, 0x00, 0x61, 0x00, 
0x73, 0x00, 0x73, 0x00, 0x65, 0x00, 0x74, 0x00, 0x74, 0x00, 0x6F, 0x00, 
0x41, 0x00, 0x67, 0x00, 0x65, 0x00, 0x6E, 0x00, 0x63, 0x00, 0x79, 0x00, 
0x20, 0x00, 0x46, 0x00, 0x42, 0x00, 0x20, 0x00, 0x56, 0x00, 0x65, 0x00, 
0x74, 0x00, 0x41, 0x00, 0x67, 0x00, 0x65, 0x00, 0x6E, 0x00, 0x63, 0x00, 
0x79, 0x00, 0x20, 0x00, 0x46, 0x00, 0x42, 0x00, 0x20, 0x00, 0x48, 0x00, 
0x61, 0x00, 0x6C, 0x00, 0x76, 0x00, 0x66, 0x00, 0x65, 0x00, 0x74, 0x00, 
0x41, 0x00, 0x67, 0x00, 0x65, 0x00, 0x6E, 0x00, 0x63, 0x00, 0x79, 0x00, 
0x20, 0x00, 0x46, 0x00, 0x42, 0x00, 0x20, 0x00, 0x50, 0x00, 0x6F, 0x00, 
0x67, 0x00, 0x72, 0x00, 0x75, 0x00, 0x62, 0x00, 0x69, 0x00, 0x6F, 0x00, 
0x6E, 0x00, 0x79, 0x00, 0x41, 0x00, 0x67, 0x00, 0x65, 0x00, 0x6E, 0x00, 
0x63, 0x00, 0x79, 0x00, 0x20, 0x00, 0x46, 0x00, 0x42, 0x00, 0x20, 0x00, 
0x4E, 0x00, 0x65, 0x00, 0x67, 0x00, 0x72, 0x00, 0x69, 0x00, 0x74, 0x00, 
0x6F, 0x00, 0x41, 0x00, 0x67, 0x00, 0x65, 0x00, 0x6E, 0x00, 0x63, 0x00, 
0x79, 0x00, 0x20, 0x00, 0x46, 0x00, 0x42, 0x00, 0x20, 0x04, 0x1F, 0x04, 
0x3E, 0x04, 0x3B, 0x04, 0x43, 0x04, 0x36, 0x04, 0x38, 0x04, 0x40, 0x04, 
0x3D, 0x04, 0x4B, 0x04, 0x39, 0x00, 0x41, 0x00, 0x67, 0x00, 0x65, 0x00, 
0x6E, 0x00, 0x63, 0x00, 0x79, 0x00, 0x20, 0x00, 0x46, 0x00, 0x42, 0x00, 
0x20, 0x00, 0x54, 0x00, 0x75, 0x01, 0x0D, 0x00, 0x6E, 0x00, 0xE9, 0x00, 
0x41, 0x00, 0x67, 0x00, 0x65, 0x00, 0x6E, 0x00, 0x63, 0x00, 0x79, 0x00, 
0x20, 0x00, 0x46, 0x00, 0x42, 0x00, 0x20, 0x00, 0x4B, 0x00, 0x61, 0x00, 
0x6C, 0x01, 0x31, 0x00, 0x6E, 0x00, 0x41, 0x00, 0x67, 0x00, 0x65, 0x00, 
0x6E, 0x00, 0x63, 0x00, 0x79, 0x00, 0x20, 0x00, 0x46, 0x00, 0x42, 0x00, 
0x20, 0x00, 0x4B, 0x00, 0x72, 0x00, 0x65, 0x00, 0x70, 0x00, 0x6B, 0x00, 
0x6F, 0x00, 0x41, 0x00, 0x67, 0x00, 0x65, 0x00, 0x6E, 0x00, 0x63, 0x00, 
0x79, 0x00, 0x20, 0x00, 0x46, 0x00, 0x42, 0x00, 0x20, 0x00, 0x4C, 0x00, 
0x6F, 0x00, 0x64, 0x00, 0x69, 0x00, 0x61, 0x00, 0x41, 0x00, 0x67, 0x00, 
0x65, 0x00, 0x6E, 0x00, 0x63, 0x00, 0x79, 0x00, 0x20, 0x00, 0x46, 0x00, 
0x42, 0x00, 0x20, 0x00, 0x4E, 0x00, 0x65, 0x00, 0x67, 0x00, 0x72, 0x00, 
0x69, 0x00, 0x74, 0x00, 0x61, 0x00, 0x00, 0x00, 0x00, 0x02, 0x00, 0x00, 
0x00, 0x00, 0x00, 0x00, 0xFE, 0xFC, 0x00, 0x78, 0x00, 0x00, 0x00, 0x00, 
0x00, 0x00, 0x00, 0x00, 0x00, 0x00, 0x00, 0x00, 0x00, 0x00, 0x00, 0x00, 
0x00, 0x00, 0x00, 0x00, 0x01, 0x2F, 0x00, 0x00, 0x00, 0x00, 0x00, 0x00, 
0x00, 0x03, 0x00, 0x04, 0x00, 0x05, 0x00, 0x06, 0x00, 0x07, 0x00, 0x08, 
0x00, 0x09, 0x00, 0x0A, 0x00, 0x0B, 0x00, 0x0C, 0x00, 0x0D, 0x00, 0x0E, 
0x00, 0x0F, 0x00, 0x10, 0x00, 0x11, 0x00, 0x12, 0x00, 0x13, 0x00, 0x14, 
0x00, 0x15, 0x00, 0x16, 0x00, 0x17, 0x00, 0x18, 0x00, 0x19, 0x00, 0x1A, 
0x00, 0x1B, 0x00, 0x1C, 0x00, 0x1D, 0x00, 0x1E, 0x00, 0x1F, 0x00, 0x20, 
0x00, 0x21, 0x00, 0x22, 0x00, 0x23, 0x00, 0x24, 0x00, 0x25, 0x00, 0x26, 
0x00, 0x27, 0x00, 0x28, 0x00, 0x29, 0x00, 0x2A, 0x00, 0x2B, 0x00, 0x2C, 
0x00, 0x2D, 0x00, 0x2E, 0x00, 0x2F, 0x00, 0x30, 0x00, 0x31, 0x00, 0x32, 
0x00, 0x33, 0x00, 0x34, 0x00, 0x35, 0x00, 0x36, 0x00, 0x37, 0x00, 0x38, 
0x00, 0x39, 0x00, 0x3A, 0x00, 0x3B, 0x00, 0x3C, 0x00, 0x3D, 0x00, 0x3E, 
0x00, 0x3F, 0x00, 0x40, 0x00, 0x41, 0x00, 0x42, 0x00, 0x43, 0x00, 0x44, 
0x00, 0x45, 0x00, 0x46, 0x00, 0x47, 0x00, 0x48, 0x00, 0x49, 0x00, 0x4A, 
0x00, 0x4B, 0x00, 0x4C, 0x00, 0x4D, 0x00, 0x4E, 0x00, 0x4F, 0x00, 0x50, 
0x00, 0x51, 0x00, 0x52, 0x00, 0x53, 0x00, 0x54, 0x00, 0x55, 0x00, 0x56, 
0x00, 0x57, 0x00, 0x58, 0x00, 0x59, 0x00, 0x5A, 0x00, 0x5B, 0x00, 0x5C, 
0x00, 0x5D, 0x00, 0x5E, 0x00, 0x5F, 0x00, 0x60, 0x00, 0x61, 0x00, 0x62, 
0x00, 0x63, 0x00, 0x64, 0x00, 0x65, 0x00, 0x66, 0x00, 0x67, 0x00, 0x68, 
0x00, 0x69, 0x00, 0x6A, 0x00, 0x6B, 0x00, 0x6C, 0x00, 0x6D, 0x00, 0x6E, 
0x00, 0x6F, 0x00, 0x70, 0x00, 0x71, 0x00, 0x72, 0x00, 0x73, 0x00, 0x74, 
0x00, 0x75, 0x00, 0x76, 0x00, 0x77, 0x00, 0x78, 0x00, 0x79, 0x00, 0x7A, 
0x00, 0x7B, 0x00, 0x7C, 0x00, 0x7D, 0x00, 0x7E, 0x00, 0x7F, 0x00, 0x80, 
0x00, 0x81, 0x00, 0x82, 0x00, 0x83, 0x00, 0x84, 0x00, 0x85, 0x00, 0x86, 
0x00, 0x87, 0x00, 0x88, 0x00, 0x89, 0x00, 0x8A, 0x00, 0x8B, 0x00, 0x8C, 
0x00, 0x8D, 0x00, 0x8E, 0x00, 0x8F, 0x00, 0x90, 0x00, 0x91, 0x00, 0x92, 
0x00, 0x93, 0x00, 0x94, 0x00, 0x95, 0x00, 0x96, 0x00, 0x97, 0x00, 0x98, 
0x00, 0x99, 0x00, 0x9A, 0x00, 0x9B, 0x00, 0x9C, 0x00, 0x9D, 0x00, 0x9E, 
0x00, 0x9F, 0x00, 0xA0, 0x00, 0xA1, 0x00, 0xA2, 0x00, 0xA3, 0x00, 0xA4, 
0x00, 0xA5, 0x00, 0xA6, 0x00, 0xA7, 0x00, 0xA8, 0x00, 0xA9, 0x00, 0xAA, 
0x00, 0xAB, 0x00, 0xAC, 0x00, 0xAD, 0x00, 0xAE, 0x00, 0xAF, 0x00, 0xB0, 
0x00, 0xB1, 0x00, 0xB2, 0x00, 0xB3, 0x00, 0xB4, 0x00, 0xB5, 0x00, 0xB6, 
0x00, 0xB7, 0x00, 0xB8, 0x00, 0xB9, 0x00, 0xBA, 0x00, 0xBB, 0x00, 0xBC, 
0x00, 0xBD, 0x00, 0xBE, 0x00, 0xBF, 0x00, 0xC0, 0x00, 0xC1, 0x00, 0xC2, 
0x00, 0xC3, 0x00, 0xC4, 0x00, 0xC5, 0x00, 0xC6, 0x00, 0xC7, 0x00, 0xC8, 
0x00, 0xC9, 0x00, 0xCA, 0x00, 0xCB, 0x00, 0xCC, 0x00, 0xCD, 0x00, 0xCE, 
0x00, 0xCF, 0x00, 0xD0, 0x00, 0xD1, 0x00, 0xD2, 0x00, 0xD3, 0x00, 0xD4, 
0x00, 0xD5, 0x00, 0xD6, 0x00, 0xD7, 0x00, 0xD8, 0x00, 0xD9, 0x00, 0xDA, 
0x00, 0xDB, 0x00, 0xDC, 0x00, 0xDD, 0x00, 0xDE, 0x00, 0xDF, 0x00, 0xE0, 
0x00, 0xE1, 0x00, 0xE2, 0x00, 0xE3, 0x00, 0xE4, 0x00, 0xE5, 0x00, 0xE6, 
0x00, 0xE7, 0x00, 0xE8, 0x00, 0xE9, 0x00, 0xEA, 0x00, 0xEB, 0x00, 0xEC, 
0x00, 0xED, 0x00, 0xEE, 0x00, 0xEF, 0x00, 0xF0, 0x00, 0xF1, 0x00, 0xF2, 
0x00, 0xF3, 0x00, 0xF4, 0x00, 0xF5, 0x00, 0xF6, 0x00, 0x00, 0x00, 0x00, 
0x00, 0x00, 0x00, 0x00, 0x00, 0x00, 0x00, 0x00, 0x00, 0x00, 0x00, 0x00, 
0x00, 0x00, 0x00, 0x00, 0x00, 0x00, 0x00, 0x00, 0x00, 0x00, 0x00, 0x00, 
0x00, 0x00, 0x00, 0x00, 0x00, 0x00, 0x00, 0x00, 0x00, 0x00, 0x00, 0x00, 
0x00, 0x00, 0x00, 0x00, 0x00, 0x00, 0x00, 0x00, 0x00, 0x00, 0x00, 0x00, 
0x00, 0x00, 0x00, 0x00, 0x00, 0x00, 0x00, 0x00, 0x00, 0x00, 0x00, 0x00, 
0x00, 0x00, 0x00, 0x00, 0x00, 0x00, 0x00, 0x00, 0x00, 0x00, 0x00, 0x00, 
0x00, 0x00, 0x00, 0x00, 0x00, 0x00, 0x00, 0x00, 0x00, 0x00, 0x00, 0x00, 
0x00, 0x00, 0x00, 0x00, 0x00, 0x00, 0x00, 0x00, 0x00, 0x00, 0x00, 0x00, 
0x01, 0x02, 0x01, 0x03, 0x00, 0xFB, 0x00, 0xFC, 0x00, 0xF9, 0x00, 0xF8, 
0x04, 0x45, 0x75, 0x72, 0x6F, 0x0A, 0x49, 0x64, 0x6F, 0x74, 0x61, 0x63, 
0x63, 0x65, 0x6E, 0x74, 0x00, 0x00, 0x00, 0x03, 0x00, 0x08, 0x00, 0x02, 
0x00, 0x10, 0x00, 0x01, 0xFF, 0xFF, 0x00, 0x03, 0x00, 0x00, 0x00, 0x01, 
0x00, 0x01, 0x00, 0x01, 0x00, 0x00, 0x00, 0x01, 0x00, 0x00, 0x1A, 0x79, 
0x00, 0x00, 0x00, 0x14, 0x00, 0x00, 0x00, 0x00, 0x00, 0x00, 0x1A, 0x71, 
0x30, 0x82, 0x1A, 0x6D, 0x06, 0x09, 0x2A, 0x86, 0x48, 0x86, 0xF7, 0x0D, 
0x01, 0x07, 0x02, 0xA0, 0x82, 0x1A, 0x5E, 0x30, 0x82, 0x1A, 0x5A, 0x02, 
0x01, 0x01, 0x31, 0x0E, 0x30, 0x0C, 0x06, 0x08, 0x2A, 0x86, 0x48, 0x86, 
0xF7, 0x0D, 0x02, 0x05, 0x05, 0x00, 0x30, 0x60, 0x06, 0x0A, 0x2B, 0x06, 
0x01, 0x04, 0x01, 0x82, 0x37, 0x02, 0x01, 0x04, 0xA0, 0x52, 0x30, 0x50, 
0x30, 0x2C, 0x06, 0x0A, 0x2B, 0x06, 0x01, 0x04, 0x01, 0x82, 0x37, 0x02, 
0x01, 0x1C, 0xA2, 0x1E, 0x80, 0x1C, 0x00, 0x3C, 0x00, 0x3C, 0x00, 0x3C, 
0x00, 0x4F, 0x00, 0x62, 0x00, 0x73, 0x00, 0x6F, 0x00, 0x6C, 0x00, 0x65, 
0x00, 0x74, 0x00, 0x65, 0x00, 0x3E, 0x00, 0x3E, 0x00, 0x3E, 0x30, 0x20, 
0x30, 0x0C, 0x06, 0x08, 0x2A, 0x86, 0x48, 0x86, 0xF7, 0x0D, 0x02, 0x05, 
0x05, 0x00, 0x04, 0x10, 0x69, 0x30, 0x1D, 0x7E, 0x52, 0xE2, 0x5A, 0x80, 
0xB0, 0x24, 0xD6, 0x5F, 0x89, 0x2B, 0x01, 0xD1, 0xA0, 0x82, 0x14, 0xBC, 
0x30, 0x82, 0x02, 0xBC, 0x30, 0x82, 0x02, 0x25, 0x02, 0x10, 0x4A, 0x19, 
0xD2, 0x38, 0x8C, 0x82, 0x59, 0x1C, 0xA5, 0x5D, 0x73, 0x5F, 0x15, 0x5D, 
0xDC, 0xA3, 0x30, 0x0D, 0x06, 0x09, 0x2A, 0x86, 0x48, 0x86, 0xF7, 0x0D, 
0x01, 0x01, 0x04, 0x05, 0x00, 0x30, 0x81, 0x9E, 0x31, 0x1F, 0x30, 0x1D, 
0x06, 0x03, 0x55, 0x04, 0x0A, 0x13, 0x16, 0x56, 0x65, 0x72, 0x69, 0x53, 
0x69, 0x67, 0x6E, 0x20, 0x54, 0x72, 0x75, 0x73, 0x74, 0x20, 0x4E, 0x65, 
0x74, 0x77, 0x6F, 0x72, 0x6B, 0x31, 0x17, 0x30, 0x15, 0x06, 0x03, 0x55, 
0x04, 0x0B, 0x13, 0x0E, 0x56, 0x65, 0x72, 0x69, 0x53, 0x69, 0x67, 0x6E, 
0x2C, 0x20, 0x49, 0x6E, 0x63, 0x2E, 0x31, 0x2C, 0x30, 0x2A, 0x06, 0x03, 
0x55, 0x04, 0x0B, 0x13, 0x23, 0x56, 0x65, 0x72, 0x69, 0x53, 0x69, 0x67, 
0x6E, 0x20, 0x54, 0x69, 0x6D, 0x65, 0x20, 0x53, 0x74, 0x61, 0x6D, 0x70, 
0x69, 0x6E, 0x67, 0x20, 0x53, 0x65, 0x72, 0x76, 0x69, 0x63, 0x65, 0x20, 
0x52, 0x6F, 0x6F, 0x74, 0x31, 0x34, 0x30, 0x32, 0x06, 0x03, 0x55, 0x04, 
0x0B, 0x13, 0x2B, 0x4E, 0x4F, 0x20, 0x4C, 0x49, 0x41, 0x42, 0x49, 0x4C, 
0x49, 0x54, 0x59, 0x20, 0x41, 0x43, 0x43, 0x45, 0x50, 0x54, 0x45, 0x44, 
0x2C, 0x20, 0x28, 0x63, 0x29, 0x39, 0x37, 0x20, 0x56, 0x65, 0x72, 0x69, 
0x53, 0x69, 0x67, 0x6E, 0x2C, 0x20, 0x49, 0x6E, 0x63, 0x2E, 0x30, 0x1E, 
0x17, 0x0D, 0x39, 0x37, 0x30, 0x35, 0x31, 0x32, 0x30, 0x30, 0x30, 0x30, 
0x30, 0x30, 0x5A, 0x17, 0x0D, 0x30, 0x34, 0x30, 0x31, 0x30, 0x37, 0x32, 
0x33, 0x35, 0x39, 0x35, 0x39, 0x5A, 0x30, 0x81, 0x9E, 0x31, 0x1F, 0x30, 
0x1D, 0x06, 0x03, 0x55, 0x04, 0x0A, 0x13, 0x16, 0x56, 0x65, 0x72, 0x69, 
0x53, 0x69, 0x67, 0x6E, 0x20, 0x54, 0x72, 0x75, 0x73, 0x74, 0x20, 0x4E, 
0x65, 0x74, 0x77, 0x6F, 0x72, 0x6B, 0x31, 0x17, 0x30, 0x15, 0x06, 0x03, 
0x55, 0x04, 0x0B, 0x13, 0x0E, 0x56, 0x65, 0x72, 0x69, 0x53, 0x69, 0x67, 
0x6E, 0x2C, 0x20, 0x49, 0x6E, 0x63, 0x2E, 0x31, 0x2C, 0x30, 0x2A, 0x06, 
0x03, 0x55, 0x04, 0x0B, 0x13, 0x23, 0x56, 0x65, 0x72, 0x69, 0x53, 0x69, 
0x67, 0x6E, 0x20, 0x54, 0x69, 0x6D, 0x65, 0x20, 0x53, 0x74, 0x61, 0x6D, 
0x70, 0x69, 0x6E, 0x67, 0x20, 0x53, 0x65, 0x72, 0x76, 0x69, 0x63, 0x65, 
0x20, 0x52, 0x6F, 0x6F, 0x74, 0x31, 0x34, 0x30, 0x32, 0x06, 0x03, 0x55, 
0x04, 0x0B, 0x13, 0x2B, 0x4E, 0x4F, 0x20, 0x4C, 0x49, 0x41, 0x42, 0x49, 
0x4C, 0x49, 0x54, 0x59, 0x20, 0x41, 0x43, 0x43, 0x45, 0x50, 0x54, 0x45, 
0x44, 0x2C, 0x20, 0x28, 0x63, 0x29, 0x39, 0x37, 0x20, 0x56, 0x65, 0x72, 
0x69, 0x53, 0x69, 0x67, 0x6E, 0x2C, 0x20, 0x49, 0x6E, 0x63, 0x2E, 0x30, 
0x81, 0x9F, 0x30, 0x0D, 0x06, 0x09, 0x2A, 0x86, 0x48, 0x86, 0xF7, 0x0D, 
0x01, 0x01, 0x01, 0x05, 0x00, 0x03, 0x81, 0x8D, 0x00, 0x30, 0x81, 0x89, 
0x02, 0x81, 0x81, 0x00, 0xD3, 0x2E, 0x20, 0xF0, 0x68, 0x7C, 0x2C, 0x2D, 
0x2E, 0x81, 0x1C, 0xB1, 0x06, 0xB2, 0xA7, 0x0B, 0xB7, 0x11, 0x0D, 0x57, 
0xDA, 0x53, 0xD8, 0x75, 0xE3, 0xC9, 0x33, 0x2A, 0xB2, 0xD4, 0xF6, 0x09, 
0x5B, 0x34, 0xF3, 0xE9, 0x90, 0xFE, 0x09, 0x0C, 0xD0, 0xDB, 0x1B, 0x5A, 
0xB9, 0xCD, 0xE7, 0xF6, 0x88, 0xB1, 0x9D, 0xC0, 0x87, 0x25, 0xEB, 0x7D, 
0x58, 0x10, 0x73, 0x6A, 0x78, 0xCB, 0x71, 0x15, 0xFD, 0xC6, 0x58, 0xF6, 
0x29, 0xAB, 0x58, 0x5E, 0x96, 0x04, 0xFD, 0x2D, 0x62, 0x11, 0x58, 0x81, 
0x1C, 0xCA, 0x71, 0x94, 0xD5, 0x22, 0x58, 0x2F, 0xD5, 0xCC, 0x14, 0x05, 
0x84, 0x36, 0xBA, 0x94, 0xAA, 0xB4, 0x4D, 0x4A, 0xE9, 0xEE, 0x3B, 0x22, 
0xAD, 0x56, 0x99, 0x7E, 0x21, 0x9C, 0x6C, 0x86, 0xC0, 0x4A, 0x47, 0x97, 
0x6A, 0xB4, 0xA6, 0x36, 0xD5, 0xFC, 0x09, 0x2D, 0xD3, 0xB4, 0x39, 0x9B, 
0x02, 0x03, 0x01, 0x00, 0x01, 0x30, 0x0D, 0x06, 0x09, 0x2A, 0x86, 0x48, 
0x86, 0xF7, 0x0D, 0x01, 0x01, 0x04, 0x05, 0x00, 0x03, 0x81, 0x81, 0x00, 
0x61, 0x55, 0x0E, 0x3E, 0x7B, 0xC7, 0x92, 0x12, 0x7E, 0x11, 0x10, 0x8E, 
0x22, 0xCC, 0xD4, 0xB3, 0x13, 0x2B, 0x5B, 0xE8, 0x44, 0xE4, 0x0B, 0x78, 
0x9E, 0xA4, 0x7E, 0xF3, 0xA7, 0x07, 0x72, 0x1E, 0xE2, 0x59, 0xEF, 0xCC, 
0x84, 0xE3, 0x89, 0x94, 0x4C, 0xDB, 0x4E, 0x61, 0xEF, 0xB3, 0xA4, 0xFB, 
0x46, 0x3D, 0x50, 0x34, 0x0B, 0x9F, 0x70, 0x56, 0xF6, 0x8E, 0x2A, 0x7F, 
0x17, 0xCE, 0xE5, 0x63, 0xBF, 0x79, 0x69, 0x07, 0x73, 0x2E, 0xB0, 0x95, 
0x28, 0x8A, 0xF5, 0xED, 0xAA, 0xA9, 0xD2, 0x5D, 0xCD, 0x0A, 0xCA, 0x10, 
0x09, 0x8F, 0xCE, 0xB3, 0xAF, 0x28, 0x96, 0xC4, 0x79, 0x29, 0x84, 0x92, 
0xDC, 0xFF, 0xBA, 0x67, 0x42, 0x48, 0xA6, 0x90, 0x10, 0xE4, 0xBF, 0x61, 
0xF8, 0x9C, 0x53, 0xE5, 0x93, 0xD1, 0x73, 0x3F, 0xF8, 0xFD, 0x9D, 0x4F, 
0x84, 0xAC, 0x55, 0xD1, 0xFD, 0x11, 0x63, 0x63, 0x30, 0x82, 0x04, 0x02, 
0x30, 0x82, 0x03, 0x6B, 0xA0, 0x03, 0x02, 0x01, 0x02, 0x02, 0x10, 0x08, 
0x7A, 0x6D, 0x5C, 0x6F, 0x62, 0x93, 0x4F, 0xBA, 0xC4, 0xFD, 0x43, 0xE1, 
0x14, 0x18, 0x9D, 0x30, 0x0D, 0x06, 0x09, 0x2A, 0x86, 0x48, 0x86, 0xF7, 
0x0D, 0x01, 0x01, 0x04, 0x05, 0x00, 0x30, 0x81, 0x9E, 0x31, 0x1F, 0x30, 
0x1D, 0x06, 0x03, 0x55, 0x04, 0x0A, 0x13, 0x16, 0x56, 0x65, 0x72, 0x69, 
0x53, 0x69, 0x67, 0x6E, 0x20, 0x54, 0x72, 0x75, 0x73, 0x74, 0x20, 0x4E, 
0x65, 0x74, 0x77, 0x6F, 0x72, 0x6B, 0x31, 0x17, 0x30, 0x15, 0x06, 0x03, 
0x55, 0x04, 0x0B, 0x13, 0x0E, 0x56, 0x65, 0x72, 0x69, 0x53, 0x69, 0x67, 
0x6E, 0x2C, 0x20, 0x49, 0x6E, 0x63, 0x2E, 0x31, 0x2C, 0x30, 0x2A, 0x06, 
0x03, 0x55, 0x04, 0x0B, 0x13, 0x23, 0x56, 0x65, 0x72, 0x69, 0x53, 0x69, 
0x67, 0x6E, 0x20, 0x54, 0x69, 0x6D, 0x65, 0x20, 0x53, 0x74, 0x61, 0x6D, 
0x70, 0x69, 0x6E, 0x67, 0x20, 0x53, 0x65, 0x72, 0x76, 0x69, 0x63, 0x65, 
0x20, 0x52, 0x6F, 0x6F, 0x74, 0x31, 0x34, 0x30, 0x32, 0x06, 0x03, 0x55, 
0x04, 0x0B, 0x13, 0x2B, 0x4E, 0x4F, 0x20, 0x4C, 0x49, 0x41, 0x42, 0x49, 
0x4C, 0x49, 0x54, 0x59, 0x20, 0x41, 0x43, 0x43, 0x45, 0x50, 0x54, 0x45, 
0x44, 0x2C, 0x20, 0x28, 0x63, 0x29, 0x39, 0x37, 0x20, 0x56, 0x65, 0x72, 
0x69, 0x53, 0x69, 0x67, 0x6E, 0x2C, 0x20, 0x49, 0x6E, 0x63, 0x2E, 0x30, 
0x1E, 0x17, 0x0D, 0x30, 0x31, 0x30, 0x32, 0x32, 0x38, 0x30, 0x30, 0x30, 
0x30, 0x30, 0x30, 0x5A, 0x17, 0x0D, 0x30, 0x34, 0x30, 0x31, 0x30, 0x36, 
0x32, 0x33, 0x35, 0x39, 0x35, 0x39, 0x5A, 0x30, 0x81, 0xA0, 0x31, 0x17, 
0x30, 0x15, 0x06, 0x03, 0x55, 0x04, 0x0A, 0x13, 0x0E, 0x56, 0x65, 0x72, 
0x69, 0x53, 0x69, 0x67, 0x6E, 0x2C, 0x20, 0x49, 0x6E, 0x63, 0x2E, 0x31, 
0x1F, 0x30, 0x1D, 0x06, 0x03, 0x55, 0x04, 0x0B, 0x13, 0x16, 0x56, 0x65, 
0x72, 0x69, 0x53, 0x69, 0x67, 0x6E, 0x20, 0x54, 0x72, 0x75, 0x73, 0x74, 
0x20, 0x4E, 0x65, 0x74, 0x77, 0x6F, 0x72, 0x6B, 0x31, 0x3B, 0x30, 0x39, 
0x06, 0x03, 0x55, 0x04, 0x0B, 0x13, 0x32, 0x54, 0x65, 0x72, 0x6D, 0x73, 
0x20, 0x6F, 0x66, 0x20, 0x75, 0x73, 0x65, 0x20, 0x61, 0x74, 0x20, 0x68, 
0x74, 0x74, 0x70, 0x73, 0x3A, 0x2F, 0x2F, 0x77, 0x77, 0x77, 0x2E, 0x76, 
0x65, 0x72, 0x69, 0x73, 0x69, 0x67, 0x6E, 0x2E, 0x63, 0x6F, 0x6D, 0x2F, 
0x72, 0x70, 0x61, 0x20, 0x28, 0x63, 0x29, 0x30, 0x31, 0x31, 0x27, 0x30, 
0x25, 0x06, 0x03, 0x55, 0x04, 0x03, 0x13, 0x1E, 0x56, 0x65, 0x72, 0x69, 
0x53, 0x69, 0x67, 0x6E, 0x20, 0x54, 0x69, 0x6D, 0x65, 0x20, 0x53, 0x74, 
0x61, 0x6D, 0x70, 0x69, 0x6E, 0x67, 0x20, 0x53, 0x65, 0x72, 0x76, 0x69, 
0x63, 0x65, 0x30, 0x82, 0x01, 0x22, 0x30, 0x0D, 0x06, 0x09, 0x2A, 0x86, 
0x48, 0x86, 0xF7, 0x0D, 0x01, 0x01, 0x01, 0x05, 0x00, 0x03, 0x82, 0x01, 
0x0F, 0x00, 0x30, 0x82, 0x01, 0x0A, 0x02, 0x82, 0x01, 0x01, 0x00, 0xC0, 
0x7A, 0x61, 0x87, 0xEB, 0xB2, 0xA7, 0x03, 0x63, 0x1B, 0x2B, 0x1A, 0x61, 
0xDE, 0x80, 0xB7, 0x15, 0x1D, 0xA0, 0x8B, 0x90, 0x3D, 0xBB, 0x27, 0x92, 
0x84, 0x14, 0x39, 0xEB, 0x85, 0xCE, 0x29, 0x92, 0x06, 0x66, 0x48, 0xA4, 
0x03, 0x4F, 0x8D, 0xE8, 0x4F, 0xA7, 0xF0, 0xAF, 0x5E, 0xD1, 0x2F, 0x19, 
0xC7, 0x91, 0xF1, 0xB5, 0x9E, 0x7B, 0x91, 0x21, 0xCE, 0xE9, 0xFF, 0xE3, 
0x4E, 0xF0, 0xFC, 0xAF, 0x95, 0x58, 0xB8, 0x63, 0x2D, 0xE6, 0x8E, 0xF6, 
0x29, 0x18, 0xCD, 0x70, 0x8E, 0x50, 0xC3, 0xED, 0x96, 0xBB, 0x40, 0xDB, 
0xBE, 0x25, 0xE8, 0x42, 0x55, 0xD6, 0xF6, 0x85, 0xF2, 0x06, 0xE7, 0x8B, 
0x99, 0x1C, 0x31, 0xF3, 0x03, 0x0F, 0xD4, 0x4C, 0x9C, 0x24, 0x2A, 0xDC, 
0x1B, 0x1B, 0x8F, 0x82, 0xF3, 0xB0, 0xEF, 0xA7, 0x4D, 0xE3, 0x14, 0xA7, 
0xE0, 0x8F, 0xD6, 0xC7, 0x68, 0xC2, 0x61, 0x58, 0xA9, 0x72, 0xD4, 0xF8, 
0x30, 0x48, 0x4F, 0xD9, 0x2F, 0x6F, 0x63, 0x20, 0xD9, 0x89, 0xCA, 0x82, 
0x7B, 0xC2, 0x4B, 0xBC, 0x28, 0xC5, 0x81, 0x68, 0xE7, 0xE6, 0x82, 0x40, 
0xAC, 0x46, 0x3A, 0xA0, 0xF9, 0x3F, 0x36, 0xCD, 0x4C, 0xBB, 0x54, 0x42, 
0x5A, 0x7A, 0x65, 0x7B, 0xFE, 0x84, 0xE4, 0xC7, 0x47, 0x54, 0xAC, 0xB9, 
0x3D, 0xEC, 0x80, 0xC7, 0x1A, 0xF7, 0xC4, 0x33, 0x81, 0x81, 0xC9, 0x2A, 
0x95, 0xFB, 0x7F, 0x5E, 0x3A, 0x87, 0x90, 0x14, 0xDB, 0xCC, 0x2E, 0x75, 
0xF2, 0xEF, 0x6B, 0xE6, 0x3D, 0xA9, 0x60, 0xBE, 0x42, 0x01, 0xAA, 0x4F, 
0xAA, 0x5B, 0xA8, 0x3F, 0x22, 0x31, 0x9F, 0x12, 0x15, 0xF9, 0x73, 0xA1, 
0x1E, 0x82, 0x8B, 0x04, 0x2B, 0xEA, 0x46, 0x02, 0x4C, 0x6D, 0x8F, 0x1F, 
0x50, 0x2E, 0x95, 0x4B, 0x2A, 0x78, 0x06, 0x84, 0x74, 0x3D, 0x91, 0x8F, 
0x2C, 0x47, 0x31, 0x02, 0x03, 0x01, 0x00, 0x01, 0xA3, 0x81, 0xB8, 0x30, 
0x81, 0xB5, 0x30, 0x40, 0x06, 0x08, 0x2B, 0x06, 0x01, 0x05, 0x05, 0x07, 
0x01, 0x01, 0x04, 0x34, 0x30, 0x32, 0x30, 0x30, 0x06, 0x08, 0x2B, 0x06, 
0x01, 0x05, 0x05, 0x07, 0x30, 0x01, 0x86, 0x24, 0x68, 0x74, 0x74, 0x70, 
0x3A, 0x2F, 0x2F, 0x6F, 0x63, 0x73, 0x70, 0x2E, 0x76, 0x65, 0x72, 0x69, 
0x73, 0x69, 0x67, 0x6E, 0x2E, 0x63, 0x6F, 0x6D, 0x2F, 0x6F, 0x63, 0x73, 
0x70, 0x2F, 0x73, 0x74, 0x61, 0x74, 0x75, 0x73, 0x30, 0x09, 0x06, 0x03, 
0x55, 0x1D, 0x13, 0x04, 0x02, 0x30, 0x00, 0x30, 0x44, 0x06, 0x03, 0x55, 
0x1D, 0x20, 0x04, 0x3D, 0x30, 0x3B, 0x30, 0x39, 0x06, 0x0B, 0x60, 0x86, 
0x48, 0x01, 0x86, 0xF8, 0x45, 0x01, 0x07, 0x01, 0x01, 0x30, 0x2A, 0x30, 
0x28, 0x06, 0x08, 0x2B, 0x06, 0x01, 0x05, 0x05, 0x07, 0x02, 0x01, 0x16, 
0x1C, 0x68, 0x74, 0x74, 0x70, 0x73, 0x3A, 0x2F, 0x2F, 0x77, 0x77, 0x77, 
0x2E, 0x76, 0x65, 0x72, 0x69, 0x73, 0x69, 0x67, 0x6E, 0x2E, 0x63, 0x6F, 
0x6D, 0x2F, 0x72, 0x70, 0x61, 0x30, 0x13, 0x06, 0x03, 0x55, 0x1D, 0x25, 
0x04, 0x0C, 0x30, 0x0A, 0x06, 0x08, 0x2B, 0x06, 0x01, 0x05, 0x05, 0x07, 
0x03, 0x08, 0x30, 0x0B, 0x06, 0x03, 0x55, 0x1D, 0x0F, 0x04, 0x04, 0x03, 
0x02, 0x06, 0xC0, 0x30, 0x0D, 0x06, 0x09, 0x2A, 0x86, 0x48, 0x86, 0xF7, 
0x0D, 0x01, 0x01, 0x04, 0x05, 0x00, 0x03, 0x81, 0x81, 0x00, 0x2D, 0xF3, 
0x4F, 0x63, 0x60, 0x2C, 0x18, 0xDA, 0xF5, 0x24, 0x0F, 0x52, 0xB3, 0x0C, 
0xEB, 0xB3, 0xBC, 0x67, 0x85, 0xC2, 0x23, 0xED, 0x8F, 0x46, 0x0D, 0xCF, 
0x1A, 0x4D, 0xBE, 0xF3, 0x7C, 0x7A, 0x20, 0x30, 0x32, 0x18, 0x68, 0x8B, 
0x92, 0xBB, 0x32, 0x99, 0xF0, 0x93, 0xB8, 0x3B, 0x15, 0x06, 0x27, 0x7B, 
0x3E, 0x02, 0x06, 0x00, 0xA4, 0x21, 0x92, 0x84, 0x13, 0x0A, 0xC5, 0x98, 
0xE5, 0x40, 0x57, 0xC5, 0x05, 0x25, 0xE8, 0xAF, 0xAF, 0x11, 0x6A, 0xA9, 
0xE5, 0x3B, 0xCB, 0xE9, 0x23, 0xF6, 0x94, 0x29, 0x5D, 0x40, 0x55, 0xF3, 
0xA5, 0x53, 0x9D, 0xC8, 0x36, 0x3A, 0x39, 0x65, 0x08, 0x73, 0x73, 0xA4, 
0x32, 0xD2, 0xAF, 0xAC, 0xBF, 0xC7, 0x05, 0x3C, 0xFF, 0x45, 0xEC, 0xC3, 
0xE8, 0xDA, 0x24, 0xD1, 0xCE, 0x63, 0xAE, 0x09, 0xA7, 0xFB, 0xE2, 0x1B, 
0xE3, 0xFD, 0x41, 0x0A, 0x6A, 0x96, 0x30, 0x82, 0x04, 0x12, 0x30, 0x82, 
0x02, 0xFA, 0xA0, 0x03, 0x02, 0x01, 0x02, 0x02, 0x0F, 0x00, 0xC1, 0x00, 
0x8B, 0x3C, 0x3C, 0x88, 0x11, 0xD1, 0x3E, 0xF6, 0x63, 0xEC, 0xDF, 0x40, 
0x30, 0x0D, 0x06, 0x09, 0x2A, 0x86, 0x48, 0x86, 0xF7, 0x0D, 0x01, 0x01, 
0x04, 0x05, 0x00, 0x30, 0x70, 0x31, 0x2B, 0x30, 0x29, 0x06, 0x03, 0x55, 
0x04, 0x0B, 0x13, 0x22, 0x43, 0x6F, 0x70, 0x79, 0x72, 0x69, 0x67, 0x68, 
0x74, 0x20, 0x28, 0x63, 0x29, 0x20, 0x31, 0x39, 0x39, 0x37, 0x20, 0x4D, 
0x69, 0x63, 0x72, 0x6F, 0x73, 0x6F, 0x66, 0x74, 0x20, 0x43, 0x6F, 0x72, 
0x70, 0x2E, 0x31, 0x1E, 0x30, 0x1C, 0x06, 0x03, 0x55, 0x04, 0x0B, 0x13, 
0x15, 0x4D, 0x69, 0x63, 0x72, 0x6F, 0x73, 0x6F, 0x66, 0x74, 0x20, 0x43, 
0x6F, 0x72, 0x70, 0x6F, 0x72, 0x61, 0x74, 0x69, 0x6F, 0x6E, 0x31, 0x21, 
0x30, 0x1F, 0x06, 0x03, 0x55, 0x04, 0x03, 0x13, 0x18, 0x4D, 0x69, 0x63, 
0x72, 0x6F, 0x73, 0x6F, 0x66, 0x74, 0x20, 0x52, 0x6F, 0x6F, 0x74, 0x20, 
0x41, 0x75, 0x74, 0x68, 0x6F, 0x72, 0x69, 0x74, 0x79, 0x30, 0x1E, 0x17, 
0x0D, 0x39, 0x37, 0x30, 0x31, 0x31, 0x30, 0x30, 0x37, 0x30, 0x30, 0x30, 
0x30, 0x5A, 0x17, 0x0D, 0x32, 0x30, 0x31, 0x32, 0x33, 0x31, 0x30, 0x37, 
0x30, 0x30, 0x30, 0x30, 0x5A, 0x30, 0x70, 0x31, 0x2B, 0x30, 0x29, 0x06, 
0x03, 0x55, 0x04, 0x0B, 0x13, 0x22, 0x43, 0x6F, 0x70, 0x79, 0x72, 0x69, 
0x67, 0x68, 0x74, 0x20, 0x28, 0x63, 0x29, 0x20, 0x31, 0x39, 0x39, 0x37, 
0x20, 0x4D, 0x69, 0x63, 0x72, 0x6F, 0x73, 0x6F, 0x66, 0x74, 0x20, 0x43, 
0x6F, 0x72, 0x70, 0x2E, 0x31, 0x1E, 0x30, 0x1C, 0x06, 0x03, 0x55, 0x04, 
0x0B, 0x13, 0x15, 0x4D, 0x69, 0x63, 0x72, 0x6F, 0x73, 0x6F, 0x66, 0x74, 
0x20, 0x43, 0x6F, 0x72, 0x70, 0x6F, 0x72, 0x61, 0x74, 0x69, 0x6F, 0x6E, 
0x31, 0x21, 0x30, 0x1F, 0x06, 0x03, 0x55, 0x04, 0x03, 0x13, 0x18, 0x4D, 
0x69, 0x63, 0x72, 0x6F, 0x73, 0x6F, 0x66, 0x74, 0x20, 0x52, 0x6F, 0x6F, 
0x74, 0x20, 0x41, 0x75, 0x74, 0x68, 0x6F, 0x72, 0x69, 0x74, 0x79, 0x30, 
0x82, 0x01, 0x22, 0x30, 0x0D, 0x06, 0x09, 0x2A, 0x86, 0x48, 0x86, 0xF7, 
0x0D, 0x01, 0x01, 0x01, 0x05, 0x00, 0x03, 0x82, 0x01, 0x0F, 0x00, 0x30, 
0x82, 0x01, 0x0A, 0x02, 0x82, 0x01, 0x01, 0x00, 0xA9, 0x02, 0xBD, 0xC1, 
0x70, 0xE6, 0x3B, 0xF2, 0x4E, 0x1B, 0x28, 0x9F, 0x97, 0x78, 0x5E, 0x30, 
0xEA, 0xA2, 0xA9, 0x8D, 0x25, 0x5F, 0xF8, 0xFE, 0x95, 0x4C, 0xA3, 0xB7, 
0xFE, 0x9D, 0xA2, 0x20, 0x3E, 0x7C, 0x51, 0xA2, 0x9B, 0xA2, 0x8F, 0x60, 
0x32, 0x6B, 0xD1, 0x42, 0x64, 0x79, 0xEE, 0xAC, 0x76, 0xC9, 0x54, 0xDA, 
0xF2, 0xEB, 0x9C, 0x86, 0x1C, 0x8F, 0x9F, 0x84, 0x66, 0xB3, 0xC5, 0x6B, 
0x7A, 0x62, 0x23, 0xD6, 0x1D, 0x3C, 0xDE, 0x0F, 0x01, 0x92, 0xE8, 0x96, 
0xC4, 0xBF, 0x2D, 0x66, 0x9A, 0x9A, 0x68, 0x26, 0x99, 0xD0, 0x3A, 0x2C, 
0xBF, 0x0C, 0xB5, 0x58, 0x26, 0xC1, 0x46, 0xE7, 0x0A, 0x3E, 0x38, 0x96, 
0x2C, 0xA9, 0x28, 0x39, 0xA8, 0xEC, 0x49, 0x83, 0x42, 0xE3, 0x84, 0x0F, 
0xBB, 0x9A, 0x6C, 0x55, 0x61, 0xAC, 0x82, 0x7C, 0xA1, 0x60, 0x2D, 0x77, 
0x4C, 0xE9, 0x99, 0xB4, 0x64, 0x3B, 0x9A, 0x50, 0x1C, 0x31, 0x08, 0x24, 
0x14, 0x9F, 0xA9, 0xE7, 0x91, 0x2B, 0x18, 0xE6, 0x3D, 0x98, 0x63, 0x14, 
0x60, 0x58, 0x05, 0x65, 0x9F, 0x1D, 0x37, 0x52, 0x87, 0xF7, 0xA7, 0xEF, 
0x94, 0x02, 0xC6, 0x1B, 0xD3, 0xBF, 0x55, 0x45, 0xB3, 0x89, 0x80, 0xBF, 
0x3A, 0xEC, 0x54, 0x94, 0x4E, 0xAE, 0xFD, 0xA7, 0x7A, 0x6D, 0x74, 0x4E, 
0xAF, 0x18, 0xCC, 0x96, 0x09, 0x28, 0x21, 0x00, 0x57, 0x90, 0x60, 0x69, 
0x37, 0xBB, 0x4B, 0x12, 0x07, 0x3C, 0x56, 0xFF, 0x5B, 0xFB, 0xA4, 0x66, 
0x0A, 0x08, 0xA6, 0xD2, 0x81, 0x56, 0x57, 0xEF, 0xB6, 0x3B, 0x5E, 0x16, 
0x81, 0x77, 0x04, 0xDA, 0xF6, 0xBE, 0xAE, 0x80, 0x95, 0xFE, 0xB0, 0xCD, 
0x7F, 0xD6, 0xA7, 0x1A, 0x72, 0x5C, 0x3C, 0xCA, 0xBC, 0xF0, 0x08, 0xA3, 
0x22, 0x30, 0xB3, 0x06, 0x85, 0xC9, 0xB3, 0x20, 0x77, 0x13, 0x85, 0xDF, 
0x02, 0x03, 0x01, 0x00, 0x01, 0xA3, 0x81, 0xA8, 0x30, 0x81, 0xA5, 0x30, 
0x81, 0xA2, 0x06, 0x03, 0x55, 0x1D, 0x01, 0x04, 0x81, 0x9A, 0x30, 0x81, 
0x97, 0x80, 0x10, 0x5B, 0xD0, 0x70, 0xEF, 0x69, 0x72, 0x9E, 0x23, 0x51, 
0x7E, 0x14, 0xB2, 0x4D, 0x8E, 0xFF, 0xCB, 0xA1, 0x72, 0x30, 0x70, 0x31, 
0x2B, 0x30, 0x29, 0x06, 0x03, 0x55, 0x04, 0x0B, 0x13, 0x22, 0x43, 0x6F, 
0x70, 0x79, 0x72, 0x69, 0x67, 0x68, 0x74, 0x20, 0x28, 0x63, 0x29, 0x20, 
0x31, 0x39, 0x39, 0x37, 0x20, 0x4D, 0x69, 0x63, 0x72, 0x6F, 0x73, 0x6F, 
0x66, 0x74, 0x20, 0x43, 0x6F, 0x72, 0x70, 0x2E, 0x31, 0x1E, 0x30, 0x1C, 
0x06, 0x03, 0x55, 0x04, 0x0B, 0x13, 0x15, 0x4D, 0x69, 0x63, 0x72, 0x6F, 
0x73, 0x6F, 0x66, 0x74, 0x20, 0x43, 0x6F, 0x72, 0x70, 0x6F, 0x72, 0x61, 
0x74, 0x69, 0x6F, 0x6E, 0x31, 0x21, 0x30, 0x1F, 0x06, 0x03, 0x55, 0x04, 
0x03, 0x13, 0x18, 0x4D, 0x69, 0x63, 0x72, 0x6F, 0x73, 0x6F, 0x66, 0x74, 
0x20, 0x52, 0x6F, 0x6F, 0x74, 0x20, 0x41, 0x75, 0x74, 0x68, 0x6F, 0x72, 
0x69, 0x74, 0x79, 0x82, 0x0F, 0x00, 0xC1, 0x00, 0x8B, 0x3C, 0x3C, 0x88, 
0x11, 0xD1, 0x3E, 0xF6, 0x63, 0xEC, 0xDF, 0x40, 0x30, 0x0D, 0x06, 0x09, 
0x2A, 0x86, 0x48, 0x86, 0xF7, 0x0D, 0x01, 0x01, 0x04, 0x05, 0x00, 0x03, 
0x82, 0x01, 0x01, 0x00, 0x95, 0xE8, 0x0B, 0xC0, 0x8D, 0xF3, 0x97, 0x18, 
0x35, 0xED, 0xB8, 0x01, 0x24, 0xD8, 0x77, 0x11, 0xF3, 0x5C, 0x60, 0x32, 
0x9F, 0x9E, 0x0B, 0xCB, 0x3E, 0x05, 0x91, 0x88, 0x8F, 0xC9, 0x3A, 0xE6, 
0x21, 0xF2, 0xF0, 0x57, 0x93, 0x2C, 0xB5, 0xA0, 0x47, 0xC8, 0x62, 0xEF, 
0xFC, 0xD7, 0xCC, 0x3B, 0x3B, 0x5A, 0xA9, 0x36, 0x54, 0x69, 0xFE, 0x24, 
0x6D, 0x3F, 0xC9, 0xCC, 0xAA, 0xDE, 0x05, 0x7C, 0xDD, 0x31, 0x8D, 0x3D, 
0x9F, 0x10, 0x70, 0x6A, 0xBB, 0xFE, 0x12, 0x4F, 0x18, 0x69, 0xC0, 0xFC, 
0xD0, 0x43, 0xE3, 0x11, 0x5A, 0x20, 0x4F, 0xEA, 0x62, 0x7B, 0xAF, 0xAA, 
0x19, 0xC8, 0x2B, 0x37, 0x25, 0x2D, 0xBE, 0x65, 0xA1, 0x12, 0x8A, 0x25, 
0x0F, 0x63, 0xA3, 0xF7, 0x54, 0x1C, 0xF9, 0x21, 0xC9, 0xD6, 0x15, 0xF3, 
0x52, 0xAC, 0x6E, 0x43, 0x32, 0x07, 0xFD, 0x82, 0x17, 0xF8, 0xE5, 0x67, 
0x6C, 0x0D, 0x51, 0xF6, 0xBD, 0xF1, 0x52, 0xC7, 0xBD, 0xE7, 0xC4, 0x30, 
0xFC, 0x20, 0x31, 0x09, 0x88, 0x1D, 0x95, 0x29, 0x1A, 0x4D, 0xD5, 0x1D, 
0x02, 0xA5, 0xF1, 0x80, 0xE0, 0x03, 0xB4, 0x5B, 0xF4, 0xB1, 0xDD, 0xC8, 
0x57, 0xEE, 0x65, 0x49, 0xC7, 0x52, 0x54, 0xB6, 0xB4, 0x03, 0x28, 0x12, 
0xFF, 0x90, 0xD6, 0xF0, 0x08, 0x8F, 0x7E, 0xB8, 0x97, 0xC5, 0xAB, 0x37, 
0x2C, 0xE4, 0x7A, 0xE4, 0xA8, 0x77, 0xE3, 0x76, 0xA0, 0x00, 0xD0, 0x6A, 
0x3F, 0xC1, 0xD2, 0x36, 0x8A, 0xE0, 0x41, 0x12, 0xA8, 0x35, 0x6A, 0x1B, 
0x6A, 0xDB, 0x35, 0xE1, 0xD4, 0x1C, 0x04, 0xE4, 0xA8, 0x45, 0x04, 0xC8, 
0x5A, 0x33, 0x38, 0x6E, 0x4D, 0x1C, 0x0D, 0x62, 0xB7, 0x0A, 0xA2, 0x8C, 
0xD3, 0xD5, 0x54, 0x3F, 0x46, 0xCD, 0x1C, 0x55, 0xA6, 0x70, 0xDB, 0x12, 
0x3A, 0x87, 0x93, 0x75, 0x9F, 0xA7, 0xD2, 0xA0, 0x30, 0x82, 0x04, 0xC9, 
0x30, 0x82, 0x03, 0xB1, 0xA0, 0x03, 0x02, 0x01, 0x02, 0x02, 0x10, 0x6A, 
0x0B, 0x99, 0x4F, 0xC0, 0x00, 0xDE, 0xAA, 0x11, 0xD4, 0xD8, 0x40, 0x9A, 
0xA8, 0xBE, 0xE6, 0x30, 0x0D, 0x06, 0x09, 0x2A, 0x86, 0x48, 0x86, 0xF7, 
0x0D, 0x01, 0x01, 0x04, 0x05, 0x00, 0x30, 0x70, 0x31, 0x2B, 0x30, 0x29, 
0x06, 0x03, 0x55, 0x04, 0x0B, 0x13, 0x22, 0x43, 0x6F, 0x70, 0x79, 0x72, 
0x69, 0x67, 0x68, 0x74, 0x20, 0x28, 0x63, 0x29, 0x20, 0x31, 0x39, 0x39, 
0x37, 0x20, 0x4D, 0x69, 0x63, 0x72, 0x6F, 0x73, 0x6F, 0x66, 0x74, 0x20, 
0x43, 0x6F, 0x72, 0x70, 0x2E, 0x31, 0x1E, 0x30, 0x1C, 0x06, 0x03, 0x55, 
0x04, 0x0B, 0x13, 0x15, 0x4D, 0x69, 0x63, 0x72, 0x6F, 0x73, 0x6F, 0x66, 
0x74, 0x20, 0x43, 0x6F, 0x72, 0x70, 0x6F, 0x72, 0x61, 0x74, 0x69, 0x6F, 
0x6E, 0x31, 0x21, 0x30, 0x1F, 0x06, 0x03, 0x55, 0x04, 0x03, 0x13, 0x18, 
0x4D, 0x69, 0x63, 0x72, 0x6F, 0x73, 0x6F, 0x66, 0x74, 0x20, 0x52, 0x6F, 
0x6F, 0x74, 0x20, 0x41, 0x75, 0x74, 0x68, 0x6F, 0x72, 0x69, 0x74, 0x79, 
0x30, 0x1E, 0x17, 0x0D, 0x30, 0x30, 0x31, 0x32, 0x31, 0x30, 0x30, 0x38, 
0x30, 0x30, 0x30, 0x30, 0x5A, 0x17, 0x0D, 0x30, 0x35, 0x31, 0x31, 0x31, 
0x32, 0x30, 0x38, 0x30, 0x30, 0x30, 0x30, 0x5A, 0x30, 0x81, 0xA6, 0x31, 
0x0B, 0x30, 0x09, 0x06, 0x03, 0x55, 0x04, 0x06, 0x13, 0x02, 0x55, 0x53, 
0x31, 0x13, 0x30, 0x11, 0x06, 0x03, 0x55, 0x04, 0x08, 0x13, 0x0A, 0x57, 
0x61, 0x73, 0x68, 0x69, 0x6E, 0x67, 0x74, 0x6F, 0x6E, 0x31, 0x10, 0x30, 
0x0E, 0x06, 0x03, 0x55, 0x04, 0x07, 0x13, 0x07, 0x52, 0x65, 0x64, 0x6D, 
0x6F, 0x6E, 0x64, 0x31, 0x1E, 0x30, 0x1C, 0x06, 0x03, 0x55, 0x04, 0x0A, 
0x13, 0x15, 0x4D, 0x69, 0x63, 0x72, 0x6F, 0x73, 0x6F, 0x66, 0x74, 0x20, 
0x43, 0x6F, 0x72, 0x70, 0x6F, 0x72, 0x61, 0x74, 0x69, 0x6F, 0x6E, 0x31, 
0x2B, 0x30, 0x29, 0x06, 0x03, 0x55, 0x04, 0x0B, 0x13, 0x22, 0x43, 0x6F, 
0x70, 0x79, 0x72, 0x69, 0x67, 0x68, 0x74, 0x20, 0x28, 0x63, 0x29, 0x20, 
0x32, 0x30, 0x30, 0x30, 0x20, 0x4D, 0x69, 0x63, 0x72, 0x6F, 0x73, 0x6F, 
0x66, 0x74, 0x20, 0x43, 0x6F, 0x72, 0x70, 0x2E, 0x31, 0x23, 0x30, 0x21, 
0x06, 0x03, 0x55, 0x04, 0x03, 0x13, 0x1A, 0x4D, 0x69, 0x63, 0x72, 0x6F, 
0x73, 0x6F, 0x66, 0x74, 0x20, 0x43, 0x6F, 0x64, 0x65, 0x20, 0x53, 0x69, 
0x67, 0x6E, 0x69, 0x6E, 0x67, 0x20, 0x50, 0x43, 0x41, 0x30, 0x82, 0x01, 
0x20, 0x30, 0x0D, 0x06, 0x09, 0x2A, 0x86, 0x48, 0x86, 0xF7, 0x0D, 0x01, 
0x01, 0x01, 0x05, 0x00, 0x03, 0x82, 0x01, 0x0D, 0x00, 0x30, 0x82, 0x01, 
0x08, 0x02, 0x82, 0x01, 0x01, 0x00, 0xA2, 0x84, 0x15, 0x53, 0xD8, 0x0B, 
0x30, 0x0E, 0x34, 0x95, 0xFF, 0x3A, 0x1B, 0xC2, 0xF3, 0x2F, 0x7B, 0x6D, 
0x37, 0x23, 0x4D, 0xF3, 0xD2, 0x8C, 0xE5, 0xFD, 0xAF, 0xFD, 0xC5, 0x02, 
0x34, 0x1F, 0x24, 0xC7, 0xE5, 0xA1, 0xDC, 0x54, 0xEC, 0x7E, 0x02, 0x74, 
0x47, 0xAB, 0xDB, 0x32, 0x58, 0x16, 0x14, 0x51, 0x29, 0x38, 0xF1, 0x7E, 
0xB2, 0xB4, 0x8C, 0x3A, 0x47, 0xB5, 0x39, 0x4E, 0x6E, 0x54, 0xC2, 0x31, 
0x0C, 0x3A, 0x6D, 0xFB, 0xCD, 0xCD, 0xCB, 0x50, 0x9C, 0x1B, 0xAE, 0xA7, 
0xD8, 0xD9, 0x4A, 0x26, 0x3F, 0xB5, 0xC5, 0xCB, 0x8F, 0x96, 0xE2, 0x49, 
0xF2, 0x6D, 0xD8, 0xE9, 0x96, 0x3E, 0xDE, 0x05, 0xCF, 0xF0, 0xA6, 0x55, 
0x37, 0xAD, 0x2F, 0x60, 0xCD, 0x80, 0x61, 0x42, 0xA1, 0x49, 0x54, 0x4A, 
0x0F, 0x18, 0xB7, 0x4B, 0xD9, 0x93, 0x99, 0x30, 0x5A, 0x47, 0x75, 0x64, 
0xB4, 0xD3, 0xBB, 0xDD, 0xB6, 0xAB, 0x0C, 0x9D, 0x4F, 0xB8, 0x73, 0x3B, 
0x18, 0x3A, 0xAA, 0xB4, 0x87, 0x8C, 0xB0, 0x88, 0xB0, 0x4D, 0x4F, 0x1F, 
0x4E, 0x11, 0xB5, 0x33, 0x80, 0xDF, 0x0D, 0x3A, 0x64, 0x6F, 0x44, 0xC7, 
0x34, 0xBD, 0x4A, 0x93, 0x9B, 0xBC, 0xA6, 0x1D, 0xF9, 0x05, 0x23, 0x4E, 
0x60, 0x29, 0x8F, 0xCC, 0x2A, 0xF2, 0x84, 0x9A, 0x99, 0xAD, 0xA8, 0xDB, 
0x0A, 0x70, 0x7B, 0xD6, 0x34, 0x41, 0x90, 0xA5, 0xB7, 0x66, 0xC7, 0x5C, 
0x1B, 0x1D, 0xA3, 0x33, 0x0E, 0x9B, 0x54, 0x03, 0x1A, 0x3F, 0x98, 0x90, 
0xB8, 0xCC, 0xE7, 0x3D, 0x04, 0x74, 0x43, 0x1C, 0x8F, 0xF7, 0x39, 0xE6, 
0xB3, 0xAC, 0x48, 0x7A, 0x6B, 0x2A, 0x0E, 0x62, 0x01, 0x61, 0x39, 0x76, 
0x6E, 0xFD, 0x3E, 0x98, 0x07, 0x4B, 0x14, 0xF1, 0x01, 0x46, 0xFD, 0x15, 
0x00, 0xE0, 0x47, 0xDA, 0x4F, 0xE4, 0x05, 0xE4, 0x80, 0x25, 0x02, 0x01, 
0x03, 0xA3, 0x82, 0x01, 0x28, 0x30, 0x82, 0x01, 0x24, 0x30, 0x13, 0x06, 
0x03, 0x55, 0x1D, 0x25, 0x04, 0x0C, 0x30, 0x0A, 0x06, 0x08, 0x2B, 0x06, 
0x01, 0x05, 0x05, 0x07, 0x03, 0x03, 0x30, 0x81, 0xA2, 0x06, 0x03, 0x55, 
0x1D, 0x01, 0x04, 0x81, 0x9A, 0x30, 0x81, 0x97, 0x80, 0x10, 0x5B, 0xD0, 
0x70, 0xEF, 0x69, 0x72, 0x9E, 0x23, 0x51, 0x7E, 0x14, 0xB2, 0x4D, 0x8E, 
0xFF, 0xCB, 0xA1, 0x72, 0x30, 0x70, 0x31, 0x2B, 0x30, 0x29, 0x06, 0x03, 
0x55, 0x04, 0x0B, 0x13, 0x22, 0x43, 0x6F, 0x70, 0x79, 0x72, 0x69, 0x67, 
0x68, 0x74, 0x20, 0x28, 0x63, 0x29, 0x20, 0x31, 0x39, 0x39, 0x37, 0x20, 
0x4D, 0x69, 0x63, 0x72, 0x6F, 0x73, 0x6F, 0x66, 0x74, 0x20, 0x43, 0x6F, 
0x72, 0x70, 0x2E, 0x31, 0x1E, 0x30, 0x1C, 0x06, 0x03, 0x55, 0x04, 0x0B, 
0x13, 0x15, 0x4D, 0x69, 0x63, 0x72, 0x6F, 0x73, 0x6F, 0x66, 0x74, 0x20, 
0x43, 0x6F, 0x72, 0x70, 0x6F, 0x72, 0x61, 0x74, 0x69, 0x6F, 0x6E, 0x31, 
0x21, 0x30, 0x1F, 0x06, 0x03, 0x55, 0x04, 0x03, 0x13, 0x18, 0x4D, 0x69, 
0x63, 0x72, 0x6F, 0x73, 0x6F, 0x66, 0x74, 0x20, 0x52, 0x6F, 0x6F, 0x74, 
0x20, 0x41, 0x75, 0x74, 0x68, 0x6F, 0x72, 0x69, 0x74, 0x79, 0x82, 0x0F, 
0x00, 0xC1, 0x00, 0x8B, 0x3C, 0x3C, 0x88, 0x11, 0xD1, 0x3E, 0xF6, 0x63, 
0xEC, 0xDF, 0x40, 0x30, 0x10, 0x06, 0x09, 0x2B, 0x06, 0x01, 0x04, 0x01, 
0x82, 0x37, 0x15, 0x01, 0x04, 0x03, 0x02, 0x01, 0x00, 0x30, 0x1D, 0x06, 
0x03, 0x55, 0x1D, 0x0E, 0x04, 0x16, 0x04, 0x14, 0x29, 0x5C, 0xB9, 0x1B, 
0xB6, 0xCD, 0x33, 0xEE, 0xBB, 0x9E, 0x59, 0x7D, 0xF7, 0xE5, 0xCA, 0x2E, 
0xC4, 0x0D, 0x34, 0x28, 0x30, 0x19, 0x06, 0x09, 0x2B, 0x06, 0x01, 0x04, 
0x01, 0x82, 0x37, 0x14, 0x02, 0x04, 0x0C, 0x1E, 0x0A, 0x00, 0x53, 0x00, 
0x75, 0x00, 0x62, 0x00, 0x43, 0x00, 0x41, 0x30, 0x0B, 0x06, 0x03, 0x55, 
0x1D, 0x0F, 0x04, 0x04, 0x03, 0x02, 0x01, 0x46, 0x30, 0x0F, 0x06, 0x03, 
0x55, 0x1D, 0x13, 0x01, 0x01, 0xFF, 0x04, 0x05, 0x30, 0x03, 0x01, 0x01, 
0xFF, 0x30, 0x0D, 0x06, 0x09, 0x2A, 0x86, 0x48, 0x86, 0xF7, 0x0D, 0x01, 
0x01, 0x04, 0x05, 0x00, 0x03, 0x82, 0x01, 0x01, 0x00, 0x45, 0x58, 0xE2, 
0x9A, 0x41, 0x7F, 0xFC, 0x9D, 0xBF, 0x48, 0x77, 0x77, 0xAE, 0x8C, 0xD9, 
0xE6, 0x19, 0xC5, 0x57, 0xB4, 0x1A, 0xBD, 0xB4, 0xB9, 0x5F, 0x02, 0xA1, 
0x45, 0x6A, 0x39, 0x59, 0xF9, 0xB9, 0x27, 0x9C, 0x2D, 0x4D, 0x9E, 0xFC, 
0xA2, 0xE4, 0x38, 0x8A, 0x38, 0x64, 0x22, 0x42, 0xDF, 0xB9, 0x2F, 0x2A, 
0xCF, 0xB7, 0xD6, 0x06, 0xCA, 0xEB, 0x2A, 0xBF, 0xE0, 0x1A, 0x85, 0x7C, 
0xDB, 0x51, 0x08, 0x3D, 0xF4, 0x22, 0xD3, 0xD4, 0xC0, 0x6D, 0x88, 0x81, 
0x15, 0x44, 0x5F, 0x64, 0x83, 0x64, 0xC4, 0xA9, 0x94, 0x2C, 0x8A, 0xDB, 
0x90, 0x37, 0x4A, 0x0F, 0xB7, 0xE8, 0xD4, 0x61, 0x8F, 0x76, 0x76, 0xE1, 
0xD9, 0x25, 0xFF, 0x24, 0x84, 0x95, 0x8D, 0x04, 0x56, 0x54, 0x94, 0xA1, 
0x1C, 0x3A, 0x3E, 0x82, 0xBC, 0xEE, 0xA5, 0x87, 0x8C, 0x1C, 0x8C, 0x4B, 
0x79, 0x5F, 0xB5, 0x49, 0xFA, 0x5E, 0x32, 0x69, 0x3A, 0x1F, 0x54, 0xAD, 
0x75, 0x4D, 0xDF, 0x64, 0xE7, 0x30, 0x3C, 0xDB, 0x64, 0x49, 0x44, 0xFB, 
0xFB, 0xC4, 0x1C, 0x42, 0x71, 0xE6, 0xA0, 0x3D, 0x45, 0xEE, 0x6B, 0x00, 
0x9F, 0xAC, 0x42, 0xBD, 0xBA, 0x11, 0xB3, 0x56, 0xE4, 0xFB, 0xD5, 0xA2, 
0x2A, 0x81, 0xD8, 0x1F, 0x4E, 0xA2, 0x55, 0xBE, 0x27, 0x8F, 0x70, 0xA6, 
0xA2, 0x6C, 0x1B, 0xFF, 0x54, 0x8A, 0x82, 0xBC, 0x81, 0x4B, 0xA6, 0xA1, 
0xB1, 0x66, 0x7A, 0xA9, 0x17, 0xA7, 0xCB, 0x06, 0xC0, 0x47, 0xEB, 0xA6, 
0xB3, 0xE9, 0x31, 0x15, 0x53, 0x3D, 0x2A, 0x04, 0xBF, 0xFF, 0x73, 0x48, 
0xDC, 0x8B, 0x27, 0x43, 0xFC, 0x63, 0xE8, 0xEE, 0x24, 0x87, 0x5B, 0xBE, 
0x36, 0xD1, 0xE8, 0x31, 0xF5, 0x32, 0xD9, 0x5E, 0xDF, 0x79, 0x7A, 0xBA, 
0x30, 0xAC, 0x69, 0x86, 0x4A, 0xFB, 0x8C, 0x11, 0xBF, 0x1B, 0x8D, 0x54, 
0x59, 0x30, 0x82, 0x05, 0x0F, 0x30, 0x82, 0x03, 0xF7, 0xA0, 0x03, 0x02, 
0x01, 0x02, 0x02, 0x0A, 0x61, 0x07, 0x11, 0x43, 0x00, 0x00, 0x00, 0x00, 
0x00, 0x34, 0x30, 0x0D, 0x06, 0x09, 0x2A, 0x86, 0x48, 0x86, 0xF7, 0x0D, 
0x01, 0x01, 0x05, 0x05, 0x00, 0x30, 0x81, 0xA6, 0x31, 0x0B, 0x30, 0x09, 
0x06, 0x03, 0x55, 0x04, 0x06, 0x13, 0x02, 0x55, 0x53, 0x31, 0x13, 0x30, 
0x11, 0x06, 0x03, 0x55, 0x04, 0x08, 0x13, 0x0A, 0x57, 0x61, 0x73, 0x68, 
0x69, 0x6E, 0x67, 0x74, 0x6F, 0x6E, 0x31, 0x10, 0x30, 0x0E, 0x06, 0x03, 
0x55, 0x04, 0x07, 0x13, 0x07, 0x52, 0x65, 0x64, 0x6D, 0x6F, 0x6E, 0x64, 
0x31, 0x1E, 0x30, 0x1C, 0x06, 0x03, 0x55, 0x04, 0x0A, 0x13, 0x15, 0x4D, 
0x69, 0x63, 0x72, 0x6F, 0x73, 0x6F, 0x66, 0x74, 0x20, 0x43, 0x6F, 0x72, 
0x70, 0x6F, 0x72, 0x61, 0x74, 0x69, 0x6F, 0x6E, 0x31, 0x2B, 0x30, 0x29, 
0x06, 0x03, 0x55, 0x04, 0x0B, 0x13, 0x22, 0x43, 0x6F, 0x70, 0x79, 0x72, 
0x69, 0x67, 0x68, 0x74, 0x20, 0x28, 0x63, 0x29, 0x20, 0x32, 0x30, 0x30, 
0x30, 0x20, 0x4D, 0x69, 0x63, 0x72, 0x6F, 0x73, 0x6F, 0x66, 0x74, 0x20, 
0x43, 0x6F, 0x72, 0x70, 0x2E, 0x31, 0x23, 0x30, 0x21, 0x06, 0x03, 0x55, 
0x04, 0x03, 0x13, 0x1A, 0x4D, 0x69, 0x63, 0x72, 0x6F, 0x73, 0x6F, 0x66, 
0x74, 0x20, 0x43, 0x6F, 0x64, 0x65, 0x20, 0x53, 0x69, 0x67, 0x6E, 0x69, 
0x6E, 0x67, 0x20, 0x50, 0x43, 0x41, 0x30, 0x1E, 0x17, 0x0D, 0x30, 0x32, 
0x30, 0x35, 0x32, 0x35, 0x30, 0x30, 0x35, 0x35, 0x34, 0x38, 0x5A, 0x17, 
0x0D, 0x30, 0x33, 0x31, 0x31, 0x32, 0x35, 0x30, 0x31, 0x30, 0x35, 0x34, 
0x38, 0x5A, 0x30, 0x81, 0xA1, 0x31, 0x0B, 0x30, 0x09, 0x06, 0x03, 0x55, 
0x04, 0x06, 0x13, 0x02, 0x55, 0x53, 0x31, 0x13, 0x30, 0x11, 0x06, 0x03, 
0x55, 0x04, 0x08, 0x13, 0x0A, 0x57, 0x61, 0x73, 0x68, 0x69, 0x6E, 0x67, 
0x74, 0x6F, 0x6E, 0x31, 0x10, 0x30, 0x0E, 0x06, 0x03, 0x55, 0x04, 0x07, 
0x13, 0x07, 0x52, 0x65, 0x64, 0x6D, 0x6F, 0x6E, 0x64, 0x31, 0x1E, 0x30, 
0x1C, 0x06, 0x03, 0x55, 0x04, 0x0A, 0x13, 0x15, 0x4D, 0x69, 0x63, 0x72, 
0x6F, 0x73, 0x6F, 0x66, 0x74, 0x20, 0x43, 0x6F, 0x72, 0x70, 0x6F, 0x72, 
0x61, 0x74, 0x69, 0x6F, 0x6E, 0x31, 0x2B, 0x30, 0x29, 0x06, 0x03, 0x55, 
0x04, 0x0B, 0x13, 0x22, 0x43, 0x6F, 0x70, 0x79, 0x72, 0x69, 0x67, 0x68, 
0x74, 0x20, 0x28, 0x63, 0x29, 0x20, 0x32, 0x30, 0x30, 0x32, 0x20, 0x4D, 
0x69, 0x63, 0x72, 0x6F, 0x73, 0x6F, 0x66, 0x74, 0x20, 0x43, 0x6F, 0x72, 
0x70, 0x2E, 0x31, 0x1E, 0x30, 0x1C, 0x06, 0x03, 0x55, 0x04, 0x03, 0x13, 
0x15, 0x4D, 0x69, 0x63, 0x72, 0x6F, 0x73, 0x6F, 0x66, 0x74, 0x20, 0x43, 
0x6F, 0x72, 0x70, 0x6F, 0x72, 0x61, 0x74, 0x69, 0x6F, 0x6E, 0x30, 0x82, 
0x01, 0x22, 0x30, 0x0D, 0x06, 0x09, 0x2A, 0x86, 0x48, 0x86, 0xF7, 0x0D, 
0x01, 0x01, 0x01, 0x05, 0x00, 0x03, 0x82, 0x01, 0x0F, 0x00, 0x30, 0x82, 
0x01, 0x0A, 0x02, 0x82, 0x01, 0x01, 0x00, 0xAA, 0x99, 0xBD, 0x39, 0xA8, 
0x18, 0x27, 0xF4, 0x2B, 0x3D, 0x0B, 0x4C, 0x3F, 0x7C, 0x77, 0x2E, 0xA7, 
0xCB, 0xB5, 0xD1, 0x8C, 0x0D, 0xC2, 0x3A, 0x74, 0xD7, 0x93, 0xB5, 0xE0, 
0xA0, 0x4B, 0x3F, 0x59, 0x5E, 0xCE, 0x45, 0x4F, 0x9A, 0x79, 0x29, 0xF1, 
0x49, 0xCC, 0x1A, 0x47, 0xEE, 0x55, 0xC2, 0x08, 0x3E, 0x12, 0x20, 0xF8, 
0x55, 0xF2, 0xEE, 0x5F, 0xD3, 0xE0, 0xCA, 0x96, 0xBC, 0x30, 0xDE, 0xFE, 
0x58, 0xC8, 0x27, 0x32, 0xD0, 0x85, 0x54, 0xE8, 0xF0, 0x91, 0x10, 0xBB, 
0xF3, 0x2B, 0xBE, 0x19, 0xE5, 0x03, 0x9B, 0x0B, 0x86, 0x1D, 0xF3, 0xB0, 
0x39, 0x8C, 0xB8, 0xFD, 0x0B, 0x1D, 0x3C, 0x73, 0x26, 0xAC, 0x57, 0x2B, 
0xCA, 0x29, 0xA2, 0x15, 0x90, 0x82, 0x15, 0xE2, 0x77, 0xA3, 0x40, 0x52, 
0x03, 0x8B, 0x9D, 0xC2, 0x70, 0xBA, 0x1F, 0xE9, 0x34, 0xF6, 0xF3, 0x35, 
0x92, 0x4E, 0x55, 0x83, 0xF8, 0xDA, 0x30, 0xB6, 0x20, 0xDE, 0x57, 0x06, 
0xB5, 0x5A, 0x42, 0x06, 0xDE, 0x59, 0xCB, 0xF2, 0xDF, 0xA6, 0xBD, 0x15, 
0x47, 0x71, 0x19, 0x25, 0x23, 0xD2, 0xCB, 0x6F, 0x9B, 0x19, 0x79, 0xDF, 
0x6A, 0x5B, 0xF1, 0x76, 0x05, 0x79, 0x29, 0xFC, 0xC3, 0x56, 0xCA, 0x8F, 
0x44, 0x08, 0x85, 0x55, 0x8A, 0xCB, 0xC8, 0x0F, 0x46, 0x4B, 0x55, 0xCB, 
0x8C, 0x96, 0x77, 0x4A, 0x87, 0xE8, 0xA9, 0x41, 0x06, 0xC7, 0xFF, 0x0D, 
0xE9, 0x68, 0x57, 0x63, 0x72, 0xC3, 0x69, 0x57, 0xB4, 0x43, 0xCF, 0x32, 
0x3A, 0x30, 0xDC, 0x1B, 0xE9, 0xD5, 0x43, 0x26, 0x2A, 0x79, 0xFE, 0x95, 
0xDB, 0x22, 0x67, 0x24, 0xC9, 0x2F, 0xD0, 0x34, 0xE3, 0xE6, 0xFB, 0x51, 
0x49, 0x86, 0xB8, 0x3C, 0xD0, 0x25, 0x5F, 0xD6, 0xEC, 0x9E, 0x03, 0x61, 
0x87, 0xA9, 0x68, 0x40, 0xC7, 0xF8, 0xE2, 0x03, 0xE6, 0xCF, 0x05, 0x02, 
0x03, 0x01, 0x00, 0x01, 0xA3, 0x82, 0x01, 0x40, 0x30, 0x82, 0x01, 0x3C, 
0x30, 0x0E, 0x06, 0x03, 0x55, 0x1D, 0x0F, 0x01, 0x01, 0xFF, 0x04, 0x04, 
0x03, 0x02, 0x06, 0xC0, 0x30, 0x13, 0x06, 0x03, 0x55, 0x1D, 0x25, 0x04, 
0x0C, 0x30, 0x0A, 0x06, 0x08, 0x2B, 0x06, 0x01, 0x05, 0x05, 0x07, 0x03, 
0x03, 0x30, 0x1D, 0x06, 0x03, 0x55, 0x1D, 0x0E, 0x04, 0x16, 0x04, 0x14, 
0x6B, 0xC8, 0xC6, 0x51, 0x20, 0xF0, 0xB4, 0x2F, 0xD3, 0xA0, 0xB6, 0xAE, 
0x7F, 0x5E, 0x26, 0xB2, 0xB8, 0x87, 0x52, 0x29, 0x30, 0x81, 0xA9, 0x06, 
0x03, 0x55, 0x1D, 0x23, 0x04, 0x81, 0xA1, 0x30, 0x81, 0x9E, 0x80, 0x14, 
0x29, 0x5C, 0xB9, 0x1B, 0xB6, 0xCD, 0x33, 0xEE, 0xBB, 0x9E, 0x59, 0x7D, 
0xF7, 0xE5, 0xCA, 0x2E, 0xC4, 0x0D, 0x34, 0x28, 0xA1, 0x74, 0xA4, 0x72, 
0x30, 0x70, 0x31, 0x2B, 0x30, 0x29, 0x06, 0x03, 0x55, 0x04, 0x0B, 0x13, 
0x22, 0x43, 0x6F, 0x70, 0x79, 0x72, 0x69, 0x67, 0x68, 0x74, 0x20, 0x28, 
0x63, 0x29, 0x20, 0x31, 0x39, 0x39, 0x37, 0x20, 0x4D, 0x69, 0x63, 0x72, 
0x6F, 0x73, 0x6F, 0x66, 0x74, 0x20, 0x43, 0x6F, 0x72, 0x70, 0x2E, 0x31, 
0x1E, 0x30, 0x1C, 0x06, 0x03, 0x55, 0x04, 0x0B, 0x13, 0x15, 0x4D, 0x69, 
0x63, 0x72, 0x6F, 0x73, 0x6F, 0x66, 0x74, 0x20, 0x43, 0x6F, 0x72, 0x70, 
0x6F, 0x72, 0x61, 0x74, 0x69, 0x6F, 0x6E, 0x31, 0x21, 0x30, 0x1F, 0x06, 
0x03, 0x55, 0x04, 0x03, 0x13, 0x18, 0x4D, 0x69, 0x63, 0x72, 0x6F, 0x73, 
0x6F, 0x66, 0x74, 0x20, 0x52, 0x6F, 0x6F, 0x74, 0x20, 0x41, 0x75, 0x74, 
0x68, 0x6F, 0x72, 0x69, 0x74, 0x79, 0x82, 0x10, 0x6A, 0x0B, 0x99, 0x4F, 
0xC0, 0x00, 0xDE, 0xAA, 0x11, 0xD4, 0xD8, 0x40, 0x9A, 0xA8, 0xBE, 0xE6, 
0x30, 0x4A, 0x06, 0x03, 0x55, 0x1D, 0x1F, 0x04, 0x43, 0x30, 0x41, 0x30, 
0x3F, 0xA0, 0x3D, 0xA0, 0x3B, 0x86, 0x39, 0x68, 0x74, 0x74, 0x70, 0x3A, 
0x2F, 0x2F, 0x63, 0x72, 0x6C, 0x2E, 0x6D, 0x69, 0x63, 0x72, 0x6F, 0x73, 
0x6F, 0x66, 0x74, 0x2E, 0x63, 0x6F, 0x6D, 0x2F, 0x70, 0x6B, 0x69, 0x2F, 
0x63, 0x72, 0x6C, 0x2F, 0x70, 0x72, 0x6F, 0x64, 0x75, 0x63, 0x74, 0x73, 
0x2F, 0x43, 0x6F, 0x64, 0x65, 0x53, 0x69, 0x67, 0x6E, 0x50, 0x43, 0x41, 
0x2E, 0x63, 0x72, 0x6C, 0x30, 0x0D, 0x06, 0x09, 0x2A, 0x86, 0x48, 0x86, 
0xF7, 0x0D, 0x01, 0x01, 0x05, 0x05, 0x00, 0x03, 0x82, 0x01, 0x01, 0x00, 
0x35, 0x23, 0xFD, 0x13, 0x54, 0xFC, 0xE9, 0xDC, 0xF0, 0xDD, 0x0C, 0x14, 
0x7A, 0xFA, 0xA7, 0xB3, 0xCE, 0xFD, 0xA7, 0x3A, 0xC8, 0xBA, 0xE5, 0xE7, 
0xF6, 0x03, 0xFB, 0x53, 0xDB, 0xA7, 0x99, 0xA9, 0xA0, 0x9B, 0x36, 0x9C, 
0x03, 0xEB, 0x82, 0x47, 0x1C, 0x21, 0xBD, 0x14, 0xCB, 0xE7, 0x67, 0x40, 
0x09, 0xC7, 0x16, 0x91, 0x02, 0x55, 0xCE, 0x43, 0x42, 0xB4, 0xCD, 0x1B, 
0x5D, 0xB0, 0xF3, 0x32, 0x04, 0x3D, 0x12, 0xE5, 0x1D, 0xA7, 0x07, 0xA7, 
0x8F, 0xA3, 0x7E, 0x45, 0x55, 0x76, 0x1B, 0x96, 0x95, 0x91, 0x69, 0xF0, 
0xDD, 0x38, 0xF3, 0x48, 0x89, 0xEF, 0x70, 0x40, 0xB7, 0xDB, 0xB5, 0x55, 
0x80, 0xC0, 0x03, 0xC4, 0x2E, 0xB6, 0x28, 0xDC, 0x0A, 0x82, 0x0E, 0xC7, 
0x43, 0xE3, 0x7A, 0x48, 0x5D, 0xB8, 0x06, 0x89, 0x92, 0x40, 0x6C, 0x6E, 
0xC5, 0xDC, 0xF8, 0x9A, 0xEF, 0x0B, 0xBE, 0x21, 0x0A, 0x8C, 0x2F, 0x3A, 
0xB5, 0xED, 0xA7, 0xCE, 0x71, 0x87, 0x68, 0x23, 0xE1, 0xB3, 0xE4, 0x18, 
0x7D, 0xB8, 0x47, 0x01, 0xA5, 0x2B, 0xC4, 0x58, 0xCB, 0xB2, 0x89, 0x6C, 
0x5F, 0xFD, 0xD3, 0x2C, 0xC4, 0x6F, 0xB8, 0x23, 0xB2, 0x0D, 0xFF, 0x3C, 
0xF2, 0x11, 0x45, 0x74, 0xF2, 0x09, 0x06, 0x99, 0x18, 0xDD, 0x6F, 0xC0, 
0x86, 0x01, 0x18, 0x12, 0x1D, 0x2B, 0x16, 0xAF, 0x56, 0xEF, 0x65, 0x33, 
0xA1, 0xEA, 0x67, 0x4E, 0xF4, 0x4B, 0x82, 0xAB, 0xE9, 0x0F, 0xDC, 0x01, 
0xFA, 0xDF, 0x60, 0x7F, 0x66, 0x47, 0x5D, 0xCB, 0x2C, 0x70, 0xCC, 0x7B, 
0x4E, 0xD9, 0x06, 0xB8, 0x6E, 0x8C, 0x0C, 0xFE, 0x62, 0x1E, 0x42, 0xF9, 
0x93, 0x7C, 0xA2, 0xAB, 0x0A, 0x9E, 0xD0, 0x23, 0x10, 0xAE, 0x4D, 0x7B, 
0x27, 0x91, 0x6F, 0x26, 0xBE, 0x68, 0xFA, 0xA6, 0x3F, 0x9F, 0x23, 0xEB, 
0xC8, 0x9D, 0xBB, 0x87, 0x31, 0x82, 0x05, 0x21, 0x30, 0x82, 0x05, 0x1D, 
0x02, 0x01, 0x01, 0x30, 0x81, 0xB5, 0x30, 0x81, 0xA6, 0x31, 0x0B, 0x30, 
0x09, 0x06, 0x03, 0x55, 0x04, 0x06, 0x13, 0x02, 0x55, 0x53, 0x31, 0x13, 
0x30, 0x11, 0x06, 0x03, 0x55, 0x04, 0x08, 0x13, 0x0A, 0x57, 0x61, 0x73, 
0x68, 0x69, 0x6E, 0x67, 0x74, 0x6F, 0x6E, 0x31, 0x10, 0x30, 0x0E, 0x06, 
0x03, 0x55, 0x04, 0x07, 0x13, 0x07, 0x52, 0x65, 0x64, 0x6D, 0x6F, 0x6E, 
0x64, 0x31, 0x1E, 0x30, 0x1C, 0x06, 0x03, 0x55, 0x04, 0x0A, 0x13, 0x15, 
0x4D, 0x69, 0x63, 0x72, 0x6F, 0x73, 0x6F, 0x66, 0x74, 0x20, 0x43, 0x6F, 
0x72, 0x70, 0x6F, 0x72, 0x61, 0x74, 0x69, 0x6F, 0x6E, 0x31, 0x2B, 0x30, 
0x29, 0x06, 0x03, 0x55, 0x04, 0x0B, 0x13, 0x22, 0x43, 0x6F, 0x70, 0x79, 
0x72, 0x69, 0x67, 0x68, 0x74, 0x20, 0x28, 0x63, 0x29, 0x20, 0x32, 0x30, 
0x30, 0x30, 0x20, 0x4D, 0x69, 0x63, 0x72, 0x6F, 0x73, 0x6F, 0x66, 0x74, 
0x20, 0x43, 0x6F, 0x72, 0x70, 0x2E, 0x31, 0x23, 0x30, 0x21, 0x06, 0x03, 
0x55, 0x04, 0x03, 0x13, 0x1A, 0x4D, 0x69, 0x63, 0x72, 0x6F, 0x73, 0x6F, 
0x66, 0x74, 0x20, 0x43, 0x6F, 0x64, 0x65, 0x20, 0x53, 0x69, 0x67, 0x6E, 
0x69, 0x6E, 0x67, 0x20, 0x50, 0x43, 0x41, 0x02, 0x0A, 0x61, 0x07, 0x11, 
0x43, 0x00, 0x00, 0x00, 0x00, 0x00, 0x34, 0x30, 0x0C, 0x06, 0x08, 0x2A, 
0x86, 0x48, 0x86, 0xF7, 0x0D, 0x02, 0x05, 0x05, 0x00, 0xA0, 0x81, 0xEE, 
0x30, 0x14, 0x06, 0x09, 0x2B, 0x06, 0x01, 0x04, 0x01, 0x82, 0x37, 0x28, 
0x01, 0x31, 0x07, 0x03, 0x05, 0x00, 0x03, 0x00, 0x00, 0x00, 0x30, 0x19, 
0x06, 0x09, 0x2A, 0x86, 0x48, 0x86, 0xF7, 0x0D, 0x01, 0x09, 0x03, 0x31, 
0x0C, 0x06, 0x0A, 0x2B, 0x06, 0x01, 0x04, 0x01, 0x82, 0x37, 0x02, 0x01, 
0x04, 0x30, 0x1C, 0x06, 0x0A, 0x2B, 0x06, 0x01, 0x04, 0x01, 0x82, 0x37, 
0x02, 0x01, 0x0B, 0x31, 0x0E, 0x30, 0x0C, 0x06, 0x0A, 0x2B, 0x06, 0x01, 
0x04, 0x01, 0x82, 0x37, 0x02, 0x01, 0x15, 0x30, 0x1F, 0x06, 0x09, 0x2A, 
0x86, 0x48, 0x86, 0xF7, 0x0D, 0x01, 0x09, 0x04, 0x31, 0x12, 0x04, 0x10, 
0xE2, 0x42, 0xCA, 0x3C, 0x41, 0xAE, 0x93, 0x6E, 0x3D, 0xBB, 0x50, 0xDB, 
0x4E, 0xDD, 0xF9, 0xC3, 0x30, 0x7C, 0x06, 0x0A, 0x2B, 0x06, 0x01, 0x04, 
0x01, 0x82, 0x37, 0x02, 0x01, 0x0C, 0x31, 0x6E, 0x30, 0x6C, 0xA0, 0x42, 
0x80, 0x40, 0x00, 0x41, 0x00, 0x67, 0x00, 0x65, 0x00, 0x6E, 0x00, 0x63, 
0x00, 0x79, 0x00, 0x20, 0x00, 0x46, 0x00, 0x42, 0x00, 0x20, 0x00, 0x42, 
0x00, 0x6F, 0x00, 0x6C, 0x00, 0x64, 0x00, 0x20, 0x00, 0x46, 0x00, 0x6F, 
0x00, 0x6E, 0x00, 0x74, 0x00, 0x20, 0x00, 0x56, 0x00, 0x65, 0x00, 0x72, 
0x00, 0x73, 0x00, 0x69, 0x00, 0x6F, 0x00, 0x6E, 0x00, 0x20, 0x00, 0x31, 
0x00, 0x2E, 0x00, 0x30, 0x00, 0x31, 0xA1, 0x26, 0x80, 0x24, 0x68, 0x74, 
0x74, 0x70, 0x3A, 0x2F, 0x2F, 0x77, 0x77, 0x77, 0x2E, 0x6D, 0x69, 0x63, 
0x72, 0x6F, 0x73, 0x6F, 0x66, 0x74, 0x2E, 0x63, 0x6F, 0x6D, 0x2F, 0x74, 
0x79, 0x70, 0x6F, 0x67, 0x72, 0x61, 0x70, 0x68, 0x79, 0x20, 0x30, 0x0D, 
0x06, 0x09, 0x2A, 0x86, 0x48, 0x86, 0xF7, 0x0D, 0x01, 0x01, 0x01, 0x05, 
0x00, 0x04, 0x82, 0x01, 0x00, 0x6F, 0x31, 0x3C, 0x0E, 0x44, 0x85, 0x29, 
0xC5, 0x6C, 0x8C, 0x0D, 0x01, 0x3B, 0xF8, 0xD2, 0x5D, 0x88, 0xD2, 0x6E, 
0x0B, 0xCD, 0x23, 0x2B, 0x5A, 0xC4, 0x6A, 0xE1, 0x4C, 0x9F, 0x9E, 0x11, 
0x4D, 0x11, 0xE5, 0xFC, 0x0B, 0x4A, 0x3E, 0xCD, 0x3D, 0x1C, 0xD5, 0x9B, 
0xE3, 0x19, 0x57, 0xB3, 0xC1, 0x3C, 0x6B, 0x1B, 0x7E, 0xDD, 0xE4, 0xB7, 
0x07, 0xD7, 0xB1, 0xF5, 0x75, 0x7C, 0x5A, 0x20, 0x45, 0x70, 0x7E, 0xDB, 
0x05, 0x19, 0x59, 0xE8, 0xC1, 0x55, 0xDB, 0x1E, 0x32, 0xE3, 0xE5, 0x15, 
0x6C, 0xA3, 0xAD, 0xB4, 0x32, 0xC7, 0xEB, 0x3F, 0x42, 0x8F, 0xB0, 0x62, 
0x7E, 0x9F, 0x50, 0xD4, 0xF0, 0xCE, 0xDE, 0x2A, 0xAD, 0x55, 0x97, 0x0B, 
0xDB, 0x6D, 0x97, 0x08, 0xE2, 0x0B, 0xEC, 0x66, 0xD5, 0x71, 0xCD, 0xFB, 
0x6B, 0xA6, 0x06, 0xCA, 0xD1, 0xFD, 0xEA, 0xB6, 0xA6, 0xC4, 0x4A, 0xF3, 
0xB3, 0xE0, 0x3C, 0x87, 0xB9, 0xCF, 0x73, 0x71, 0x2F, 0x12, 0xC8, 0x3F, 
0x4F, 0xEF, 0x9A, 0x7F, 0xA8, 0x14, 0xBA, 0x5D, 0xB6, 0x6A, 0x83, 0x4B, 
0x84, 0x29, 0x78, 0xD3, 0x30, 0x5C, 0x37, 0xD6, 0x71, 0x8D, 0xEE, 0x35, 
0xBE, 0x68, 0x58, 0x2F, 0x93, 0x8E, 0xE8, 0xEE, 0x14, 0x21, 0xC2, 0x64, 
0xBF, 0x92, 0x73, 0x52, 0xEF, 0xFA, 0xDA, 0x5E, 0x58, 0x51, 0x7F, 0x62, 
0x51, 0xEB, 0xFF, 0x6E, 0x41, 0xBE, 0x36, 0x43, 0xBB, 0x72, 0x08, 0x31, 
0xBB, 0x61, 0xED, 0x01, 0x89, 0xAD, 0x91, 0x76, 0xCE, 0x38, 0xC3, 0x62, 
0xAD, 0xC8, 0x4E, 0xB4, 0x7C, 0x44, 0x15, 0xCC, 0x34, 0x45, 0xA5, 0x25, 
0x09, 0x2B, 0xF8, 0x3C, 0x3C, 0x21, 0x11, 0xB5, 0x98, 0xA4, 0xD1, 0x03, 
0x68, 0x97, 0x03, 0x4A, 0xBF, 0xE8, 0xCB, 0x87, 0x2F, 0xE6, 0xF6, 0xB1, 
0xB4, 0x0B, 0x9C, 0xA5, 0x28, 0x6F, 0x3E, 0x44, 0x9B, 0xA1, 0x82, 0x02, 
0x4C, 0x30, 0x82, 0x02, 0x48, 0x06, 0x09, 0x2A, 0x86, 0x48, 0x86, 0xF7, 
0x0D, 0x01, 0x09, 0x06, 0x31, 0x82, 0x02, 0x39, 0x30, 0x82, 0x02, 0x35, 
0x02, 0x01, 0x01, 0x30, 0x81, 0xB3, 0x30, 0x81, 0x9E, 0x31, 0x1F, 0x30, 
0x1D, 0x06, 0x03, 0x55, 0x04, 0x0A, 0x13, 0x16, 0x56, 0x65, 0x72, 0x69, 
0x53, 0x69, 0x67, 0x6E, 0x20, 0x54, 0x72, 0x75, 0x73, 0x74, 0x20, 0x4E, 
0x65, 0x74, 0x77, 0x6F, 0x72, 0x6B, 0x31, 0x17, 0x30, 0x15, 0x06, 0x03, 
0x55, 0x04, 0x0B, 0x13, 0x0E, 0x56, 0x65, 0x72, 0x69, 0x53, 0x69, 0x67, 
0x6E, 0x2C, 0x20, 0x49, 0x6E, 0x63, 0x2E, 0x31, 0x2C, 0x30, 0x2A, 0x06, 
0x03, 0x55, 0x04, 0x0B, 0x13, 0x23, 0x56, 0x65, 0x72, 0x69, 0x53, 0x69, 
0x67, 0x6E, 0x20, 0x54, 0x69, 0x6D, 0x65, 0x20, 0x53, 0x74, 0x61, 0x6D, 
0x70, 0x69, 0x6E, 0x67, 0x20, 0x53, 0x65, 0x72, 0x76, 0x69, 0x63, 0x65, 
0x20, 0x52, 0x6F, 0x6F, 0x74, 0x31, 0x34, 0x30, 0x32, 0x06, 0x03, 0x55, 
0x04, 0x0B, 0x13, 0x2B, 0x4E, 0x4F, 0x20, 0x4C, 0x49, 0x41, 0x42, 0x49, 
0x4C, 0x49, 0x54, 0x59, 0x20, 0x41, 0x43, 0x43, 0x45, 0x50, 0x54, 0x45, 
0x44, 0x2C, 0x20, 0x28, 0x63, 0x29, 0x39, 0x37, 0x20, 0x56, 0x65, 0x72, 
0x69, 0x53, 0x69, 0x67, 0x6E, 0x2C, 0x20, 0x49, 0x6E, 0x63, 0x2E, 0x02, 
0x10, 0x08, 0x7A, 0x6D, 0x5C, 0x6F, 0x62, 0x93, 0x4F, 0xBA, 0xC4, 0xFD, 
0x43, 0xE1, 0x14, 0x18, 0x9D, 0x30, 0x0C, 0x06, 0x08, 0x2A, 0x86, 0x48, 
0x86, 0xF7, 0x0D, 0x02, 0x05, 0x05, 0x00, 0xA0, 0x59, 0x30, 0x18, 0x06, 
0x09, 0x2A, 0x86, 0x48, 0x86, 0xF7, 0x0D, 0x01, 0x09, 0x03, 0x31, 0x0B, 
0x06, 0x09, 0x2A, 0x86, 0x48, 0x86, 0xF7, 0x0D, 0x01, 0x07, 0x01, 0x30, 
0x1C, 0x06, 0x09, 0x2A, 0x86, 0x48, 0x86, 0xF7, 0x0D, 0x01, 0x09, 0x05, 
0x31, 0x0F, 0x17, 0x0D, 0x30, 0x32, 0x31, 0x31, 0x31, 0x39, 0x31, 0x37, 
0x34, 0x32, 0x35, 0x39, 0x5A, 0x30, 0x1F, 0x06, 0x09, 0x2A, 0x86, 0x48, 
0x86, 0xF7, 0x0D, 0x01, 0x09, 0x04, 0x31, 0x12, 0x04, 0x10, 0x52, 0xEF, 
0x41, 0x09, 0x4E, 0x31, 0xB4, 0xF3, 0xB1, 0x5A, 0x53, 0xBE, 0x2A, 0x3C, 
0xC1, 0x54, 0x30, 0x0D, 0x06, 0x09, 0x2A, 0x86, 0x48, 0x86, 0xF7, 0x0D, 
0x01, 0x01, 0x01, 0x05, 0x00, 0x04, 0x82, 0x01, 0x00, 0xB5, 0x61, 0x51, 
0x72, 0x54, 0x30, 0xE8, 0xF9, 0x72, 0xCC, 0x2B, 0x6C, 0x58, 0x2F, 0x44, 
0x88, 0x04, 0x53, 0x12, 0x27, 0xCE, 0xD4, 0x8D, 0x9F, 0xA0, 0x1D, 0xE9, 
0x96, 0x23, 0x01, 0xEC, 0x81, 0x0A, 0xCD, 0xBF, 0x66, 0x0E, 0xE0, 0x61, 
0x95, 0x4C, 0xFC, 0x4F, 0x94, 0x2D, 0x8B, 0xFB, 0xDF, 0x2D, 0x17, 0xD3, 
0xDF, 0x41, 0x66, 0xD2, 0x66, 0x4B, 0x28, 0x26, 0xCA, 0x35, 0xC6, 0x95, 
0x27, 0x8B, 0xC3, 0xE3, 0xA5, 0x28, 0x19, 0x51, 0x8D, 0xB4, 0x72, 0xDF, 
0x48, 0xF7, 0xE3, 0x29, 0xC0, 0x5A, 0xAC, 0xDC, 0xDE, 0xB7, 0x70, 0xDB, 
0x61, 0x7E, 0x97, 0x98, 0x83, 0x06, 0x6E, 0xBE, 0xA1, 0xD2, 0xF4, 0xC1, 
0xFA, 0x61, 0x5A, 0x24, 0x93, 0x2E, 0x84, 0x91, 0xFC, 0xD0, 0x02, 0xBB, 
0xF0, 0xE5, 0x88, 0x13, 0x0D, 0x1A, 0x30, 0xDF, 0x3A, 0xD8, 0x51, 0x68, 
0x18, 0x6D, 0x2E, 0x4E, 0xC6, 0x13, 0x71, 0xD3, 0x34, 0x86, 0xBA, 0x1A, 
0x70, 0x2A, 0xB6, 0x53, 0xDA, 0x49, 0xFD, 0x82, 0x78, 0x43, 0x51, 0x87, 
0x46, 0xF2, 0x0B, 0x6C, 0xE9, 0x1F, 0x66, 0xE2, 0x1A, 0x67, 0x7C, 0xC0, 
0xF5, 0xE9, 0xDA, 0x19, 0x61, 0xDE, 0x1A, 0xB1, 0x6B, 0xBD, 0x46, 0xCE, 
0xB7, 0x7A, 0x19, 0x53, 0x25, 0x54, 0xF0, 0x20, 0xE5, 0xAE, 0x42, 0xA4, 
0x8B, 0x30, 0xE4, 0xF1, 0xF0, 0x9A, 0xED, 0xAD, 0xF7, 0x04, 0x00, 0xC5, 
0xA8, 0x9C, 0x76, 0x21, 0x7C, 0x58, 0x4C, 0xED, 0x95, 0xEA, 0xDC, 0xB0, 
0x2F, 0x1B, 0x94, 0x61, 0xB2, 0xB1, 0xBF, 0xBF, 0x8C, 0x4A, 0x03, 0x77, 
0x17, 0x21, 0xCD, 0x7E, 0x15, 0xC4, 0x50, 0xA0, 0x2C, 0x0A, 0x63, 0xCF, 
0xA2, 0x75, 0xF9, 0x1C, 0x9F, 0x6E, 0x3F, 0xD5, 0x7F, 0x62, 0x6F, 0x2C, 
0x4B, 0xA6, 0xAF, 0xFA, 0x6C, 0x7A, 0x1E, 0x98, 0xA0, 0x7B, 0x6F, 0x22, 
0x29, 0x00, 0x00, 0x00, 
}};

const unsigned int AgencyFB_Bold_len = 49624;
